Job ID,Job URL,Job Title,Company Name,Status,Timestamp,WP ID
63118fa65d5ef968,https://mc.linkedin.com/jobs/view/fleuriste-4436962069,Fleuriste,Fleuriste,posted,2026-07-07T00:54:51.697215,17
73de9d1b34c47eb2,https://mc.linkedin.com/jobs/view/logistics-category-buyer-at-sbm-offshore-4409990189,Logistics Category Buyer,,scraped,2026-07-07T00:54:54.472451,
8cf8f5381fde9860,https://mc.linkedin.com/jobs/view/administrateur-trice-bfc-dvt-rpa-uipath-at-novares-group-4435540098,Administrateur/trice BFC & Dvt  RPA (UiPath),,scraped,2026-07-07T00:55:01.787079,
5f6107e9bee8d521,https://mc.linkedin.com/jobs/view/preparateur-vn-vo-at-protech%C2%AE-monte-carlo-4437138987,Preparateur VN/VO,,scraped,2026-07-07T00:55:09.134759,
086d33c923704fba,https://mc.linkedin.com/jobs/view/tailor-in-store-at-brunello-cucinelli-4435549244,Tailor in Store,Brunello Cucinelli,posted,2026-07-07T00:55:28.353250,19
8b4fd3534bc70ffc,https://mc.linkedin.com/jobs/view/comptable-h-f-at-masalex-conseil-4437164395,Comptable h/f,,scraped,2026-07-07T00:55:30.951326,
f4373a6f2f46cf0b,https://mc.linkedin.com/jobs/view/contr%C3%B4leur-de-gestion-h-f-at-beyond-potentials-4435235655,Contrôleur de Gestion H/F,,scraped,2026-07-07T00:55:39.448774,
b1dbf14c51735be5,https://mc.linkedin.com/jobs/view/pilote-ec-155-4437133983,Pilote EC 155,Groupe Hélisécurité Monacair,posted,2026-07-07T00:55:54.414893,21
b5d596b375bd1ea6,https://mc.linkedin.com/jobs/view/member-of-the-board-of-advisors-at-westfield-fc-4436080000,Member of the Board of Advisors,,scraped,2026-07-07T00:55:57.033439,
aaeb66ffec18b22d,https://mc.linkedin.com/jobs/view/private-jets-sales-consultant-42-000-%E2%82%AC-par-an-%2B-10-%25-de-commission-at-air-charter-service-4435453725,"Private Jets Sales Consultant - 42,000 € par an + 10 % de commission",,scraped,2026-07-07T00:56:04.364810,
b9115fa5b0c6457e,https://fr.linkedin.com/jobs/view/barman-barmaid-cdi-at-le-domaine-du-mas-de-pierre-4436383032,Barman/Barmaid CDI,,scraped,2026-07-07T00:56:10.832487,
d8ff78c7a47dedc0,https://fr.linkedin.com/jobs/view/barman-barmaid-at-nikki-beach-hospitality-group-4435106262,Barman/Barmaid,Nikki Beach Hospitality Group,posted,2026-07-07T00:56:24.967194,23
f2053dc80c05b4bc,https://fr.linkedin.com/jobs/view/job-%C3%A9tudiant-professeur-particulier-t%C3%A9l%C3%A9travail-possible-at-tus-media-4436203343,Job étudiant - Professeur Particulier - Télétravail possible,TUS Media,posted,2026-07-07T00:58:17.264192,25
717edfc2a5501d5b,https://mc.linkedin.com/jobs/view/client-development-manager-h-f-%E2%80%93-monaco-cdi-at-christian-dior-couture-4426356448,Client Development Manager (H/F) – Monaco - CDI,,scraped,2026-07-07T00:58:19.891010,
cf3911f2da5200a4,https://fr.linkedin.com/jobs/view/responsable-client%C3%A8le-copropri%C3%A9t%C3%A9-f-h-at-emeria-technologies-4436955514,Responsable Clientèle Copropriété F/H,,scraped,2026-07-07T00:58:26.942311,
f7fac515435f9f0a,https://fr.linkedin.com/jobs/view/charg%C3%A9-e-du-conseil-d%E2%80%99administration-at-universit%C3%A9-c%C3%B4te-d-azur-4436307347,Chargé/e du Conseil d’Administration,Université Côte d’Azur,posted,2026-07-07T00:58:42.507715,27
a38743e293949fb6,https://fr.linkedin.com/jobs/view/n%C3%A9gociateur-en-immobilier-at-mytotem-4436717150,Négociateur en immobilier,,scraped,2026-07-07T00:58:45.121822,
64d51686f871e6f2,https://fr.linkedin.com/jobs/view/responsable-de-magasin-nice-h-f-at-balibaris-4432366738,Responsable de magasin- Nice - H/F,,scraped,2026-07-07T00:58:54.390881,
4a0627cc4d9963b0,https://mc.linkedin.com/jobs/view/financial-analyst-investment-banking-at-mercor-4434319516,Financial Analyst Investment Banking,Mercor,posted,2026-07-07T00:59:09.837602,29
dcf3a48153b52676,https://fr.linkedin.com/jobs/view/secr%C3%A9taire-juridique-h-f-at-masalex-conseil-4437157724,Secrétaire juridique h/f,,scraped,2026-07-07T00:59:12.459713,
374eaa2e12930fd4,https://mc.linkedin.com/jobs/view/marketing-assistant-intern-at-adom-4436733205,Marketing Assistant Intern,,scraped,2026-07-07T00:59:20.147441,
8188e6680ee1c59b,https://fr.linkedin.com/jobs/view/secr%C3%A9taire-administratif-et-d%E2%80%99accueil-h-f-at-lna-sant%C3%A9-4436365827,Secrétaire Administratif et d’Accueil H/F,LNA Santé,posted,2026-07-07T01:00:04.246232,31
b4f4774dd4fbdc84,https://fr.linkedin.com/jobs/view/assistant-e-commercial-e-h-f-at-volkswagen-group-retail-france-4397297108,Assistant.e Commercial.e (H/F),,scraped,2026-07-07T01:00:07.020238,
92dc8ed1138d7a94,https://mc.linkedin.com/jobs/view/assistant-e-administratif-ve-at-fimexco-sam-4422973359,Assistant(e) administratif(ve),,scraped,2026-07-07T01:00:13.989896,
ec639687692197a1,https://fr.linkedin.com/jobs/view/conseiller%C2%B7e-immobilier-transaction-at-orpi-4437113146,Conseiller·e immobilier transaction,,scraped,2026-07-07T01:00:28.352709,
61741c918ead1c3c,https://fr.linkedin.com/jobs/view/bras-droit-yacht-broker-partenariats-at-bedboat-4433102856,Bras Droit Yacht Broker & Partenariats,,scraped,2026-07-07T01:00:35.764078,
e39371fdae5b383c,https://fr.linkedin.com/jobs/view/cadre-d%E2%80%99un-secteur-d%E2%80%99achats-publics-domaine-m%C3%A9dical-at-h%C3%B4pital-d-antibes-4433752240,Cadre d’un secteur d’achats publics Domaine médical,,scraped,2026-07-07T01:00:42.122298,
0518b8725ed1a4ff,https://fr.linkedin.com/jobs/view/m%C3%A9diateur-la-poste-h-f-at-association-paje-pasteur-avenir-jeunesse-4434662734,Médiateur la Poste H/F,,scraped,2026-07-07T01:01:53.776486,
07ddf7250db5682c,https://mc.linkedin.com/jobs/view/commis-de-salle-h-f-at-giraudi-group-4435853050,Commis de Salle (H/F),,scraped,2026-07-07T01:02:09.106745,
b49421dbbadd4e6d,https://fr.linkedin.com/jobs/view/livreur-installateur-mat%C3%A9riel-m%C3%A9dical-h-f-at-bastide-le-confort-medical-4436088960,Livreur Installateur - Matériel Médical H/F,,scraped,2026-07-07T01:02:17.726657,
b53617f83e075f24,https://fr.linkedin.com/jobs/view/accueil-en-copropri%C3%A9t%C3%A9-%C3%A0-mi-temps-at-groupe-protector-4436213270,Accueil en copropriété à mi-temps,GROUPE PROTECTOR,posted,2026-07-07T01:03:04.297535,33
60108dd8c026bbc4,https://fr.linkedin.com/jobs/view/assistant-du-responsable-informatique-en-alternance-h-f-at-groupe-barri%C3%A8re-4433183165,Assistant du Responsable Informatique en alternance (H/F),,scraped,2026-07-07T01:03:06.950607,
33200f546ef3d471,https://fr.linkedin.com/jobs/view/responsable-du-pole-deploiement-de-l%E2%80%99offre-de-formation-%C2%A0-at-universit%C3%A9-c%C3%B4te-d-azur-4431954479,Responsable du pole deploiement de l’offre de formation,Université Côte d’Azur,posted,2026-07-07T01:03:23.675994,35
8780e61b8ea8bfa5,https://fr.linkedin.com/jobs/view/r%C3%A9ceptionniste-de-nuit-at-sohoma-4437489465,Réceptionniste de nuit,,scraped,2026-07-07T01:03:26.346310,
8ad10c0e39ccc70a,https://fr.linkedin.com/jobs/view/alternance-concierge-at-le-domaine-du-mas-de-pierre-4436381063,Alternance - Concierge,,scraped,2026-07-07T01:03:33.487745,
220d70dce4bd0432,https://fr.linkedin.com/jobs/view/conseiller-de-vente-temps-partiel-nice-h-f-at-balibaris-4432366740,Conseiller de vente - Temps partiel - Nice - H/F,,scraped,2026-07-07T01:03:42.197208,
081dc5816b0edfa3,https://mc.linkedin.com/jobs/view/assistant-e-polyvalent-e-at-c-i-c-immobilier-monte-carlo-sotheby-s-international-realty-4437191713,Assistant(e) Polyvalent(e),,scraped,2026-07-07T01:03:48.697770,
a86a6cccca834db8,https://fr.linkedin.com/jobs/view/coordinateur-op%C3%A9rations-guest-experience-at-bedboat-4433117006,Coordinateur Opérations & Guest Experience,,scraped,2026-07-07T01:04:59.581895,
4b0af06cfeceb870,https://mc.linkedin.com/jobs/view/ma%C3%AEtre-d-h%C3%B4tel-h-f-at-giraudi-group-4435843546,Maître d'Hôtel (H/F),Giraudi Group,posted,2026-07-07T01:07:43.232169,37
f4c1d9bf50c6112a,https://mc.linkedin.com/jobs/view/d%C3%A9veloppeur-ibexa-h-f-at-infotel-monaco-sam-4436323524,Développeur IBEXA H/F,,scraped,2026-07-07T01:07:45.811355,
5b14282fcf0e2b9c,https://mc.linkedin.com/jobs/view/quality-assurance-claims-manager-responsable-qualite-litiges-at-giraudi-group-4436375702,QUALITY ASSURANCE & CLAIMS MANAGER - RESPONSABLE QUALITE & LITIGES,,scraped,2026-07-07T01:07:55.798851,
f2e9c2e3785def1c,https://mc.linkedin.com/jobs/view/stream-processing-engineer-apache-flink-internals-remote-work-ref%23294344-at-bairesdev-4426552505,Stream Processing Engineer (Apache Flink Internals) - Remote Work | REF#294344,,scraped,2026-07-07T01:08:02.386837,
c7012c8e9161b820,https://mc.linkedin.com/jobs/view/distributed-storage-engineer-apache-ozone-internals-remote-work-ref%23294436-at-bairesdev-4426554424,Distributed Storage Engineer (Apache Ozone Internals) - Remote Work | REF#294436,,scraped,2026-07-07T01:08:09.650834,
ce1877d3631456a4,https://mc.linkedin.com/jobs/view/assistant-administratif-polyvalent-h-f-anglais-courant-at-masalex-conseil-4436713733,Assistant administratif polyvalent H/F - anglais courant,,scraped,2026-07-07T01:08:16.892196,
04b9c43d5f2959ca,https://mc.linkedin.com/jobs/view/senior-data-platform-engineer-remote-work-ref%23293906-at-bairesdev-4426568371,Senior Data Platform Engineer - Remote Work | REF#293906,,scraped,2026-07-07T01:08:23.491982,
145209c6e67c31ad,https://mc.linkedin.com/jobs/view/query-engine-engineer-apache-trino-internals-remote-work-ref%23294390-at-bairesdev-4426568403,Query Engine Engineer (Apache Trino Internals) - Remote Work | REF#294390,BairesDev,posted,2026-07-07T01:08:43.641296,39
db70872780d00b9c,https://mc.linkedin.com/jobs/view/it-projects-director-at-sbm-offshore-4426608437,IT Projects Director,,scraped,2026-07-07T01:08:46.261994,
02b88a55897682c8,https://mc.linkedin.com/jobs/view/staff-software-engineer-java-remote-work-ref%23290036-at-bairesdev-4420460656,Staff Software Engineer (Java) - Remote Work | REF#290036,BairesDev,posted,2026-07-07T01:09:01.031163,41
49d7944ff1d3c714,https://mc.linkedin.com/jobs/view/juriste-compliance-h-f-at-masalex-conseil-4436784061,Juriste compliance H/F,,scraped,2026-07-07T01:09:03.664750,
864694143f13766e,https://fr.linkedin.com/jobs/view/accompagnant-educatif-et-social-h-f-at-lna-sant%C3%A9-4434600230,Accompagnant Educatif et Social H/F,LNA Santé,posted,2026-07-07T01:10:59.147196,43
b89ade962b6a9c26,https://fr.linkedin.com/jobs/view/formateur-fran%C3%A7ais-langue-etrang%C3%A8res-h-f-at-id-formation-4435473808,Formateur Français Langue Etrangères H/F,,scraped,2026-07-07T01:11:01.860264,
0393d32f056feb31,https://mc.linkedin.com/jobs/view/category-manager-at-sbm-offshore-4426138970,Category Manager,,scraped,2026-07-07T01:11:11.527191,
e229eca47b133e39,https://fr.linkedin.com/jobs/view/vendeur-temps-partiel-h-f-10h-at-chaussea-4433956864,VENDEUR TEMPS PARTIEL H/F - 10H,,scraped,2026-07-07T01:12:22.672704,
d3fcdec1d96df147,https://fr.linkedin.com/jobs/view/cdd-vendeur-en-animalerie-h-f-at-animalis-4435217335,CDD - Vendeur en animalerie H/F,,scraped,2026-07-07T01:14:39.420747,
a60a860bb05243d8,https://fr.linkedin.com/jobs/view/responsable-des-partenariats-soci%C3%A9t%C3%A9-de-gestion-at-titan-partners-group-cabinet-de-recrutement-4431904610,responsable des partenariats - société de gestion,,scraped,2026-07-07T01:15:50.609957,
80f92a3518400247,https://fr.linkedin.com/jobs/view/gestionnaire-de-parc-fleet-management-h-f-at-azur-trucks-froid-4431551435,Gestionnaire De Parc Fleet Management H/F,,scraped,2026-07-07T01:15:58.335968,
92c312e81620646e,https://fr.linkedin.com/jobs/view/femme-valet-de-chambre-cdd-saisonnier-h-f-at-the-maybourne-riviera-4435831879,Femme/Valet de Chambre- CDD Saisonnier - H/F,,scraped,2026-07-07T01:16:07.493071,
e86d96d50f086cff,https://fr.linkedin.com/jobs/view/directeur-ice-de-magasin-nice-at-armand-thiery-4436198323,Directeur/ice de Magasin - Nice,,scraped,2026-07-07T01:17:20.006690,
3e9f07349a8a8201,https://fr.linkedin.com/jobs/view/directeur-rice-de-magasin-flagship-h-f%E2%80%93-blue-box-nice-cap-3000-at-blue-box-4437488504,Directeur(rice) de Magasin Flagship H/F– Blue Box Nice (CAP 3000),,scraped,2026-07-07T01:17:27.349273,
fd289b1805a68625,https://fr.linkedin.com/jobs/view/alternance-charg%C3%A9-de-communication-h-f-at-icademie-international-4434659904,Alternance chargé de communication H/F,Icademie,posted,2026-07-07T01:17:44.721463,45
8b0588aeb862cd4c,https://fr.linkedin.com/jobs/view/femme-valet-de-chambre-cdi-at-le-domaine-du-mas-de-pierre-4436360995,Femme/ Valet de chambre - CDI,,scraped,2026-07-07T01:17:47.408309,
47f2164e8de8a40d,https://mc.linkedin.com/jobs/view/conseiller-%C3%A8re-vente-omnicanal-h-f-temps-partiel-at-decathlon-fitness-lab-4436363786,Conseiller-ère Vente Omnicanal (H/F) - Temps partiel,,scraped,2026-07-07T01:18:57.985426,
7bda2836d9cd0899,https://fr.linkedin.com/jobs/view/commis-in-room-dining-cdd-saisonnier-h-f-at-the-maybourne-riviera-4435831881,Commis In Room Dining - CDD Saisonnier - H/F,,scraped,2026-07-07T01:19:05.304235,
1560f9f70f888b99,https://fr.linkedin.com/jobs/view/ouvrir-son-magasin-v-and-b-%C3%A0-menton-at-v-and-b-4434665629,Ouvrir son magasin V and B à Menton,,scraped,2026-07-07T01:19:12.442375,
cd872ac70491c5ad,https://mc.linkedin.com/jobs/view/responsable-coordination-des-op%C3%A9rations-livraisons-h-f-at-maison-moghadam-4437172679,Responsable Coordination des opérations & Livraisons (H/F),,scraped,2026-07-07T01:20:22.774084,
741d37d9fbc524e3,https://mc.linkedin.com/jobs/view/category-buyer-at-sbm-offshore-4381837580,Category Buyer,,scraped,2026-07-07T01:22:38.766404,
62a18d045a6159cd,https://fr.linkedin.com/jobs/view/conseiller-de-vente-polyvalent-h-f-at-mr-bricolage-4432763822,CONSEILLER DE VENTE POLYVALENT (H/F),Mr.Bricolage,posted,2026-07-07T01:25:07.567623,47
1ab56878fda0056a,https://fr.linkedin.com/jobs/view/comptable-d%C3%A9biteurs-contr%C3%B4leur-de-process-h-f-at-h%C3%B4tel-le-negresco-4437433647,Comptable Débiteurs / Contrôleur de process (H/F),Hôtel Le Negresco,posted,2026-07-07T01:25:21.179605,49
835b24ede9f23b9e,https://mc.linkedin.com/jobs/view/voiturier-h-f-at-novotel-hotels-4434918951,Voiturier (H/F),,scraped,2026-07-07T01:25:23.967361,
af69a1af45e0d053,https://mc.linkedin.com/jobs/view/procurement-analyst-at-remote-4437784114,Procurement Analyst,Remote,posted,2026-07-07T12:19:01.612262,51
7ebfe36149fe2ed6,https://mc.linkedin.com/jobs/view/techincal-superintendent-at-c-transport-maritime-s-a-m-4437760289,Techincal Superintendent,,scraped,2026-07-07T12:19:06.186482,
2e85f82dc6adca00,https://fr.linkedin.com/jobs/view/contr%C3%B4leur-financier-manager-international-h-f-at-l-usine-nouvelle-4433786392,Contrôleur financier Manager international H/F,L'Usine Nouvelle,posted,2026-07-07T12:19:49.226596,53
1de2665eec95882c,https://mc.linkedin.com/jobs/view/software-engineer-rust-remote-work-ref%23289838-at-bairesdev-4420469135,Software Engineer (Rust) - Remote Work | REF#289838,BairesDev,posted,2026-07-07T12:19:59.360575,55
622e3d6e48712244,https://mc.linkedin.com/jobs/view/senior-manager-cruise-hotel-operations-at-the-ritz-carlton-yacht-collection-4426024724,Senior Manager Cruise Hotel Operations,The Ritz-Carlton Yacht Collection,posted,2026-07-07T12:20:11.343480,57
05f50243d3f45fcc,https://mc.linkedin.com/jobs/view/directeur-de-programme-sirh-at-skoto-4436331997,Directeur de programme SIRH,,scraped,2026-07-07T12:20:14.011481,
12aaa41030d15b3a,https://mc.linkedin.com/jobs/view/ing%C3%A9nieur-s%C3%A9curit%C3%A9-op%C3%A9rations-cloud-h-f-at-monacocloud-4435811129,Ingénieur sécurité opérations Cloud (H/F),,scraped,2026-07-07T12:20:20.387350,
958d8bca4d3b203a,https://mc.linkedin.com/jobs/view/gouvernante-personal-assistant-trilingual-italian-english-french-at-euro-london-4433930650,"Gouvernante / Personal Assistant - Trilingual Italian, English, French",,scraped,2026-07-07T12:20:27.543876,
fb5b4e4e76261beb,https://mc.linkedin.com/jobs/view/responsable-d%E2%80%99activit%C3%A9-f-h-at-eiffage-%C3%A9nergie-syst%C3%A8mes-4198845539,Responsable d’activité F/H,,scraped,2026-07-07T12:20:34.079924,
644368ceb80ca7b6,https://mc.linkedin.com/jobs/view/chef-de-chantier-tce-at-heritage-prime-4435595469,Chef de Chantier TCE,,scraped,2026-07-07T12:20:41.215636,
fcd46a53a4cbff14,https://mc.linkedin.com/jobs/view/charg%C3%A9-e-de-client%C3%A8le-priv%C3%A9e-assurance-at-jutheau-husson-4435421992,Chargé(e) de clientèle Privée (Assurance),,scraped,2026-07-07T12:20:48.965887,
6b7abb1678b75ca3,https://mc.linkedin.com/jobs/view/venditore-at-360-talent-4436359974,Venditore,,scraped,2026-07-07T12:20:56.510946,
b174e86ec721921d,https://mc.linkedin.com/jobs/view/assistant-administratif-polyvalent-anglais-courant-h-f-at-masalex-conseil-4436497890,Assistant administratif polyvalent - anglais courant h/f,,scraped,2026-07-07T12:21:04.715331,
4c1d984265eab6b7,https://fr.linkedin.com/jobs/view/conseiller-de-vente-polyvalent-h-f-at-mr-bricolage-4433115016,CONSEILLER DE VENTE POLYVALENT (H/F),Mr.Bricolage,posted,2026-07-07T12:21:16.009800,47
63d66cd1e464ab50,https://fr.linkedin.com/jobs/view/assistant-e-relation-client%C3%A8le-at-groupe-barri%C3%A8re-4431952433,Assistant(e) Relation Clientèle,,scraped,2026-07-07T12:21:18.707787,
2651843b0fa80e7a,https://fr.linkedin.com/jobs/view/head-of-ops-at-leonar-4436069940,Head of Ops,,scraped,2026-07-07T12:21:40.651115,
34e6ee984dac6b52,https://mc.linkedin.com/jobs/view/attach%C3%A9-de-direction-inspire-programme-rooms-at-fairmont-hotels-resorts-4426095122,Attaché de direction - INSPIRE PROGRAMME - Rooms,Fairmont Hotels &amp; Resorts,posted,2026-07-07T12:21:58.079922,59
dbf4e8e15c83aa1c,https://fr.linkedin.com/jobs/view/courtier-pr%C3%AAt-immobilier-at-mytotem-4436702720,Courtier prêt immobilier,,scraped,2026-07-07T12:22:00.806010,
75d1266b6e93b3b5,https://fr.linkedin.com/jobs/view/conseiller-immobilier-conseill%C3%A8re-immobili%C3%A8re-at-keller-williams-hlc-4430943029,Conseiller immobilier/Conseillère immobilière,,scraped,2026-07-07T12:22:10.142185,
4e15ae929d9d5f06,https://fr.linkedin.com/jobs/view/alternant-e-graphiste-f-h-at-mouratoglou-tennis-center-4435827750,Alternant(e) Graphiste (F/H),,scraped,2026-07-07T12:22:20.123975,
2f5da57cac52b2eb,https://fr.linkedin.com/jobs/view/alternance-1-2-ans-a-partir-de-septembre-2026-assistant-e-conseiller-e-de-vente-%E2%80%93-cannes-f-h-x-at-celine-4427570541,ALTERNANCE (1-2 ANS A PARTIR DE SEPTEMBRE 2026) - ASSISTANT(E) CONSEILLER(E) DE VENTE – CANNES (F/H/X),,scraped,2026-07-07T12:22:28.169628,
559f5e9d61ec6095,https://fr.linkedin.com/jobs/view/op%C3%A9rateur-polyvalent-at-areas-france-4434619369,opérateur polyvalent,,scraped,2026-07-07T12:22:35.304312,
b659f31b267d2944,https://fr.linkedin.com/jobs/view/cours-d-anglais-donner-des-cours-d-anglais-en-ligne-at-tus-media-4435041704,Cours d'Anglais - Donner des Cours d'Anglais en Ligne,,scraped,2026-07-07T12:22:44.523413,
a12f5998dbc98ab4,https://fr.linkedin.com/jobs/view/administrative-operations-assistant-english-at-capitaegis-management-4433927791,Administrative & Operations Assistant (English),,scraped,2026-07-07T12:22:52.255164,
d61f83914463f48b,https://fr.linkedin.com/jobs/view/h%C3%B4te-d-accueil-standardiste-h-f-at-phone-r%C3%A9gie-4433106555,Hôte d'accueil standardiste H/F,,scraped,2026-07-07T12:22:59.546050,
b35f999f32c15887,https://fr.linkedin.com/jobs/view/ambassadeur-de-marque-h-f-at-sarawak-france-4435459197,Ambassadeur de marque H/F,,scraped,2026-07-07T12:23:07.419729,
66779de413b0c0f4,https://mc.linkedin.com/jobs/view/responsable-de-la-s%C3%A9curit%C3%A9-des-syst%C3%A8mes-d-information-h-f-at-gouvernement-monaco-4437155070,Responsable de la Sécurité des Systèmes d'information H/F,,scraped,2026-07-07T12:23:18.206186,
0c1da393876764e7,https://fr.linkedin.com/jobs/view/chef-de-projet-solutions-drones-h-f-at-charly-la-page-pour-nos-annonces-4437756970,Chef de projet - solutions drones H/F,Charly (La page pour nos annonces),posted,2026-07-07T12:23:50.134482,61
245c600fc49166ef,https://fr.linkedin.com/jobs/view/h%C3%B4te-sse-d%E2%80%99accueil-secteur-d%E2%80%99activit%C3%A9-du-client-at-p%C3%A9n%C3%A9lope-groupe-4434320264,Hôte(sse) d’accueil - [secteur d’activité du client],,scraped,2026-07-07T12:23:52.809968,
a0990d4db88cd26c,https://fr.linkedin.com/jobs/view/secr%C3%A9taire-m%C3%A9dical-en-alternance-f-h-at-walter-learning-4436463274,Secrétaire Médical en alternance F/H,,scraped,2026-07-07T12:23:59.783970,
6be38701d6316173,https://fr.linkedin.com/jobs/view/ev-h-f-at-hema-france-4435790504,EV H/F,,scraped,2026-07-07T12:24:06.556927,
e3aa0aab8e861a6b,https://fr.linkedin.com/jobs/view/assistant-e-comptable-%C3%A9volutif-f-h-at-kapitan-4432711758,Assistant(e) comptable évolutif F/H,,scraped,2026-07-07T12:24:14.897021,
312cc9a35c739a33,https://mc.linkedin.com/jobs/view/quant-dev-systematic-equities-trading-python-at-maven-securities-4435251229,Quant Dev - Systematic Equities Trading (Python),,scraped,2026-07-07T20:36:49.728469,
97c67573a23e5743,https://mc.linkedin.com/jobs/view/conducteur-de-travaux-at-poggi-construction-4436708242,Conducteur de travaux,Poggi Construction,posted,2026-07-07T20:37:07.944832,63
eeca312cbdca0d5f,https://mc.linkedin.com/jobs/view/senior-survey-methodology-expert-at-ntu-international-a-s-4437834358,Senior Survey Methodology Expert,,scraped,2026-07-07T20:37:10.603873,
e5e65ebe05848a20,https://mc.linkedin.com/jobs/view/ing%C3%A9nieur-avant-vente-digital-workplace-h-f-at-monaco-digital-4437195562,Ingénieur Avant Vente - Digital Workplace  H/F,,scraped,2026-07-07T20:37:17.850554,
820e30bd7bd88f88,https://mc.linkedin.com/jobs/view/consultant-sql-f-h-at-infotel-monaco-sam-4435804814,Consultant SQL F/H,,scraped,2026-07-07T20:37:29.411169,
79bf62cec82d1452,https://mc.linkedin.com/jobs/view/digital-client-support-specialist-at-cfm-indosuez-wealth-management-4436598316,Digital Client Support Specialist,CFM Indosuez Wealth Management,posted,2026-07-07T20:37:48.540427,65
971a218aa731f4db,https://mc.linkedin.com/jobs/view/consultants-en-expertise-comptable-at-ey-4433913929,Consultants en Expertise Comptable,EY,posted,2026-07-07T20:37:58.971136,67
bfacf3773102a2ba,https://mc.linkedin.com/jobs/view/coiffeur-styliste-4436950280,Coiffeur styliste,COOL BAY   SALON DE COIFFURE  MONTE CARLO BAY,posted,2026-07-07T20:38:09.616903,69
83d398a40b6bceaf,https://mc.linkedin.com/jobs/view/sales-associate-luxury-retail-at-philipp-plein-4437815410,SALES ASSOCIATE (LUXURY RETAIL),,scraped,2026-07-07T20:38:12.438019,
a78a443b03dd93ee,https://mc.linkedin.com/jobs/view/assistante-d-accueil-at-prime-group-monaco-4437789922,Assistante d'accueil,,scraped,2026-07-07T20:38:19.709164,
739efdfedacae2f6,https://mc.linkedin.com/jobs/view/conseiller-%C3%A8re-de-vente-expert-e-pr%C3%AAt-%C3%A0-porter-femme-monaco-f-h-at-louis-vuitton-4429158375,Conseiller.ère de vente Expert.e Prêt-à-Porter Femme - Monaco (F/H),Louis Vuitton,posted,2026-07-07T20:38:42.109859,71
5ddc31d9dedb0889,https://mc.linkedin.com/jobs/view/distributed-systems-engineer-apache-big-data-internals-remote-work-ref%23294482-at-bairesdev-4426550515,Distributed Systems Engineer (Apache Big Data Internals) - Remote Work | REF#294482,BairesDev,posted,2026-07-07T20:38:52.845775,73
4200efa02ac7df16,https://mc.linkedin.com/jobs/view/d%C3%A9veloppeur-frontend-angular-at-capital-banking-solutions-4433190710,Développeur Frontend - Angular,,scraped,2026-07-07T20:39:07.506202,
76acdda3566bf64c,https://mc.linkedin.com/jobs/view/senior-sales-manager-at-ankh-executive-4421189165,Senior Sales Manager,,scraped,2026-07-07T20:39:15.433523,
fad498906a2a769b,https://mc.linkedin.com/jobs/view/alternance-employ%C3%A9-de-maintenance-h-f-at-phoenix-ocp-4436361069,Alternance - Employé de Maintenance (H/F),,scraped,2026-07-07T20:39:26.194325,
fd49a62fb780b2ac,https://mc.linkedin.com/jobs/view/revenue-analyst-at-fairmont-hotels-resorts-4416322424,Revenue Analyst,Fairmont Hotels &amp; Resorts,posted,2026-07-07T20:39:45.065634,75
fb58d9aab38e17f0,https://mc.linkedin.com/jobs/view/peintre-polyvalent-h-f-at-novotel-hotels-4435255520,Peintre polyvalent (H/F),,scraped,2026-07-07T20:39:47.647702,
11b8d638d73c34f6,https://mc.linkedin.com/jobs/view/hr-office-administrator-at-bluestone-group-4433956333,HR & Office Administrator,,scraped,2026-07-07T20:39:54.703528,
9537417258a750d4,https://mc.linkedin.com/jobs/view/juriste-corporate-compliance-at-novahunt-4435531873,Juriste Corporate & Compliance,NovaHunt,posted,2026-07-07T20:40:09.486499,77
109d2cbb150bb739,https://mc.linkedin.com/jobs/view/magasinier-r%C3%A9ceptionnaire-h-f-cdd-3-mois-35h-semaine-at-ocp-r%C3%A9partition-4436354979,Magasinier réceptionnaire (H/F) - CDD 3 mois (35h/semaine),,scraped,2026-07-07T20:40:12.159670,
6924e0e2823f5d8a,https://mc.linkedin.com/jobs/view/stage-assistant-e-retoucheur-couturier-h-f-%E2%80%93-monaco-%E2%80%93-janvier-2024-at-chanel-3928878184,Stage - Assistant(e) Retoucheur Couturier - (H/F) – Monaco – Janvier 2024,CHANEL,posted,2026-07-07T20:40:34.535006,79
3fb30524e8ed43ba,https://mc.linkedin.com/jobs/view/managing-counsel-commercial-partnerships-at-remote-4436165984,"Managing Counsel, Commercial - Partnerships",Remote,posted,2026-07-07T20:40:46.698531,81
04ee175046b9276b,https://fr.linkedin.com/jobs/view/operations-controller-internship-at-menzies-aviation-4435549494,Operations Controller Internship,,scraped,2026-07-07T20:41:01.428341,
398ef45fb10b6a9f,https://fr.linkedin.com/jobs/view/technicien-vendeur-photo-h-f-at-panajou-4436207423,Technicien Vendeur photo H/F,,scraped,2026-07-07T20:41:12.986561,
0ea6b10d869e4f74,https://mc.linkedin.com/jobs/view/ing%C3%A9nieur-conception-cloud-platform-paas-h-f-at-monacocloud-4435806229,Ingénieur conception Cloud Platform PaaS (H/F),,scraped,2026-07-07T20:41:21.229642,
bd01b6fff3f9416a,https://mc.linkedin.com/jobs/view/senior-java-backend-developer-remote-work-ref%23290296-at-bairesdev-4420463590,Senior Java Backend Developer - Remote Work | REF#290296,BairesDev,posted,2026-07-07T20:41:36.482963,83
c98afba2db264240,https://mc.linkedin.com/jobs/view/senior-quality-engineer-java-remote-work-ref%23293860-at-bairesdev-4426544532,Senior Quality Engineer (Java) - Remote Work | REF#293860,BairesDev,posted,2026-07-07T20:41:47.797928,85
ef5e989ab94ca53d,https://mc.linkedin.com/jobs/view/principal-software-engineer-java-remote-work-ref%23290145-at-bairesdev-4420461614,Principal Software Engineer (Java) - Remote Work | REF#290145,BairesDev,posted,2026-07-07T20:41:57.324129,87
c9de4290659a3b22,https://mc.linkedin.com/jobs/view/senior-frontend-developer-react-remote-work-at-bairesdev-4436268197,Senior Frontend Developer (React) - Remote Work,BairesDev,posted,2026-07-07T20:42:07.081450,89
dd0185cc6148b90f,https://mc.linkedin.com/jobs/view/senior-software-engineer-scala-remote-work-ref%23290226-at-bairesdev-4420454823,Senior Software Engineer (Scala) - Remote Work | REF#290226,BairesDev,posted,2026-07-07T20:42:19.768307,91
ec2c92f716af52ec,https://mc.linkedin.com/jobs/view/senior-software-engineer-java-%2B-observability-remote-work-ref%23293943-at-bairesdev-4426545474,Senior Software Engineer (Java + Observability) - Remote Work | REF#293943,BairesDev,posted,2026-07-07T20:42:31.000610,93
f3876cbec9f6520b,https://mc.linkedin.com/jobs/view/senior-software-engineer-java-remote-work-ref%23293745-at-bairesdev-4426552436,Senior Software Engineer (Java) - Remote Work | REF#293745,BairesDev,posted,2026-07-07T20:42:45.780867,95
7004a4975b6fd7f2,https://mc.linkedin.com/jobs/view/juriste-en-droit-immobilier-h-f-at-masalex-conseil-4436774496,Juriste en droit immobilier H/F,,scraped,2026-07-07T20:42:48.342528,
43e2ee77aaffa616,https://mc.linkedin.com/jobs/view/stagiaire-acheteur-at-fairmont-hotels-resorts-4426643930,Stagiaire Acheteur,Fairmont Hotels &amp; Resorts,posted,2026-07-07T20:43:04.395950,97
23f2f808fa447272,https://fr.linkedin.com/jobs/view/m%C3%A9canicien-automobile-h-f-at-groupement-des-concessionnaires-renault-4436599837,Mécanicien automobile H/F,,scraped,2026-07-07T20:43:07.070520,
d119b3e3180320a1,https://fr.linkedin.com/jobs/view/marketing-operations-at-alan-4430752301,Marketing Operations,,scraped,2026-07-07T20:43:24.259155,
a46838a94abe895b,https://fr.linkedin.com/jobs/view/responsable-de-secteur-h-f-at-grafton-recruitment-4433701564,Responsable de secteur H/F,,scraped,2026-07-07T20:43:30.986725,
fa697b2ceb566a06,https://fr.linkedin.com/jobs/view/attach%C3%A9-e-commercial-e-06-cdd-h-f-at-mutuelle-nationale-des-hospitaliers-mnh-4435462232,Attaché(e) Commercial(e) 06 - CDD (H/F),Mutuelle Nationale des Hospitaliers (MNH),posted,2026-07-07T20:43:56.964146,99
4842423be62db25a,https://mc.linkedin.com/jobs/view/stock-controller-teilzeit-24h-m-w-d-munich-airport-at-moncler-4346353190,Stock Controller Teilzeit (24h) (m/w/d) - Munich Airport,Moncler,posted,2026-07-07T20:44:16.738058,101
834d822934c35adf,https://it.linkedin.com/jobs/view/english-teacher-part-time-6hr-sanremo-at-kids-us-language-school-belux-4434624199,English Teacher part time 6hr - Sanremo,,scraped,2026-07-07T20:44:19.302932,
8d1eb25eaaa5c1f6,https://fr.linkedin.com/jobs/view/contr%C3%B4leur-qualit%C3%A9-spatial-f-h-at-comat-4435047566,Contrôleur qualité spatial F/H,,scraped,2026-07-07T20:44:26.212063,
2e137a539b725f85,https://mc.linkedin.com/jobs/view/assistant-e-technique-et-administratif-at-barnes-valeri-agency-monaco-4436485614,Assistant(e) Technique et Administratif,,scraped,2026-07-07T20:44:35.324196,
30ce13d322e520dc,https://fr.linkedin.com/jobs/view/p%C3%A9pini%C3%A8re-gestionnaire-locatif-f-h-at-emeria-technologies-4436942802,Pépinière Gestionnaire Locatif F/H,,scraped,2026-07-07T20:44:43.382971,
fe2cacd2bcffef5e,https://fr.linkedin.com/jobs/view/assistant-dentaire-qualifi%C3%A9-h-f-at-oxance-4436387108,Assistant dentaire qualifié H/F,,scraped,2026-07-07T20:44:50.509512,
0239560e7c6c1782,https://mc.linkedin.com/jobs/view/private-equity-analyst-associate-monaco-office-at-athos-partners-4336642587,Private Equity Analyst / Associate - Monaco office,,scraped,2026-07-08T07:18:59.061425,
58f7e12131e5a88e,https://fr.linkedin.com/jobs/view/nice-cabin-crew-opportunities-dubai-based-relocation-provided-at-emirates-4434518024,"Nice Cabin Crew Opportunities (Dubai Based, Relocation Provided)",,scraped,2026-07-08T07:19:07.719455,
a9b2243624a50802,https://mc.linkedin.com/jobs/view/assistant-e-directrice-de-production-at-bettina-4436097115,Assistant(e) - Directrice de Production,,scraped,2026-07-08T07:19:14.745597,
17a3fe54caa6f700,https://fr.linkedin.com/jobs/view/assistant-e-de-direction-at-universit%C3%A9-c%C3%B4te-d-azur-4434550938,Assistant/e de direction,Université Côte d’Azur,posted,2026-07-08T07:19:34.642671,113
0fc7f7ffdd10a20d,https://fr.linkedin.com/jobs/view/second-ex%C3%A9cutif-%E2%80%93-cdi-saint-paul-de-vence-at-le-domaine-du-mas-de-pierre-4437836367,Second Exécutif – CDI - Saint Paul de Vence,,scraped,2026-07-08T07:19:37.326110,
3563a12c5f2acf35,https://fr.linkedin.com/jobs/view/conseiller%C2%B7e-immobilier-transaction-at-orpi-4437102792,Conseiller·e immobilier transaction,,scraped,2026-07-08T07:19:43.801373,
867e75900d507739,https://fr.linkedin.com/jobs/view/cdi-secr%C3%A9taire-de-laboratoire-de-biologie-m%C3%A9dicale-saint-laurent-du-var-h-f-at-kantysbio-4432351259,CDI Secrétaire de Laboratoire de Biologie Médicale - Saint-Laurent-du-Var (H/F),,scraped,2026-07-08T07:19:50.708848,
99c7326a7615e3d1,https://fr.linkedin.com/jobs/view/conseiller%C2%B7e-immobilier-transaction-at-orpi-4437103744,Conseiller·e immobilier transaction,,scraped,2026-07-08T07:19:57.591075,
63c1062327bacdb9,https://fr.linkedin.com/jobs/view/conseiller%C2%B7e-immobilier-transaction-at-orpi-4437113148,Conseiller·e immobilier transaction,,scraped,2026-07-08T07:20:04.182562,
266962f6bf3e80f5,https://fr.linkedin.com/jobs/view/directrice-de-client%C3%A8le-agence-360-at-karma-communication-group-4438105520,Directrice de Clientèle Agence 360,,scraped,2026-07-08T07:20:26.987440,
10d4b2bb47e06e31,https://fr.linkedin.com/jobs/view/assistant-e-chef-barman-cdi-at-le-domaine-du-mas-de-pierre-4436373333,Assistant(e) Chef Barman - CDI,,scraped,2026-07-08T07:20:38.693816,
e1df1114186d5ef3,https://fr.linkedin.com/jobs/view/technicien-ne-methodes-at-eau-d-azur-4437480642,TECHNICIEN.NE METHODES,Eau d'Azur,posted,2026-07-08T07:21:29.257540,115
f64671ae647e4241,https://fr.linkedin.com/jobs/view/alternance-%E2%80%94-infographiste-bat-pr%C3%A9presse-h-f-at-exhibit-group-4437444182,ALTERNANCE — Infographiste BAT & Prépresse (H/F),,scraped,2026-07-08T07:21:32.001129,
1458b8787e9e5657,https://fr.linkedin.com/jobs/view/r%C3%A9dacteur-r%C3%A9dactrice-at-karma-communication-group-4438113204,Rédacteur Rédactrice,,scraped,2026-07-08T07:21:46.220460,
a4801d1ec3320bb9,https://fr.linkedin.com/jobs/view/chef-fe-des-ventes-v%C3%A9hicules-d-occasion-h-f-at-volkswagen-group-retail-france-4437004038,Chef.fe des ventes Véhicules d'Occasion (H/F),,scraped,2026-07-08T07:21:53.584427,
00c580f573ef7a3b,https://mc.linkedin.com/jobs/view/conseiller-%C3%A8re-vente-omnicanal-h-f-temps-partiel-at-decathlon-france-4432357184,Conseiller-ère Vente Omnicanal (H/F) - Temps partiel,,scraped,2026-07-08T07:22:18.705705,
a7287c3b1a10451e,https://mc.linkedin.com/jobs/view/magasinier-r%C3%A9ceptionnaire-h-f-cdd-3-mois-35h-semaine-at-phoenix-ocp-4436344782,Magasinier réceptionnaire (H/F) - CDD 3 mois (35h/semaine),,scraped,2026-07-08T07:22:25.604589,
ed84623257dac284,https://fr.linkedin.com/jobs/view/surveillant-de-nuit-h-f-at-association-paje-pasteur-avenir-jeunesse-4436810061,Surveillant de nuit H/F,,scraped,2026-07-08T07:22:34.813278,
1de2e475161bd8bb,https://fr.linkedin.com/jobs/view/coordinateur-scolarit%C3%A9-h-f-at-skema-business-school-4430942116,Coordinateur Scolarité H/F,SKEMA Business School,posted,2026-07-08T07:23:28.209713,117
a9250392d5321cb6,https://mc.linkedin.com/jobs/view/responsable-de-programme-num%C3%A9rique-de-la-mobilit%C3%A9-h-f-cdi-monaco-at-inforca-4435791991,Responsable de Programme Numérique de la Mobilité H/F - CDI - Monaco,,scraped,2026-07-08T07:23:42.831443,
11ab0301a9ebff12,https://fr.linkedin.com/jobs/view/conseiller-client%C3%A8le-m%C3%A9canique-h-f-at-groupement-des-concessionnaires-renault-4436807782,Conseiller Clientèle Mécanique H/F,,scraped,2026-07-08T07:23:50.267894,
bc0804420cfc08a1,https://fr.linkedin.com/jobs/view/h%C3%B4te-de-caisse-h-f-at-animalis-4436532472,Hôte de caisse H/F,,scraped,2026-07-08T07:24:03.993954,
566181a91bd9e671,https://fr.linkedin.com/jobs/view/animateur-des-ventes-f-h-at-eurofeu-4436836077,Animateur des Ventes F/H,,scraped,2026-07-08T07:24:11.535307,
26cfe968b3cac0e0,https://fr.linkedin.com/jobs/view/assistant-comptable-%C3%A9volutif-h-f-at-%C5%8Ddas-conseil-4437478510,Assistant comptable évolutif (H/F),ŌDAS CONSEIL,posted,2026-07-08T07:24:37.109048,119
6365012b17ac8000,https://fr.linkedin.com/jobs/view/aide-%C3%A0-domicile-h-f-saint-laurent-du-var-at-admr-des-alpes-maritimes-4435422451,Aide à domicile H/F - Saint Laurent du Var,ADMR des Alpes-Maritimes,posted,2026-07-08T07:24:55.408811,121
7073aec835fa69b3,https://fr.linkedin.com/jobs/view/responsable-de-magasin-h-f-nice-at-jules-4434695069,Responsable de Magasin (H/F) - Nice,,scraped,2026-07-08T07:24:58.148839,
49e27a51ae20f317,https://mc.linkedin.com/jobs/view/commis-de-salle-h-f-at-giraudi-group-4437854045,COMMIS DE SALLE (H/F),,scraped,2026-07-08T07:25:07.266392,
a044787dfc035778,https://fr.linkedin.com/jobs/view/technicien-sig-f-h-at-eau-d-azur-4437173508,Technicien SIG F/H,Eau d'Azur,posted,2026-07-08T07:25:36.383098,123
29974e2e07d351fa,https://fr.linkedin.com/jobs/view/r%C3%A9ceptionniste-h-f-cdd-at-radisson-hotel-group-4436709177,Réceptionniste (h/f) - CDD,Radisson Hotel Group,posted,2026-07-08T07:25:55.746595,125
88f00c8a429f3d1e,https://mc.linkedin.com/jobs/view/french-language-expert-remote-at-yo-it-consulting-4435714409,French Language Expert - Remote,,scraped,2026-07-08T07:25:58.342171,
ed657af3cf16436a,https://fr.linkedin.com/jobs/view/p%C3%A2tissier-chocolatier-at-philippe-brito-4433121149,Pâtissier Chocolatier,PHILIPPE BRITO,posted,2026-07-08T07:26:16.789541,127
02fdd0443c297f9b,https://fr.linkedin.com/jobs/view/technicien-ne-informatique-et-r%C3%A9seaux-h-f-at-koesio-4435256348,Technicien(ne) Informatique et Réseaux H/F,,scraped,2026-07-08T07:26:19.442541,
02469122ce68ed6f,https://mc.linkedin.com/jobs/view/directeur-de-programme-sirh-h-f-cdi-monaco-at-inforca-4434684092,Directeur de programme SIRH H/F - CDI - Monaco,,scraped,2026-07-08T07:26:26.756751,
b9188f7e5cb6c7ab,https://fr.linkedin.com/jobs/view/agent-de-s%C3%A9curit%C3%A9-at-groupe-barri%C3%A8re-4434567090,Agent de sécurité,,scraped,2026-07-08T07:26:34.097060,
6a0cc661d7324bf4,https://fr.linkedin.com/jobs/view/commercial-s%C3%A9dentaire-drones-h-f-at-charly-la-page-pour-nos-annonces-4437777094,Commercial sédentaire drones H/F,Charly (La page pour nos annonces),posted,2026-07-08T07:26:50.478475,129
e8e12299b193bb52,https://fr.linkedin.com/jobs/view/vendeur-multimedia-f-h-at-darty-4437414668,VENDEUR MULTIMEDIA F/H,Darty,posted,2026-07-08T07:27:09.931931,131
dc2662cfd2181131,https://fr.linkedin.com/jobs/view/employ%C3%A9-libre-service-f-h-at-areas-france-4434610595,Employé libre-service F/H,,scraped,2026-07-08T07:27:12.535452,
592f8994dbda8bdb,https://fr.linkedin.com/jobs/view/responsable-service-maintenance-electromecanique-atelier-h-f-at-eau-d-azur-4436373702,RESPONSABLE SERVICE MAINTENANCE ELECTROMECANIQUE ATELIER H/F,Eau d'Azur,posted,2026-07-08T07:27:37.764478,133
1f82dc63e4cf5381,https://fr.linkedin.com/jobs/view/vendeur-euse-polyvalent-at-mango-4436085754,VENDEUR/EUSE POLYVALENT,,scraped,2026-07-08T07:27:40.410234,
56724dbbe399da8c,https://fr.linkedin.com/jobs/view/cdd-customer-success-executive-ma%C3%AEtrise-espagnol-c1-minimum-at-navily-4436300022,CDD - Customer Success Executive - Maîtrise Espagnol C1 minimum,,scraped,2026-07-08T07:27:46.996041,
5f70cc085f668fcc,https://mc.linkedin.com/jobs/view/support-client-francophone-%E2%80%93-t%C3%A9l%C3%A9travail-en-gr%C3%A8ce-relocalisation-incluse-at-fh-collective-academy-4436010886,"Support Client Francophone – Télétravail en Grèce, Relocalisation incluse",FH Collective - Academy,posted,2026-07-08T07:28:00.825269,135
aa5e1b11ad8bebe9,https://fr.linkedin.com/jobs/view/d%C3%A9l%C3%A9gue-hospitalier-dispositifs-m%C3%A9dicaux-paca-04-05-06-83-98-cdi-h-f-at-talent-sourcing-4435543810,Délégue hospitalier - Dispositifs Médicaux - PACA 04 | 05 | 06 | 83 | 98 - CDI- H/F,Talent Sourcing,posted,2026-07-08T07:28:10.080606,137
e6daff24fa4b1ade,https://fr.linkedin.com/jobs/view/vendeur-temps-plein-h-f-at-chaussea-4434589607,VENDEUR TEMPS PLEIN H/F,,scraped,2026-07-08T07:28:12.919034,
d953f5a257281d64,https://mc.linkedin.com/jobs/view/responsable-du-d%C3%A9veloppement-des-comp%C3%A9tences-h-f-at-infotel-monaco-sam-4436325445,Responsable du développement des compétences H/F,,scraped,2026-07-08T07:28:19.872768,
255e92201fff8a29,https://fr.linkedin.com/jobs/view/garde-d-enfant-%C3%A0-domicile-h-f-at-family-sphere-4434595507,garde d'enfant à domicile (H/F),Family Sphere,posted,2026-07-08T07:28:38.246110,139
b3c114ec329e9d5e,https://fr.linkedin.com/jobs/view/technicien-d-etudes-cliniques-h-f%C2%A0-cdd-6-mois-at-qima-4436700763,"Technicien d'Etudes cliniques H/F (CDD, 6 mois)",,scraped,2026-07-08T07:28:40.933651,
598c4f6e204454f0,https://fr.linkedin.com/jobs/view/comptable-f-h-at-apreh-4436830970,Comptable F/H,,scraped,2026-07-08T07:28:47.355288,
dc84176c5babe5fd,https://fr.linkedin.com/jobs/view/insurance-legal-counsel-at-alan-4430144002,Insurance Legal Counsel,,scraped,2026-07-08T07:28:58.879614,
6fa9eb5339ba1e60,https://fr.linkedin.com/jobs/view/conseiller-e-de-vente-f-h-en-parfumerie-de-luxe-at-sarawak-france-4436846435,Conseiller(e) de vente (F/H) en parfumerie de luxe,,scraped,2026-07-08T07:29:05.416663,
4e24611edb7a94b8,https://fr.linkedin.com/jobs/view/commercial-at-immobiltrend-group-4436346168,Commercial,,scraped,2026-07-08T07:29:15.014426,
582cf05063f670ba,https://fr.linkedin.com/jobs/view/responsable-de-portefeuille-expertise-comptable-h-f-at-%C5%8Ddas-conseil-4437414718,Responsable de portefeuille expertise comptable (H/F),ŌDAS CONSEIL,posted,2026-07-08T07:29:35.624524,141
5dd260b2d43da6ed,https://fr.linkedin.com/jobs/view/chirurgien-de-la-main-h-f-%E2%80%93-exercice-lib%C3%A9ral-sur-la-c%C3%B4te-d-azur-at-talent-sourcing-4436435360,Chirurgien de la main H/F – Exercice libéral sur la Côte d'Azur,Talent Sourcing,posted,2026-07-08T07:29:46.530706,143
a908288828b9c126,https://fr.linkedin.com/jobs/view/vendeur-h-f-cdd-at-armand-thiery-4436798262,Vendeur H/F CDD,,scraped,2026-07-08T07:29:49.325275,
dd96c989ccd02c51,https://fr.linkedin.com/jobs/view/assistante-at-megyeri-law-vision-4436103572,Assistante,,scraped,2026-07-08T07:29:56.558998,
633f856926756254,https://fr.linkedin.com/jobs/view/garde-d-enfants-babysitting-h-f-at-yoopala-4435488091,"Garde d'enfants, Babysitting (H/F)",,scraped,2026-07-08T07:30:03.774300,
105e3b25b06d49a9,https://fr.linkedin.com/jobs/view/job-d-%C3%A9t%C3%A9-nice-h-f-at-admr-des-alpes-maritimes-4436086465,Job d'été - Nice H/F,ADMR des Alpes-Maritimes,posted,2026-07-08T07:30:23.521725,145
98304ce47088c74b,https://fr.linkedin.com/jobs/view/alternance-manager-commercial-h-f-at-isim-4436521792,Alternance - Manager Commercial (H/F),ISIM,posted,2026-07-08T07:30:37.598818,147
14828f687c8e4b73,https://fr.linkedin.com/jobs/view/technicien-ne-de-maintenance-charge-e-du-client-h-f-at-herv%C3%A9-thermique-4433194431,TECHNICIEN(NE) DE MAINTENANCE CHARGE(E) DU CLIENT (H/F),,scraped,2026-07-08T07:30:40.280811,
aaaaf7ca56c367f4,https://mc.linkedin.com/jobs/view/yacht-accounts-support-at-y-co-4037529580,Yacht Accounts Support,,scraped,2026-07-08T07:30:47.855593,
109af9176bb1fae1,https://fr.linkedin.com/jobs/view/consultant-e-paie-at-ava6-4436879541,Consultant(e) Paie,,scraped,2026-07-08T07:30:54.032158,
63075b05c50ee1aa,https://fr.linkedin.com/jobs/view/conseiller-de-vente-h-f-25h-at-oka%C3%AFdi-4435578549,Conseiller de vente h/f 25H,OKAÏDI,posted,2026-07-08T07:31:14.021865,149
5cc6039b341a2f31,https://fr.linkedin.com/jobs/view/directeur-rice-de-magasin-f-h-x-lego-store-nice-cap-3000-at-the-lego-group-4433960437,Directeur(rice) de magasin F/H/X - LEGO Store Nice Cap 3000,the LEGO Group,posted,2026-07-08T07:31:31.912021,151
2a3b6d3bf1b25a4c,https://fr.linkedin.com/jobs/view/superviseur-chantier-%C3%A9lectricit%C3%A9-h-f-at-domea-sas-4436173410,Superviseur Chantier Électricité (H/F),,scraped,2026-07-08T07:31:34.618176,
9a6fbc6d964e9f0c,https://fr.linkedin.com/jobs/view/architecte-d%C3%A9corateur-int%C3%A9rieur-concepteur-espace-de-vie-f-h-at-concepteur-vendeur-4436952027,Architecte décorateur intérieur / concepteur espace de vie F/H,,scraped,2026-07-08T07:31:41.795124,
6edf009001fe5452,https://fr.linkedin.com/jobs/view/field-engineer-antibes-at-radio-holland-4436334078,Field Engineer (Antibes),Radio Holland,posted,2026-07-08T07:32:06.010709,153
5693fbd83cfbf336,https://fr.linkedin.com/jobs/view/garde-d-enfant-%C3%A0-domicile-h-f-at-family-sphere-4434570313,Garde d'enfant à domicile (H/F),Family Sphere,scraped,2026-07-08T07:32:13.326392,
2aa3c6c9953bba48,https://fr.linkedin.com/jobs/view/assistant-administration-des-ventes-h-f-06-at-foussier-4436779375,Assistant Administration des Ventes H/F (06),,scraped,2026-07-08T07:32:16.012589,
b199ffac36371195,https://fr.linkedin.com/jobs/view/agent-commercial-immobilier-luxe-reconversion-at-prestant-luxury-realty-4435844117,AGENT COMMERCIAL IMMOBILIER LUXE - RECONVERSION,,scraped,2026-07-08T07:32:23.197593,
284cb77b32ac5c20,https://fr.linkedin.com/jobs/view/agent-commercial-immobilier-h-f-rejoignez-le-1er-r%C3%A9seau-de-conciergerie-en-france-at-alb-conciergerie-4437784232,Agent Commercial Immobilier (H/F) - Rejoignez le 1er réseau de Conciergerie en France,,scraped,2026-07-08T07:32:31.670951,
ae365f73cd98e3ce,https://fr.linkedin.com/jobs/view/commis-de-cuisine-cdi-at-groupe-barri%C3%A8re-4434519774,Commis de cuisine CDI,,scraped,2026-07-08T07:32:38.606985,
19430886df07c9d7,https://fr.linkedin.com/jobs/view/alternance-%E2%80%93-assistant-e-stockiste-h-f-%E2%80%93-boutique-mode-cannes-%E2%80%93-septembre-2024-at-chanel-3928874645,ALTERNANCE – Assistant(e) Stockiste (H/F) – Boutique Mode Cannes – Septembre 2024,CHANEL,posted,2026-07-08T07:32:59.592155,155
e21a45c74642717e,https://fr.linkedin.com/jobs/view/employ%C3%A9-polyvalent-de-restauration-f-h-at-areas-france-4434606935,Employé Polyvalent de Restauration (F/H),,scraped,2026-07-08T07:33:02.231510,
5e94316881e1e90a,https://fr.linkedin.com/jobs/view/vendeur-automobile-vn-h-f-at-bymycar-4436768162,Vendeur Automobile VN H/F,,scraped,2026-07-08T07:33:11.154386,
0d4e0625dbc9e7eb,https://mc.linkedin.com/jobs/view/crew-administrative-officer-at-c-transport-maritime-s-a-m-4438171753,Crew Administrative Officer,,scraped,2026-07-08T13:22:56.800524,
85bf7e1a909a48ac,https://fr.linkedin.com/jobs/view/technicien-lumi%C3%A8re-h-f-at-dushow-4436208180,Technicien lumière H/F,,scraped,2026-07-08T13:23:27.958766,
34107d936a723052,https://fr.linkedin.com/jobs/view/charge-de-developpement-f-h-at-ileri-4434587647,CHARGE DE DEVELOPPEMENT F/H,ILERI - L'institut libre des relations internationales et des sciences politiques,posted,2026-07-08T13:23:50.691110,157
b108d787f80d364f,https://fr.linkedin.com/jobs/view/chef-de-projet-it-h-f-at-l-usine-nouvelle-4433738433,Chef de projet IT (H/F),L'Usine Nouvelle,posted,2026-07-08T13:24:10.274207,159
06ecbe30ec3329fb,https://mc.linkedin.com/jobs/view/senior-distributed-systems-engineer-remote-work-ref%23293795-at-bairesdev-4426560347,Senior Distributed Systems Engineer - Remote Work | REF#293795,BairesDev,posted,2026-07-08T13:24:20.036335,161
75bd928965bc9a8a,https://mc.linkedin.com/jobs/view/conseiller-de-vente-joaillerie-%E2%80%93-monaco-at-ferret-horlogerie-joaillerie-de-luxe-4436747343,Conseiller de Vente Joaillerie – Monaco,,scraped,2026-07-08T13:24:34.649009,
0df6b5a0a3f6c0e7,https://mc.linkedin.com/jobs/view/consultant-senior-consultant-en-syst%C3%A8me-d%E2%80%99information-s%C3%A9curit%C3%A9-des-si-f-h-at-deloitte-4398132199,Consultant/Senior Consultant en système d’information & sécurité des SI F/H,Deloitte,posted,2026-07-08T13:24:54.298218,163
151cd371f76c1848,https://mc.linkedin.com/jobs/view/stagiaire-support-applicatif-%C2%A0datacenter%C2%A0-at-monaco-telecom-4434528816,Stagiaire Support Applicatif  DataCenter,,scraped,2026-07-08T13:25:00.936384,
07090804f485c5f5,https://mc.linkedin.com/jobs/view/architecte-ou-ing%C3%A9nieur-moex-4437839365,Architecte ou ingénieur MOEX,AODA Agence Olivier Deverini Architectes,posted,2026-07-08T13:25:21.486052,165
7dde997e155df04b,https://mc.linkedin.com/jobs/view/juriste-confirm%C3%A9-en-droit-des-affaires-international-h-f-at-tercio-rh-4432700436,Juriste confirmé en droit des affaires international (h/f),,scraped,2026-07-08T13:25:24.016897,
50881d200eb4cd41,https://mc.linkedin.com/jobs/view/stage-assistant-e-de-vente-%C3%A9t%C3%A9-2023-monaco-at-chanel-4384949516,STAGE - Assistant(e) de Vente été 2023 - MONACO,CHANEL,posted,2026-07-08T13:25:45.881148,167
24abcaac74e28a48,https://mc.linkedin.com/jobs/view/charg%C3%A9-assurance-qualit%C3%A9-at-nonstop-consulting-4437162310,Chargé Assurance Qualité,,scraped,2026-07-08T13:25:48.658592,
c7c922688655e59b,https://mc.linkedin.com/jobs/view/internship-%E2%80%93-ocean-acidification-international-coordination-centre-at-international-atomic-energy-agency-iaea-4433930672,Internship – Ocean Acidification International Coordination Centre,,scraped,2026-07-08T13:25:56.468725,
bafa786fdc2ec57e,https://mc.linkedin.com/jobs/view/offre-de-stage-compliance-aml-cft-f-h-at-cmb-monaco-4435233901,OFFRE DE STAGE COMPLIANCE AML & CFT F/H,,scraped,2026-07-08T13:26:02.927262,
fdfde1ec9806d271,https://mc.linkedin.com/jobs/view/seo-web-content-assistant-intern-at-international-university-of-monaco-4432763600,SEO & Web Content Assistant Intern,International University of Monaco,posted,2026-07-08T13:26:22.451870,169
d06a55206a7ae6b1,https://mc.linkedin.com/jobs/view/secretary-at-norman-alex-4437025263,Secretary,,scraped,2026-07-08T13:26:27.116926,
fb6485f5b84e05c5,https://fr.linkedin.com/jobs/view/chef-ex%C3%A9cutif-f-h-at-eleni-group-4437749458,Chef Exécutif F/H,,scraped,2026-07-08T13:26:47.658951,
1c6d19a8799b91db,https://fr.linkedin.com/jobs/view/assistant-e-de-direction-confirm%C3%A9-e-at-promogim-4429910127,Assistant(e) de Direction Confirmé(e),,scraped,2026-07-08T13:27:13.152484,
3d086bce45b787b5,https://fr.linkedin.com/jobs/view/responsable-d-op%C3%A9rations-junior-h-f-at-marignan-4435442173,Responsable d'Opérations Junior H/F,,scraped,2026-07-08T13:27:20.995255,
c2eab4f5b2f1098a,https://fr.linkedin.com/jobs/view/charg%C3%A9-e-de-test-validation-electronique-h-f-at-synergie-cad-group-4433145892,Chargé.e de Test & Validation Electronique H/F,,scraped,2026-07-08T13:27:32.897220,
a6b71556f73424a5,https://fr.linkedin.com/jobs/view/commis-de-cuisine-h-f-nice-at-tigermilk-group-4436230932,Commis de cuisine H/F - NICE,,scraped,2026-07-08T13:27:43.303283,
6c2c75047f3e101c,https://fr.linkedin.com/jobs/view/r%C3%A9ceptionniste-nuit-h-f-cdd-de-remplacement-at-radisson-hotel-group-4436494786,Réceptionniste Nuit (h/f) - CDD de remplacement,Radisson Hotel Group,posted,2026-07-08T13:28:11.353898,171
ad1bf341dfdcc0a2,https://fr.linkedin.com/jobs/view/professeur-de-fran%C3%A7ais-at-ef-4418265188,Professeur de Français,,scraped,2026-07-08T13:28:23.984132,
fb8b9afb0f029d7f,https://fr.linkedin.com/jobs/view/attache-commercial-f-h-at-randstad-4438192350,ATTACHE COMMERCIAL (F/H),,scraped,2026-07-08T13:28:34.379640,
f325733e9f0a63dd,https://fr.linkedin.com/jobs/view/conseiller-commercial-en-alternance-f-h-at-walter-learning-4436286072,Conseiller commercial en alternance F/H,,scraped,2026-07-08T13:28:41.234317,
6702813560c9683f,https://fr.linkedin.com/jobs/view/commis-de-salle-restaurant-la-piscine-extra-h-f-at-the-maybourne-riviera-4437845455,Commis de Salle - Restaurant La Piscine - EXTRA - H/F,,scraped,2026-07-08T13:28:48.204598,
0363765f5613cdbd,https://fr.linkedin.com/jobs/view/charg%C3%A9-du-lancement-de-production-imprimerie-num%C3%A9rique-grand-format-h-f-at-exhibit-group-4437438333,Chargé du lancement de production - Imprimerie numérique grand format H/F,,scraped,2026-07-08T13:28:57.007310,
f2b7b6ac6974f420,https://fr.linkedin.com/jobs/view/vendeur-automobile-vn-h-f-at-bymycar-4436765346,Vendeur Automobile VN H/F,,scraped,2026-07-08T13:29:08.186933,
add39f2b65574196,https://fr.linkedin.com/jobs/view/communication-marketing-at-pyramid-4437145885,Communication & Marketing,PYRAMID,posted,2026-07-08T13:29:32.155561,173
c57289532fb6ade0,https://fr.linkedin.com/jobs/view/job-d-%C3%A9t%C3%A9-antibes-h-f-at-admr-des-alpes-maritimes-4436077718,Job d'été - Antibes (H/F),ADMR des Alpes-Maritimes,posted,2026-07-08T13:29:49.658904,175
c3c8d716ffc81d58,https://fr.linkedin.com/jobs/view/manager-expertise-comptable-h-f-at-%C5%8Ddas-conseil-4437162429,Manager expertise comptable (H/F),ŌDAS CONSEIL,posted,2026-07-08T13:30:00.995631,177
8f65429b141c35d7,https://fr.linkedin.com/jobs/view/professeur-de-fle-fran%C3%A7ais-langue-%C3%A9trang%C3%A8re-at-tus-media-4436097669,Professeur de FLE (Français Langue Étrangère),,scraped,2026-07-08T13:30:03.770170,
daf7241cf583ed41,https://mc.linkedin.com/jobs/view/chef-de-mission-cheffe-de-mission-at-fimexco-sam-4437196682,Chef de mission/Cheffe de mission,,scraped,2026-07-08T13:30:12.194040,
740ebf47996efb06,https://mc.linkedin.com/jobs/view/artificial-intelligence-co-founder-head-of-product-100-%25-remote-m-f-d-at-ewor-4435474719,Artificial Intelligence Co-Founder / Head of Product (100 % remote) (m/f/d),,scraped,2026-07-08T13:30:26.065601,
6852899dd34ca54b,https://fr.linkedin.com/jobs/view/talent-acquisition-partner-at-thales-4428105613,Talent Acquisition Partner,,scraped,2026-07-08T13:30:32.845571,
3d7191e85ce5e902,https://mc.linkedin.com/jobs/view/stagiaire-graphiste-at-as-monaco-4435202736,Stagiaire graphiste,,scraped,2026-07-08T13:30:40.452282,
0866f227e6b87b13,https://mc.linkedin.com/jobs/view/%F0%9F%92%BC-recrutement-chef%C2%B7fe-d%E2%80%99%C3%A9quipe-d%C3%A9m%C3%A9nagement-vip-%E2%80%93-monaco-%F0%9F%8C%9F-at-youstock-4437799778,💼 Recrutement | Chef·fe d’Équipe Déménagement VIP – Monaco 🌟,,scraped,2026-07-08T13:30:48.339234,
baf01b89aa35a0ec,https://fr.linkedin.com/jobs/view/aide-%C3%A0-domicile-h-f-saint-martin-du-var-at-admr-des-alpes-maritimes-4436534236,Aide à domicile H/F - Saint-Martin-du-Var,ADMR des Alpes-Maritimes,posted,2026-07-08T13:31:13.777603,179
de4c155cab72ca16,https://mc.linkedin.com/jobs/view/formateur-num%C3%A9rique-h-f-at-infotel-monaco-sam-4436332222,Formateur numérique H/F,,scraped,2026-07-08T13:31:16.351955,
911339f9bf72d247,https://fr.linkedin.com/jobs/view/chef-de-rayon-ccand-h-f-at-animalis-4436538219,Chef de rayon CCAND H/F,,scraped,2026-07-08T13:31:25.579640,
0fd18e6133b7648e,https://fr.linkedin.com/jobs/view/secr%C3%A9taire-m%C3%A9dicale-biologie-m%C3%A9dicale-at-eurofins-biologie-m%C3%A9dicale-4436486599,Secrétaire Médicale - Biologie Médicale,,scraped,2026-07-08T13:31:32.869137,
cb517765138415ee,https://fr.linkedin.com/jobs/view/pr%C3%A9parateur-esth%C3%A9tique-de-v%C3%A9hicules-4436337926,Préparateur esthétique de véhicules,Groupe consortial,posted,2026-07-08T13:31:48.893978,181
8c120674f13933f5,https://fr.linkedin.com/jobs/view/cdd-factrice-facteur-f-h-at-la-poste-groupe-4434367897,"CDD Factrice, facteur F/H",,scraped,2026-07-08T13:31:51.622013,
fb6ac4d7613686f9,https://fr.linkedin.com/jobs/view/commercial-solaire-f-h-at-edf-solutions-solaires-4437404036,Commercial solaire - F/H,,scraped,2026-07-08T13:31:59.329063,
effb5eab50276f20,https://fr.linkedin.com/jobs/view/chef-de-rang-h-f-banquet-cdd-at-le-domaine-du-mas-de-pierre-4437842126,Chef de rang H/F - banquet - CDD,,scraped,2026-07-08T13:32:06.527136,
759f307ad88f926e,https://fr.linkedin.com/jobs/view/vendeur-multimedia-f-h-at-darty-4436708604,VENDEUR MULTIMEDIA F/H,Darty,posted,2026-07-08T13:32:16.424703,131
1a4317949458d722,https://fr.linkedin.com/jobs/view/manager-en-h%C3%B4tellerie-en-alternance-h-f-at-neo-sphere-formation-4436347582,Manager en hôtellerie en Alternance H/F,NEO SPHERE Formation,posted,2026-07-08T13:32:27.114048,183
143217086f883a66,https://fr.linkedin.com/jobs/view/recherche-apprenti-peinture-enduit-h-f-en-cdi-at-cfa-du-b%C3%A2timent-aix-en-provence-4434674046,"Recherche, apprenti peinture /enduit (H/F) en CDI",,scraped,2026-07-08T13:32:29.715675,
fe848e0331fbdf7f,https://fr.linkedin.com/jobs/view/technicien-de-maintenance-h-f-at-colis%C3%A9e-france-4435836303,Technicien de maintenance H/F,,scraped,2026-07-08T13:32:37.557554,
a9b9a6ad153d80dd,https://fr.linkedin.com/jobs/view/insurance-risk-strategy-at-alan-4387496619,Insurance Risk & Strategy,,scraped,2026-07-08T13:32:45.157850,
a99020121b5113bd,https://fr.linkedin.com/jobs/view/responsable-du-d%C3%A9veloppement-h-f-at-bnp-paribas-real-estate-4433113904,Responsable du Développement H/F,BNP Paribas Real Estate,posted,2026-07-08T13:33:01.658226,185
690f82e25bd11b93,https://fr.linkedin.com/jobs/view/cdi-technicien-ne-de-maintenance-polyvalent-e-at-h%C3%B4tel-palais-de-la-m%C3%A9diterran%C3%A9e-4437780931,CDI : Technicien(-ne) de maintenance polyvalent(-e),Hôtel Palais de la Méditerranée,posted,2026-07-08T13:33:15.087327,187
3851d17d40276e8e,https://fr.linkedin.com/jobs/view/employ%C3%A9-e-de-m%C3%A9nage-h-f-cdi-antibes-juan-les-pins-at-hubliss-4437854813,Employé (e) de ménage H/F CDI Antibes & Juan les pins,,scraped,2026-07-08T13:33:18.129186,
282850044841011c,https://fr.linkedin.com/jobs/view/technicien-de-maintenance-h-f-at-colis%C3%A9e-france-4435829571,Technicien de maintenance H/F,,scraped,2026-07-08T13:33:26.004477,
0bdcbd9032c7959a,https://fr.linkedin.com/jobs/view/charg%C3%A9-de-projet-h-f-at-uts-tour-4435825147,Chargé de projet H/F,,scraped,2026-07-08T13:33:33.448442,
56eeafee84ac2238,https://fr.linkedin.com/jobs/view/masseur-kin%C3%A9sith%C3%A9rapeute-h-f-at-ikiway-cabinet-de-recrutement-4437757935,Masseur-Kinésithérapeute H/F,,scraped,2026-07-08T13:33:42.083304,
a51bb6f848932e71,https://fr.linkedin.com/jobs/view/n%C3%A9gociateur-ind%C3%A9penant-at-riva-immobilier-recrute-4435824546,Négociateur indépenant,,scraped,2026-07-08T13:33:48.694737,
26a524f7bcd5681d,https://fr.linkedin.com/jobs/view/secretaire-m%C3%A9dicale-at-imagicare-4432754298,Secretaire médicale,Imagicare,posted,2026-07-08T13:34:04.979013,189
72af8d6b08617003,https://mc.linkedin.com/jobs/view/devops-engineer-ai-model-evaluator-at-mercor-4435263313,DevOps Engineer - AI Model Evaluator,Mercor,posted,2026-07-08T13:34:14.018922,191
9f2a388c50538e60,https://fr.linkedin.com/jobs/view/stage-d%C3%A9veloppement-informatique-at-izypeo%C2%AE-4436867649,Stage développement informatique,,scraped,2026-07-08T13:34:16.701466,
d212ce8c4b078bd0,https://fr.linkedin.com/jobs/view/ma%C3%AEtre-nageur-se-sauveteur-euse-at-ecg-4436994112,Maître nageur(se) sauveteur(euse),,scraped,2026-07-08T13:34:24.144231,
a067f46648a8452b,https://fr.linkedin.com/jobs/view/chef-de-mission-marseille-f-h-at-numbr-4361235052,Chef de mission - Marseille F/H,,scraped,2026-07-08T13:34:31.127739,
e52ba941547d27b9,https://fr.linkedin.com/jobs/view/vendeur-se-v%C3%A9hicules-d-occasion-h-f-at-volkswagen-group-retail-france-4436222479,Vendeur.se Véhicules d'Occasion (H/F),,scraped,2026-07-08T13:34:39.290702,
0d3fbce10533f894,https://fr.linkedin.com/jobs/view/assistant-support-administratif-location-de-v%C3%A9hicules-nice-a%C3%A9roport-at-enterprise-4423663805,Assistant support administratif location de véhicules - Nice Aéroport,Enterprise Rent-A-Car,posted,2026-07-08T13:34:53.598163,193
56fcfb4ea12d4664,https://fr.linkedin.com/jobs/view/attach%C3%A9-commercial-polo-d%C3%A9partements-14-27-76-78-95-h-f-at-essilorluxottica-4434455698,"Attaché commercial Polo - départements 14, 27, 76, 78, 95 (H/F)",,scraped,2026-07-08T13:34:56.251097,
6b7ce3e75055c1ec,https://fr.linkedin.com/jobs/view/aide-soignant-h-f-at-smart-sant%C3%A9-conseil-4436250234,Aide-soignant (H/F),Smart Santé Conseil,posted,2026-07-08T13:35:49.395849,195
25f4e5b0fdc84c45,https://fr.linkedin.com/jobs/view/fabricant-deviseur-%E2%80%93-imprimerie-num%C3%A9rique-grand-format-h-f-at-exhibit-group-4435842559,Fabricant Deviseur – Imprimerie Numérique Grand Format H/F,,scraped,2026-07-08T13:35:52.106219,
3d014b10959285a5,https://fr.linkedin.com/jobs/view/franchis%C3%A9-commercial-terrain-agroalimentaire-sans-concurrence-h-f-at-biocold-process-4436098736,Franchisé - Commercial Terrain Agroalimentaire - SANS CONCURRENCE (H/F),,scraped,2026-07-08T13:36:03.408897,
da55f515c3e0a22a,https://fr.linkedin.com/jobs/view/aide-%C3%A0-domicile-h-f-menton-at-admr-des-alpes-maritimes-4436088247,Aide à domicile H/F - Menton,ADMR des Alpes-Maritimes,posted,2026-07-08T13:36:24.028341,197
776a8bc0830ab3fa,https://fr.linkedin.com/jobs/view/rondier-manager-adjoint-at-groupe-protector-4434612530,Rondier (manager adjoint),GROUPE PROTECTOR,posted,2026-07-08T13:36:36.629850,199
5c5bc5c1fe6cbeff,https://fr.linkedin.com/jobs/view/charg%C3%A9-de-client%C3%A8le-itin%C3%A9rant-nice-06-h-f-at-rexel-france-4438198956,Chargé de Clientèle Itinérant - Nice (06) H/F,,scraped,2026-07-08T13:36:39.314217,
e15c9a85a8903933,https://fr.linkedin.com/jobs/view/apporteur-d%E2%80%99affaires-chr-bars-clubs-at-vapexpress-4436335787,Apporteur d’affaires CHR - Bars & Clubs,,scraped,2026-07-08T13:36:46.303966,
3a85c54b74560a1b,https://fr.linkedin.com/jobs/view/commercial-h%C3%B4tellerie-chr-sud-est-h-f-at-talents-commerciaux-4427058679,Commercial - Hôtellerie (CHR) - Sud-Est (H/F),,scraped,2026-07-08T13:36:53.433140,
7071b82de70cbc48,https://fr.linkedin.com/jobs/view/aide-%C3%A0-domicile-h-f-drap-at-admr-des-alpes-maritimes-4436203065,Aide à domicile H/F - Drap,ADMR des Alpes-Maritimes,posted,2026-07-08T13:37:16.902281,201
412471efb6b01e56,https://fr.linkedin.com/jobs/view/engineering-manager-hands-on-x-f-m-growth-product-at-alan-4422921237,Engineering Manager hands on (x/f/m) - Growth Product,,scraped,2026-07-08T13:37:19.721568,
3a61d597608ac821,https://fr.linkedin.com/jobs/view/infirmier-h-f-at-smart-sant%C3%A9-conseil-4436237747,Infirmier (H/F),Smart Santé Conseil,posted,2026-07-08T13:38:10.874010,203
25cd14e399d54645,https://fr.linkedin.com/jobs/view/aes-dipl%C3%B4m%C3%A9-e-at-admr-des-alpes-maritimes-4436206463,AES Diplômé(e),ADMR des Alpes-Maritimes,posted,2026-07-08T13:38:23.969869,205
8ee239aa01795316,https://fr.linkedin.com/jobs/view/commercial-terrain-btob-variable-d%C3%A9plafonn%C3%A9-en-cdi-h-f-at-sct-4435467963,Commercial terrain BtoB - Variable déplafonné - en CDI (H/F),,scraped,2026-07-08T13:38:26.617837,
97b47ae501b81448,https://mc.linkedin.com/jobs/view/cdd-6-mois-compliance-officer-at-beyond-potentials-4435799251,CDD 6 mois - Compliance Officer,,scraped,2026-07-08T13:38:35.170201,
35023fd5696776d7,https://fr.linkedin.com/jobs/view/consultant-en-recrutement-consultante-en-recrutement-at-gi-group-holding-4433962426,Consultant en recrutement/Consultante en recrutement,,scraped,2026-07-08T13:38:44.481068,
b6994ed5dae68046,https://fr.linkedin.com/jobs/view/vendeur-polyvalent-18h-f-h-cdi-temps-partiel-at-naturalia-4436201482,Vendeur polyvalent 18H (F/H) - CDI Temps partiel,,scraped,2026-07-08T13:38:54.801492,
802920a2320301ac,https://fr.linkedin.com/jobs/view/aide-%C3%A0-domicile-h-f-coaraze-at-admr-des-alpes-maritimes-4436529431,Aide à domicile H/F - Coaraze,ADMR des Alpes-Maritimes,posted,2026-07-08T13:39:15.166682,207
56178502ed986d2f,https://fr.linkedin.com/jobs/view/employ%C3%A9-commercial-produits-frais-libre-service-h-f-at-coop%C3%A9rative-u-4436376320,Employé commercial produits frais libre service H/F,Coopérative U,posted,2026-07-08T13:39:26.219228,209
ba4e2a5a5279db01,https://fr.linkedin.com/jobs/view/attach%C3%A9-commercial-btob-h-f-cdi-nice-at-lyreco-france-4428889735,Attaché Commercial BTOB (H/F) CDI - Nice,Lyreco France,posted,2026-07-08T13:39:38.654108,211
ffef28a702e8738b,https://fr.linkedin.com/jobs/view/auditeur-bio-en-productions-agricoles-dpt-06-h-f-at-ecocert-group-4425789638,Auditeur Bio en productions agricoles - Dpt 06 (H/F),,scraped,2026-07-08T13:39:41.331395,
a7f614a46d1b8b42,https://fr.linkedin.com/jobs/view/gestionnaire-de-paie-et-administration-du-personnel-h-f-at-sos-oxygene-4437021774,Gestionnaire de Paie et Administration du Personnel H/F,,scraped,2026-07-08T13:39:49.856984,
d6517a5956c10239,https://fr.linkedin.com/jobs/view/analytics-and-pricing-expert-insurance-at-alan-4387222326,Analytics and pricing expert - Insurance,,scraped,2026-07-08T13:39:58.370108,
d2f9187f9d60432c,https://fr.linkedin.com/jobs/view/ing%C3%A9nieur-d-affaires-f-h-at-experis-france-4434501923,Ingénieur d'Affaires (F/H),,scraped,2026-07-08T13:40:05.057651,
0c1cd2a4e3a3050f,https://fr.linkedin.com/jobs/view/employ%C3%A9-de-r%C3%A9ception-drive-f-h-at-auchan-retail-4433704071,Employé de réception Drive F/H,,scraped,2026-07-08T13:40:14.437418,
a90fbd679abafcad,https://fr.linkedin.com/jobs/view/fp-a-analyst-cost-control-at-questel-4437824571,FP&A Analyst - Cost Control,Questel,posted,2026-07-08T13:40:33.729267,213
f2c2f03f83d429bf,https://fr.linkedin.com/jobs/view/commercial-admissions-placement-f-h-at-oktogone-group-4432792143,Commercial Admissions & Placement (F/H),,scraped,2026-07-08T13:40:36.515141,
3b45477d3647c83d,https://fr.linkedin.com/jobs/view/conseiller-e-client-apr%C3%A8s-vente-automobile-h-f-at-volkswagen-group-retail-france-4395495169,Conseiller.e client Après-Vente automobile (H/F),,scraped,2026-07-08T13:40:44.045965,
99c84feede5ee02d,https://fr.linkedin.com/jobs/view/v%C3%A9t%C3%A9rinaire-g%C3%A9n%C3%A9raliste-h-f-at-mon-v%C3%A9to-4433731188,Vétérinaire généraliste H/F,,scraped,2026-07-08T13:40:51.187848,
2f4a859f2870c7ea,https://fr.linkedin.com/jobs/view/conseiller-de-vente-nice-06-cdd-h-f-x-at-jimmy-fairly-4438194933,Conseiller de vente - Nice (06) - CDD (H/F/X),,scraped,2026-07-08T13:40:59.815387,
f8bcb85fdd6245ea,https://fr.linkedin.com/jobs/view/gestionnaire-copropri%C3%A9t%C3%A9-f-h-at-lamy-4419428686,Gestionnaire Copropriété F/H,Lamy,posted,2026-07-08T13:41:14.499320,215
964d11211dc124da,https://mc.linkedin.com/jobs/view/auditeur-financier-junior-%E2%80%93-septembre-2026-f-h-at-pwc-france-4416318324,Auditeur Financier Junior – Septembre 2026 - F/H,,scraped,2026-07-08T13:41:17.242131,
91958d590d698bfd,https://fr.linkedin.com/jobs/view/assistant-de-vie-h-f-at-home-services-4438182517,ASSISTANT DE VIE (H/F),,scraped,2026-07-08T13:41:23.752663,
83e76b0778d88f54,https://fr.linkedin.com/jobs/view/directeur-de-projets-programme-f-h-at-urssaf-caisse-nationale-4437779097,Directeur de projets/programme (F/H),Urssaf Caisse nationale,posted,2026-07-08T13:42:21.882716,217
2a269149fcb848e8,https://fr.linkedin.com/jobs/view/gestionnaire-conseil-relation-client-f-h-gestionnaire-conseil-relation-client-entreprises-pole-flux-pme-nice-at-cic-lyonnaise-de-banque-4437008984,Gestionnaire conseil relation client (F/H) - GESTIONNAIRE CONSEIL RELATION CLIENT ENTREPRISES - POLE FLUX PME NICE,,scraped,2026-07-08T13:42:24.649750,
6ae5a025ba867c6e,https://fr.linkedin.com/jobs/view/platform-engineer-x-f-m-tech-foundations-at-alan-4394659810,Platform Engineer (x/f/m) - Tech Foundations,,scraped,2026-07-08T13:42:34.731575,
5bdead077733463c,https://fr.linkedin.com/jobs/view/idec-h-f-at-colis%C3%A9e-france-4435832477,IDEC (H/F),,scraped,2026-07-08T13:42:41.155135,
36361792fc868c51,https://fr.linkedin.com/jobs/view/commis-de-cuisine-h-f-cdd-saisonnier-at-radisson-hotel-group-4437811333,Commis de cuisine (h/f) -  CDD Saisonnier,Radisson Hotel Group,posted,2026-07-08T13:43:00.262220,219
faa11611f10a7adb,https://fr.linkedin.com/jobs/view/employ%C3%A9-de-quai-f-h-at-gls-france-4426991031,Employé de quai F/H,,scraped,2026-07-08T13:43:02.877972,
8442bbf070cd2317,https://fr.linkedin.com/jobs/view/technicien-d-etudes-cliniques-h-f-at-qima-4436718282,Technicien d'Etudes cliniques H/F,,scraped,2026-07-08T13:43:11.591623,
aeaf4d88971f4217,https://fr.linkedin.com/jobs/view/responsable-d-affaires-f-h-at-eiffage-%C3%A9nergie-syst%C3%A8mes-4375234971,Responsable d'affaires F/H,,scraped,2026-07-08T13:43:18.830144,
5c4d5afe89354fa6,https://fr.linkedin.com/jobs/view/aide-soignant-h-f-at-admr-des-alpes-maritimes-4436081845,Aide-soignant H/F,ADMR des Alpes-Maritimes,posted,2026-07-08T13:43:31.668824,195
bf13b519fe9f8a90,https://fr.linkedin.com/jobs/view/responsable-commercial-chef-d-agence-h-f-at-la-maison-des-travaux-france-4308010740,Responsable commercial - Chef d'agence (H/F),,scraped,2026-07-08T13:43:34.420269,
3587100697519836,https://fr.linkedin.com/jobs/view/%C3%A9ducateur-sp%C3%A9cialis%C3%A9-h-f-at-adsea-06-4437150373,Éducateur Spécialisé (H/F),,scraped,2026-07-08T13:43:42.964029,
965764a0b9eed94d,https://fr.linkedin.com/jobs/view/assistant-de-vente-drive-f-h-at-carrefour-4433195707,Assistant de vente drive (F/H),Carrefour,posted,2026-07-08T13:44:03.999517,221
3bda6719c967077f,https://fr.linkedin.com/jobs/view/directeur-de-projet-int%C3%A9gration-immobilier-h-f-at-evoriel-4428828236,Directeur de projet intégration (immobilier) H/F,,scraped,2026-07-08T13:44:06.781127,
cdabd016398a5611,https://fr.linkedin.com/jobs/view/responsable-administratif-et-financier-h-f-at-chaberton-professionals-4433971411,Responsable administratif et financier (H/F),,scraped,2026-07-08T13:44:13.917437,
063c8bbec83e9b73,https://fr.linkedin.com/jobs/view/auxiliaire-de-vie-h-f-nice-at-admr-des-alpes-maritimes-4436069945,Auxiliaire de vie H/F - Nice,ADMR des Alpes-Maritimes,posted,2026-07-08T13:44:40.662846,223
3fe5de773c4fcbe1,https://fr.linkedin.com/jobs/view/charg%C3%A9-de-recrutement-asv-et-v%C3%A9t%C3%A9rinaires-h-f-alternance-at-univet-4437162115,Chargé de recrutement ASV et vétérinaires H/F - Alternance,,scraped,2026-07-08T13:44:43.400306,
b3a476fd0cf77e54,https://fr.linkedin.com/jobs/view/conseiller-en-assurance-de-personnes-et-protection-sociale-mougins-cdi-f-h-at-france-defi-4436756710,Conseiller en assurance de personnes et protection sociale - Mougins-CDI(F/H),FRANCE DEFI,posted,2026-07-08T13:45:02.591574,225
fd17938816312a12,https://fr.linkedin.com/jobs/view/cuisinier-snackeur-h-f-at-wink-4436537785,"Cuisinier, snackeur H/F",,scraped,2026-07-08T13:45:05.177652,
8749df52cd29fde2,https://fr.linkedin.com/jobs/view/conseiller-client%C3%A8le-de-particuliers-f-h-nice-cdi-at-cr%C3%A9dit-coop%C3%A9ratif-4434850269,Conseiller Clientèle de Particuliers F/H Nice- CDI,,scraped,2026-07-08T13:45:12.109509,
8b8df40049da09e8,https://fr.linkedin.com/jobs/view/collaborateur-charge-des-ventes-h-f-at-foot-locker-4316268914,Collaborateur Charge Des Ventes H/F,Foot Locker,posted,2026-07-08T13:45:26.961021,227
015c405e0a18dd9b,https://fr.linkedin.com/jobs/view/alternant-e-technicien-ne-support-f-h-x-at-equans-france-4437710508,Alternant(e) technicien(ne) Support (F/H/X),,scraped,2026-07-08T13:45:29.728635,
84e6c70714e7fe46,https://mc.linkedin.com/jobs/view/government-contract-assistant-at-norman-alex-4437073060,Government Contract Assistant,,scraped,2026-07-08T18:58:53.501927,
5f11007cb42e052e,https://mc.linkedin.com/jobs/view/fashion-stylist-e-monaco-f-h-at-louis-vuitton-4429566589,Fashion Stylist.e Monaco (F/H),Louis Vuitton,posted,2026-07-08T18:59:15.307398,229
7f67e0ae8d0ee974,https://mc.linkedin.com/jobs/view/technicien-ne-confirm%C3%A9-e-f-h-at-bpm-group-4438230464,Technicien(ne) Confirmé(e) F/H,,scraped,2026-07-08T18:59:25.935021,
538ae0ed6f5e2ece,https://mc.linkedin.com/jobs/view/technicien-ne-confirm%C3%A9-e-f-h-at-bpm-group-4438234338,Technicien(ne Confirmé(e) F/H,,scraped,2026-07-08T18:59:36.748958,
9c6d68aa4a51ac58,https://mc.linkedin.com/jobs/view/bilingual-customer-support-specialist-french-english-100%25-remote-at-talentpop-app-4434873766,Bilingual Customer Support Specialist (French/English) - 100% Remote,TalentPop App,posted,2026-07-08T18:59:57.764847,231
7fe3d893f67cbe15,https://mc.linkedin.com/jobs/view/bilingual-customer-support-specialist-french-english-100%25-remote-at-talentpop-app-4434878411,Bilingual Customer Support Specialist (French/English) - 100% Remote,TalentPop App,posted,2026-07-08T19:00:05.051981,231
58f6961cc2ce5f04,https://mc.linkedin.com/jobs/view/it-project-management-lead-at-sbm-offshore-4428055070,IT Project Management Lead,,scraped,2026-07-08T19:00:11.679065,
e6e74d4935fd74c3,https://mc.linkedin.com/jobs/view/junior-compliance-officer-4437754912,Junior Compliance Officer,Jar Capital Monaco,posted,2026-07-08T19:00:34.582823,233
0ccf981abc5abcf2,https://fr.linkedin.com/jobs/view/d%C3%A9veloppeur-d%E2%80%99affaires-at-universit%C3%A9-c%C3%B4te-d-azur-4434873223,Développeur d’Affaires,Université Côte d’Azur,posted,2026-07-08T19:00:47.418402,235
49c184e4fa61f126,https://fr.linkedin.com/jobs/view/pr%C3%A9parateur-de-commande-drive-h-f-at-leclerc-le-poire-sur-vie-4438181815,PRÉPARATEUR DE COMMANDE DRIVE - H/F,,scraped,2026-07-08T19:00:54.100647,
6f79b3f6a1a6a58a,https://fr.linkedin.com/jobs/view/assistant-e-de-gestion-temps-partiel-h-f-at-home-services-4437021841,Assistant(e) de gestion - Temps partiel (H/F),,scraped,2026-07-08T19:01:00.653025,
aa021a04e02db48e,https://fr.linkedin.com/jobs/view/ouvrir-son-magasin-v-and-b-%C3%A0-antibes-at-v-and-b-4434674447,Ouvrir son magasin V and B à Antibes,,scraped,2026-07-08T19:01:12.677177,
ff102e00f3524e25,https://fr.linkedin.com/jobs/view/agent-s-commercial-aux-ind%C3%A9pendant-en-immobilier-neuf-%C3%A0-nice-at-mapetiteagence-4437083109,Agent(s) commercial(aux) indépendant en immobilier neuf à Nice,MaPetiteAgence,posted,2026-07-08T19:02:13.287380,237
10db16de598e113d,https://fr.linkedin.com/jobs/view/concessionnaire-directeur-d-agence-stores-de-france-at-stores-de-france-r%C3%A9seau-4437040792,Concessionnaire Directeur d'agence Stores de France,Stores de France Réseau,posted,2026-07-08T19:02:27.070328,239
9dbefcaaf96ab951,https://fr.linkedin.com/jobs/view/moniteur-educateur-h-f-at-association-paje-pasteur-avenir-jeunesse-4435242860,MONITEUR EDUCATEUR H/F,,scraped,2026-07-08T19:02:31.664701,
2d7fbde37c1798ef,https://fr.linkedin.com/jobs/view/educateur-specialise-h-f-at-association-paje-pasteur-avenir-jeunesse-4435252608,EDUCATEUR SPECIALISE H/F,,scraped,2026-07-08T19:02:51.364329,
b53c71e89dbb6a8b,https://fr.linkedin.com/jobs/view/e-commerce-shopify-manager-h-f-at-lux%C3%A9ol-4434864217,E-COMMERCE & SHOPIFY MANAGER H/F,,scraped,2026-07-08T19:03:02.015148,
bd66a60db54ed6f6,https://fr.linkedin.com/jobs/view/toutes-mains-techniques-at-ecg-4437149819,Toutes mains techniques,,scraped,2026-07-08T19:03:08.651253,
e8b5945614fde667,https://mc.linkedin.com/jobs/view/french-speaking-customer-support-specialist-at-talentpop-app-4434887305,French-Speaking Customer Support Specialist,TalentPop App,posted,2026-07-08T19:03:25.882280,241
48baca262507d5de,https://mc.linkedin.com/jobs/view/french-speaking-customer-support-specialist-at-talentpop-app-4434878494,French-Speaking Customer Support Specialist,TalentPop App,scraped,2026-07-08T19:03:29.812711,
283b8c6578383939,https://mc.linkedin.com/jobs/view/french-speaking-customer-support-specialist-at-talentpop-app-4434873674,French-Speaking Customer Support Specialist,TalentPop App,posted,2026-07-08T19:03:34.861641,241
3fd8d4767137c8c4,https://mc.linkedin.com/jobs/view/french-speaking-customer-support-specialist-at-talentpop-app-4434879459,French-Speaking Customer Support Specialist,TalentPop App,scraped,2026-07-08T19:03:38.916269,
88fdccc6d2723ccd,https://mc.linkedin.com/jobs/view/responsable-de-programme-num%C3%A9rique-de-la-mobilit%C3%A9-at-infotel-monaco-sam-4438243209,Responsable de Programme Numérique de la Mobilité,,scraped,2026-07-08T19:03:41.530782,
4ece2062a1a411fc,https://mc.linkedin.com/jobs/view/sp%C3%A9cialiste-bilingue-fran%C3%A7ais-anglais-du-support-client-%E2%80%94-voix-et-chat-at-talentpop-app-4434887300,Spécialiste Bilingue (Français/Anglais) du Support Client — Voix et Chat,TalentPop App,posted,2026-07-08T19:03:57.443372,243
522ddc6a22ab5022,https://mc.linkedin.com/jobs/view/agent-de-support-client%C3%A8le-international-h-f-at-talentpop-app-4434885531,Agent de Support Clientèle International (H/F),TalentPop App,posted,2026-07-08T19:04:06.928110,245
4f58fe36667c207a,https://mc.linkedin.com/jobs/view/agent-de-support-client%C3%A8le-international-h-f-at-talentpop-app-4434875726,Agent de Support Clientèle International (H/F),TalentPop App,posted,2026-07-08T19:04:19.143348,247
09ab359c393f9836,https://mc.linkedin.com/jobs/view/sp%C3%A9cialiste-bilingue-fran%C3%A7ais-anglais-du-support-client-%E2%80%94-voix-et-chat-at-talentpop-app-4434875512,Spécialiste Bilingue (Français/Anglais) du Support Client — Voix et Chat,TalentPop App,posted,2026-07-08T19:04:27.444302,249
d946f6f723c87ec3,https://fr.linkedin.com/jobs/view/gestionnaire-de-paie-et-conseil-social-h-f-at-%C5%8Ddas-conseil-4437414722,Gestionnaire de Paie et Conseil Social (H/F),ŌDAS CONSEIL,posted,2026-07-08T19:04:36.342389,251
102e53a5abbae4d9,https://fr.linkedin.com/jobs/view/manager-engineering-at-palm-real-estate-4432756130,"Manager, Engineering",,scraped,2026-07-08T19:04:39.061828,
17206f87c5197d21,https://fr.linkedin.com/jobs/view/client-advisor-cdd-h-f-cannes-at-prada-group-4428065007,Client Advisor CDD (h/f) Cannes,,scraped,2026-07-08T19:04:50.625060,
b35736e640cc44eb,https://fr.linkedin.com/jobs/view/employ%C3%A9-service-client-f-h-at-galeries-lafayette-4436362038,Employé Service Client F/H,,scraped,2026-07-08T19:05:01.662989,
d3b8071554e2e8f0,https://fr.linkedin.com/jobs/view/aide-%C3%A0-domicile-h-f-antibes-at-admr-des-alpes-maritimes-4435413604,Aide à domicile H/F - Antibes,ADMR des Alpes-Maritimes,posted,2026-07-08T19:05:19.152629,253
9d305029ff229aba,https://fr.linkedin.com/jobs/view/stockiste-stagiaire-h-f-monaco-at-louis-vuitton-4429795924,Stockiste stagiaire (H/F) - Monaco,Louis Vuitton,posted,2026-07-08T19:05:33.199795,255
c2cf87d03c2103d3,https://fr.linkedin.com/jobs/view/agent-commercial-at-capcar-4436411068,Agent commercial,,scraped,2026-07-08T19:05:35.939048,
edc4176a7b91b459,https://fr.linkedin.com/jobs/view/alternance-assistant-e-de-direction-h-f-at-isim-4437052583,Alternance - Assistant(e) de direction H/F,ISIM,posted,2026-07-08T19:05:53.599212,257
f0ef8b2f0146319f,https://fr.linkedin.com/jobs/view/alternance-relation-client-h-f-at-isim-4437061364,Alternance - Relation client H/F,ISIM,posted,2026-07-08T19:06:05.025986,259
3e218141beeda631,https://fr.linkedin.com/jobs/view/alternance-assistant-e-commercial-e-h-f-at-isim-4437061513,Alternance - Assistant(e) commercial(e) H/F,ISIM,posted,2026-07-08T19:06:21.562430,261
17a228e6b3081be0,https://fr.linkedin.com/jobs/view/alternance-assistant-e-de-direction-h-f-at-isim-4437049842,Alternance - Assistant(e) de direction (H/F),ISIM,posted,2026-07-08T19:06:35.044023,263
49ceba3c47641ad2,https://fr.linkedin.com/jobs/view/responsable-quai-de-reception-h-f-at-leclerc-le-poire-sur-vie-4438182727,RESPONSABLE QUAI DE RECEPTION - H/F,,scraped,2026-07-08T19:06:37.815144,
91d552e4710b01d8,https://fr.linkedin.com/jobs/view/responsable-de-portefeuille-comptable-h-f-at-%C5%8Ddas-conseil-4437424406,Responsable de portefeuille comptable (H/F),ŌDAS CONSEIL,posted,2026-07-08T19:06:51.729397,265
2be781c42f4a67ae,https://fr.linkedin.com/jobs/view/cdi-barman-h-f-at-alfred-hotels-4437038236,CDI - Barman H/F,,scraped,2026-07-08T19:06:54.389742,
b43ba6011d529301,https://fr.linkedin.com/jobs/view/community-manager-senior-at-karma-communication-group-4438203963,Community Manager Senior,,scraped,2026-07-08T19:07:03.001345,
8f04e7c4f7f67232,https://fr.linkedin.com/jobs/view/agent-de-contr%C3%B4le-qualit%C3%A9-et-d-entretien-industriel-fh-at-veolia-4438247985,Agent de contrôle qualité et d'entretien industriel FH,,scraped,2026-07-08T19:07:17.348773,
48598c6c1008cd56,https://fr.linkedin.com/jobs/view/alternance-community-manager-h-f-at-isim-4437064440,Alternance - Community manager H/F,ISIM,posted,2026-07-08T19:07:37.524874,267
ab44fe6c17dc42ba,https://fr.linkedin.com/jobs/view/informaticien-f-h-en-alternance-at-apreh-4436845536,Informaticien F/H en alternance,,scraped,2026-07-08T19:07:42.210075,
9f0f953d5d125479,https://fr.linkedin.com/jobs/view/assistant-recrutement-stagiaire-h-f-at-masalex-conseil-4436781303,Assistant recrutement stagiaire H/F,,scraped,2026-07-08T19:07:52.154968,
c97b91fa026ac02b,https://fr.linkedin.com/jobs/view/territory-manager-neodent-sud-est-h-f-at-neodent-4426892511,Territory Manager Neodent - Sud Est H/F,,scraped,2026-07-08T19:07:58.814631,
d05e5fd145bad605,https://fr.linkedin.com/jobs/view/magasinier-e-pi%C3%A8ces-automobiles-h-f-at-volkswagen-group-retail-france-4387978929,Magasinier.e pièces automobiles (H/F),,scraped,2026-07-08T19:08:06.292429,
b1a77ab5b42b3647,https://fr.linkedin.com/jobs/view/data-engineer-h-f-at-septeo-4436597591,Data Engineer H/F,,scraped,2026-07-08T19:08:13.330804,
5cb8d0de18862e95,https://fr.linkedin.com/jobs/view/directeur%C2%B7rice-de-site-directeur%C2%B7rice-de-production-f-h-x-at-equans-france-4435012534,Directeur·rice de Site & Directeur·rice de Production (F/H/X),,scraped,2026-07-08T19:08:20.229865,
b596b7a4e99ca0ac,https://fr.linkedin.com/jobs/view/adjoint-magasin-blue-box-nice-h-f-at-blue-box-4437494262,Adjoint magasin Blue Box Nice H/F,,scraped,2026-07-08T19:08:27.443897,
592e4e716a7c2035,https://fr.linkedin.com/jobs/view/support-client-francophone-%E2%80%93-t%C3%A9l%C3%A9travail-en-gr%C3%A8ce-relocalisation-incluse-at-fh-collective-academy-4436008959,"Support Client Francophone – Télétravail en Grèce, Relocalisation incluse",FH Collective - Academy,posted,2026-07-08T19:08:45.497856,269
cd5fa8cb7a42ae4f,https://fr.linkedin.com/jobs/view/maitre-nageur-sauveteur-at-groupe-barri%C3%A8re-4432753860,Maitre Nageur/Sauveteur,,scraped,2026-07-08T19:08:50.306644,
151b50d6d1c86f3a,https://fr.linkedin.com/jobs/view/assistant-comptable-clients-pme-h-f-at-%C5%8Ddas-conseil-4437410733,Assistant comptable clients PME (H/F),ŌDAS CONSEIL,posted,2026-07-08T19:09:06.725552,271
76162f414fe0d55d,https://fr.linkedin.com/jobs/view/business-developer-at-hoxton-partners-4428939003,Business Developer,,scraped,2026-07-08T19:09:09.426431,
a57772e88f7b4060,https://fr.linkedin.com/jobs/view/technicien-ne-de-maintenance-ssi-h-f-at-eurofeu-4437029483,Technicien(ne) de maintenance SSI- H/F,,scraped,2026-07-08T19:09:17.241939,
8199994a24c14801,https://fr.linkedin.com/jobs/view/business-manager-antibes-france-h-f-at-astek-4423153058,"Business Manager - Antibes, France  (H/F)",Astek,posted,2026-07-08T19:09:35.329968,273
f8dd6d459e3d1656,https://fr.linkedin.com/jobs/view/alternance-assistant-e-de-gestion-pme-pmi-h-f-at-isim-4437041957,Alternance Assistant(e) de Gestion PME/PMI H/F,ISIM,posted,2026-07-08T19:09:47.186581,275
e00114c922feb215,https://fr.linkedin.com/jobs/view/responsable-du-service-facturation-et-admissions-at-h%C3%B4pital-d-antibes-4433955368,RESPONSABLE DU SERVICE FACTURATION ET ADMISSIONS,,scraped,2026-07-08T19:09:49.898417,
0ef329f2b9b8cd64,https://fr.linkedin.com/jobs/view/responsable-adjoint-magasin-h-f-at-hema-france-4436565941,Responsable adjoint magasin H/F,,scraped,2026-07-08T19:11:05.288150,
6de0f8a3b9f2fdcd,https://fr.linkedin.com/jobs/view/aide-%C3%A0-domicile-h-f-tourrette-levens-at-admr-des-alpes-maritimes-4436522727,Aide à domicile H/F - Tourrette-Levens,ADMR des Alpes-Maritimes,posted,2026-07-08T19:11:26.422322,277
f932adb6965525b4,https://fr.linkedin.com/jobs/view/conseiller-location-immobilier-h-f-at-guy-hoquet-l-immobilier-4438159645,Conseiller location immobilier (H/F),,scraped,2026-07-08T19:11:29.118271,
092b5795eae9afde,https://fr.linkedin.com/jobs/view/commis-de-salle-h-f-at-la-m%C3%B4me-groupe-4434834690,Commis de Salle (H/F),,scraped,2026-07-08T19:11:36.222350,
2edea61ec24f4ab2,https://fr.linkedin.com/jobs/view/sp%C3%A9cialiste-electricit%C3%A9-h-f-at-groupe-qualiconsult-4434565485,Spécialiste Electricité H/F,,scraped,2026-07-08T19:11:43.797151,
5f0d7c7809ab36d7,https://fr.linkedin.com/jobs/view/garde-d-enfants-babysitting-h-f-at-yoopala-4435233530,"Garde d'enfants, Babysitting (H/F)",,scraped,2026-07-08T19:11:50.723301,
d67777160be51ff3,https://fr.linkedin.com/jobs/view/alternance-assistant-e-d%C3%A9veloppement-rh-h-f-at-isim-4437050825,Alternance - Assistant(e) Développement RH H/F,ISIM,posted,2026-07-08T19:12:08.424832,279
f521f3ad22060ef4,https://fr.linkedin.com/jobs/view/aide-%C3%A0-domicile-h-f-at-admr-des-alpes-maritimes-4436074683,Aide à domicile H/F,ADMR des Alpes-Maritimes,posted,2026-07-08T19:12:20.979962,281
4351b7371d4f85ca,https://mc.linkedin.com/jobs/view/praticien-hospitalie-en-oncologie-h%C3%A9matologie-at-what-s-up-doc-4437159634,praticien hospitalie en oncologie-hématologie,,scraped,2026-07-08T19:12:23.590707,
b9fec3077e3e0c04,https://fr.linkedin.com/jobs/view/product-design-engineer-at-kodu-4423383292,Product Design Engineer,,scraped,2026-07-08T19:12:30.773926,
b9ba5556ce13ac5a,https://fr.linkedin.com/jobs/view/alternance-manager-commercial-h-f-at-isim-4437065087,Alternance - Manager Commercial (H/F),ISIM,posted,2026-07-08T19:12:41.734563,147
ecce2dd1ed9621a3,https://mc.linkedin.com/jobs/view/longevity-co-founder-cpo-100-%25-remote-m-f-d-at-ewor-4435468946,Longevity Co-Founder / CPO (100 % remote) (m/f/d),,scraped,2026-07-08T19:12:44.384500,
d889c2f42469afd5,https://fr.linkedin.com/jobs/view/diagnostiqueur-immobilier-f-h-at-hyp%C3%A9rion-d%C3%A9veloppement-4435254433,Diagnostiqueur immobilier F/H,,scraped,2026-07-08T19:12:50.938456,
825dd7d820c4ab7a,https://fr.linkedin.com/jobs/view/alternance-commercial-s%C3%A9dentaire-h-f-at-isim-4437059354,Alternance - Commercial sédentaire H/F,ISIM,posted,2026-07-08T19:13:07.761050,283
803a0b4523f3980f,https://fr.linkedin.com/jobs/view/service-delivery-manager-h-f-nb-at-keyrus-4437074503,Service Delivery Manager (H/F/NB),,scraped,2026-07-08T19:13:10.637817,
5b94f2227ab4e90e,https://fr.linkedin.com/jobs/view/service-delivery-manager-h-f-nb-at-keyrus-4437053999,Service Delivery Manager (H/F/NB),,scraped,2026-07-08T19:13:17.503038,
2bef49fc10201636,https://fr.linkedin.com/jobs/view/employ%C3%A9-e-de-r%C3%A9serve-at-mango-4435245170,EMPLOYÉ/E DE RÉSERVE,,scraped,2026-07-08T19:13:24.115527,
afb7ee08ee22a46d,https://fr.linkedin.com/jobs/view/accompagnant-%C3%A9ducatif-et-social-aes-h-f-at-fondation-perce-neige-4436075669,Accompagnant éducatif et social (AES) (H/F),,scraped,2026-07-08T19:13:30.751097,
4562d2dafa19fce7,https://fr.linkedin.com/jobs/view/alternance-cadre-administratif-ve-h-f-at-isim-4437067278,Alternance - Cadre administratif (ve) H/F,ISIM,posted,2026-07-08T19:13:46.042546,285
b6f78d674f396b91,https://fr.linkedin.com/jobs/view/pmo-fundings-h-f-at-scalian-4419850977,PMO Fundings H/F,,scraped,2026-07-08T19:13:48.778350,
99ad7d55be8f0a23,https://fr.linkedin.com/jobs/view/stage-r%C3%A9gional-r%C3%A9seaux-sociaux-at-hotel-du-cap-eden-roc-4433198746,Stage Régional Réseaux Sociaux,Hotel du Cap-Eden-Roc,posted,2026-07-08T19:14:06.174261,287
ddd5f53c54a8dfec,https://fr.linkedin.com/jobs/view/alternance-assistant-e-comptable-h-f-at-isim-4437054547,Alternance - Assistant(e) Comptable H/F,ISIM,posted,2026-07-08T19:14:19.355585,289
0dcbfdaf269524c7,https://mc.linkedin.com/jobs/view/private-personal-assistant-trilingual-italian-english-french-at-euro-london-4433951149,"Private Personal Assistant - Trilingual Italian, English, French",,scraped,2026-07-08T19:14:21.980599,
6f7c77e2b5b04bda,https://mc.linkedin.com/jobs/view/agent-de-support-client%C3%A8le-international-h-f-at-talentpop-app-4434876654,Agent de Support Clientèle International (H/F),TalentPop App,posted,2026-07-08T19:14:35.931974,291
ad3671e853c51ca8,https://fr.linkedin.com/jobs/view/d%C3%A9veloppeur-d%C3%A9veloppeuse-at-statera-4438229567,Développeur/Développeuse,,scraped,2026-07-08T19:14:42.862914,
b70d732cda06686d,https://fr.linkedin.com/jobs/view/stage-r%C3%A9gional-marketing-digital-at-hotel-du-cap-eden-roc-4433714008,Stage Régional Marketing Digital,Hotel du Cap-Eden-Roc,posted,2026-07-08T19:15:03.692891,293
4e06433ec394cdea,https://fr.linkedin.com/jobs/view/business-developer-account-manager-en-alternance-h-f-nice-at-refectory-4436333264,Business Developer & Account Manager en alternance (H/F) - NIce,,scraped,2026-07-08T19:15:10.557748,
4619a4431a1a9d49,https://fr.linkedin.com/jobs/view/assistant-projet-f-h-randstad-professional-at-aerocontact-4434962260,ASSISTANT PROJET (F/H) - Randstad professional,AEROCONTACT.COM,posted,2026-07-08T19:15:27.892903,295
0f6ada9627586ba8,https://fr.linkedin.com/jobs/view/vendeur%C2%B7se-exp%C3%A9riment%C3%A9%C2%B7e-h-f-%E2%80%93-temps-plein-at-opera-and-co-4437407386,Vendeur·se expérimenté·e (H/F) – Temps plein,OPERA AND CO,posted,2026-07-08T19:15:38.469648,297
69d23773b600dc0e,https://fr.linkedin.com/jobs/view/m%C3%A9canicien-frigoriste-h-f-at-groupe-ippolito-4436251180,Mécanicien Frigoriste H/F,,scraped,2026-07-08T19:15:41.188981,
09ca187ca31cfc24,https://fr.linkedin.com/jobs/view/stage-assistant-e-visuel-merchandising-boutique-mode-sud-janvier-2023-at-chanel-4399154560,"STAGE - Assistant(e) Visuel merchandising, boutique Mode SUD, JANVIER 2023",CHANEL,posted,2026-07-08T19:15:58.719172,299
045cb2190bbb1fe8,https://fr.linkedin.com/jobs/view/manager-talent-development-h-f-at-skema-business-school-4436701505,Manager Talent Development H/F,SKEMA Business School,posted,2026-07-08T19:16:09.955760,301
c50fcf8d35008c5a,https://fr.linkedin.com/jobs/view/assistant-store-manager-m-f-d-tommy-hilfiger-calvin-klein-%E2%80%93-galeries-lafayette-%E2%80%93-nice-cap-3000-cdi-35h-at-pvh-corp-4367447768,Assistant Store Manager (m/f/d*) - Tommy Hilfiger & Calvin Klein – Galeries Lafayette – Nice Cap 3000 - CDI 35h,PVH Corp.,posted,2026-07-08T19:16:21.438501,303
3c8678d4b32d6860,https://fr.linkedin.com/jobs/view/agent-de-m%C3%A9nage-en-contrat-d-extra-f-h-at-vacanc%C3%A9ole-4437127102,Agent de ménage en contrat d'extra F/H,,scraped,2026-07-08T19:16:24.074947,
a4689f8e062bf91e,https://fr.linkedin.com/jobs/view/aide-%C3%A0-domicile-h-f-breil-sur-roya-at-admr-des-alpes-maritimes-4436084840,Aide à domicile H/F - Breil-sur-Roya,ADMR des Alpes-Maritimes,posted,2026-07-08T19:16:42.727649,305
502ce7afd0145705,https://mc.linkedin.com/jobs/view/credit-manager-h-f-anglais-courant-2j-t%C3%A9l%C3%A9travail-at-talents-finance-4437015670,Credit Manager H/F - Anglais Courant - 2j Télétravail,,scraped,2026-07-08T19:16:45.314956,
b1a904f063d1590d,https://fr.linkedin.com/jobs/view/responsable-d%E2%80%99agence-f-h-at-a2micile-europe-4438264351,Responsable d’agence F/H,,scraped,2026-07-08T19:16:53.235621,
dee900b9fddac46d,https://fr.linkedin.com/jobs/view/contrat-d-extra-night-audit-h-f-at-radisson-hotel-group-4436196340,Contrat d'extra - Night Audit (H/F),Radisson Hotel Group,posted,2026-07-08T19:17:17.761727,307
8e2693ba44addd7a,https://fr.linkedin.com/jobs/view/secr%C3%A9taire-m%C3%A9dicale-biologie-m%C3%A9dicale-at-eurofins-4436712340,Secrétaire Médicale - Biologie Médicale,,scraped,2026-07-08T19:17:20.399183,
539ba2713ee10e49,https://fr.linkedin.com/jobs/view/collaborateur-comptable-confirm%C3%A9-h-f-at-%C5%8Ddas-conseil-4436435336,Collaborateur comptable confirmé (H/F),ŌDAS CONSEIL,posted,2026-07-08T19:17:38.166346,309
3b6aa5ce0cc041f3,https://fr.linkedin.com/jobs/view/poseur-en-menuiserie-et-agencement-bois-at-lazer-agencement-4433197905,Poseur en menuiserie et agencement bois.,,scraped,2026-07-08T19:17:44.848783,
24bc3e6b89217482,https://fr.linkedin.com/jobs/view/alternance-office-manager-h-f-at-isim-4437060500,Alternance - Office Manager H/F,ISIM,posted,2026-07-08T19:18:00.902142,311
a318c653b0e9053f,https://fr.linkedin.com/jobs/view/alternance-assistant-e-comptable-h-f-at-isim-4437050815,Alternance - Assistant(e) Comptable H/F,ISIM,posted,2026-07-08T19:18:15.699652,313
3b51a0cc9d2460aa,https://fr.linkedin.com/jobs/view/responsable-d-agence-h-f-at-la-maison-des-travaux-france-4379025725,Responsable d'agence (H/F),,scraped,2026-07-08T19:18:18.452392,
b76eb807f2378919,https://fr.linkedin.com/jobs/view/data-engineer-h-f-nb-at-keyrus-4437061963,Data Engineer (H/F/NB),,scraped,2026-07-08T19:18:26.904407,
4d91883817084dac,https://fr.linkedin.com/jobs/view/data-engineer-h-f-nb-at-keyrus-4437065612,Data Engineer (H/F/NB),,scraped,2026-07-08T19:18:33.662630,
96b480b3b11b9179,https://fr.linkedin.com/jobs/view/vendeur-euse-en-cdi-19h-at-lovisa-pty-ltd-4437438221,Vendeur(euse) en CDI 19H,,scraped,2026-07-08T19:18:40.258103,
8027e208b28e0748,https://fr.linkedin.com/jobs/view/alternance-manager-de-rayon-h-f-at-isim-4437060354,Alternance Manager de Rayon H/F,ISIM,posted,2026-07-08T19:18:55.391407,315
565a8369e5dca0b9,https://fr.linkedin.com/jobs/view/secr%C3%A9taire-m%C3%A9dicale-biologie-m%C3%A9dicale-at-eurofins-4438266193,Secrétaire Médicale - Biologie Médicale,,scraped,2026-07-08T19:18:58.042229,
ba68bb580e59b5a2,https://fr.linkedin.com/jobs/view/charge-de-risque-credit%E2%80%93-nice-h-f-at-caisse-d-epargne-cote-d-azur-4434880594,CHARGE DE RISQUE CREDIT– Nice - H/F,CAISSE D'EPARGNE COTE D'AZUR,posted,2026-07-08T19:19:15.411662,317
e1eaf9400d6654db,https://mc.linkedin.com/jobs/view/digital-sales-support-representative-at-talentpop-app-4434880391,Digital Sales & Support Representative,TalentPop App,posted,2026-07-08T19:19:25.385257,319
e3f9913dcd1ffe5c,https://fr.linkedin.com/jobs/view/ma%C3%AEtre-d-h%C3%B4tel-cdd-saisonnier-h-f-at-radisson-hotel-group-4438236526,Maître d'hôtel CDD Saisonnier (h/f),Radisson Hotel Group,posted,2026-07-08T19:19:42.083604,321
da3e40041b568835,https://fr.linkedin.com/jobs/view/infirmier-h-f-at-smart-sant%C3%A9-conseil-4436246498,Infirmier (H/F),Smart Santé Conseil,posted,2026-07-08T19:20:24.951429,203
b861505b508321d2,https://fr.linkedin.com/jobs/view/responsable-commercial-chef-d-agence-h-f-at-la-maison-des-travaux-france-4308011768,Responsable commercial - Chef d'agence (H/F),,scraped,2026-07-08T19:20:29.622316,
3fb43916d45e3d13,https://fr.linkedin.com/jobs/view/alternance-vendeur-conseil-h-f-at-isim-4437056575,Alternance Vendeur Conseil H/F,ISIM,posted,2026-07-08T19:20:46.928747,323
60450bb61702bfcf,https://mc.linkedin.com/jobs/view/internship-ultra-high-net-worth-uhnw-6-months-at-ubs-4438250185,Internship Ultra High Net Worth (UHNW) - 6 months,UBS,posted,2026-07-08T19:20:59.656981,325
27320ace5f100220,https://fr.linkedin.com/jobs/view/ai-engineer-h-f-nb-at-keyrus-4437077199,AI Engineer (H/F/NB),,scraped,2026-07-08T19:21:02.337263,
00b5f2d527b914c2,https://fr.linkedin.com/jobs/view/ai-engineer-h-f-nb-at-keyrus-4437071372,AI Engineer (H/F/NB),,scraped,2026-07-08T19:21:08.879229,
7ca9c8919abbff3d,https://fr.linkedin.com/jobs/view/chef-d-%C3%A9quipe-magasinier-h-f-at-technidrill-4436315644,Chef d'équipe magasinier H/F,Technidrill,posted,2026-07-08T23:49:03.794681,327
7cd072ebc32ce038,https://fr.linkedin.com/jobs/view/fabricant-de-supports-publicitaires-plv-h-f-at-exhibit-group-4437433394,Fabricant de Supports Publicitaires (PLV) - H/F,,scraped,2026-07-08T23:49:08.441919,
33d130d3b960f8dd,https://fr.linkedin.com/jobs/view/nice-distribution-de-flyers-nocib%C3%A9-21-et-22-ao%C3%BBt-28-et-29-ao%C3%BBt-at-plany-4436489030,NICE - Distribution de flyers NOCIBÉ - 21 et 22 août / 28 et 29 août,,scraped,2026-07-08T23:49:18.782441,
9cfd8e33a36b3637,https://fr.linkedin.com/jobs/view/educateur-specialise-h-f-at-association-paje-pasteur-avenir-jeunesse-4435254384,EDUCATEUR SPECIALISE H/F,,scraped,2026-07-08T23:49:40.112493,
d1c1b896d920313f,https://mc.linkedin.com/jobs/view/fleet-manager-at-c-transport-maritime-s-a-m-4437752700,Fleet Manager,,scraped,2026-07-08T23:49:48.749531,
4e7def8b08f7dd60,https://mc.linkedin.com/jobs/view/stage-assistant-e-visuel-merchandising-boutique-mode-sud-janvier-2023-at-chanel-4306059757,"STAGE - Assistant(e) Visuel merchandising, boutique Mode SUD, JANVIER 2023",CHANEL,posted,2026-07-08T23:50:20.581068,329
f635b53653db6c7c,https://fr.linkedin.com/jobs/view/agent-d-entretien-h-f-at-clinitex-groupe-4436337145,Agent d'entretien H/F,,scraped,2026-07-08T23:50:23.153568,
8b754a54c826ad33,https://fr.linkedin.com/jobs/view/ma%C3%AEtre-d-h%C3%B4tel-restaurant-riviera-cdd-saisonnier-h-f-at-the-maybourne-riviera-4437491383,Maître d'Hôtel - Restaurant Riviera - CDD Saisonnier - H/F,,scraped,2026-07-08T23:50:33.220945,
435808f892df7c5b,https://mc.linkedin.com/jobs/view/chef-d-%C3%A9quipe-collecte-h-f-at-sma-monaco-4436344778,Chef d'équipe Collecte H/F,SMA Monaco,posted,2026-07-08T23:50:58.953761,331
c3f561bff92b8a7f,https://fr.linkedin.com/jobs/view/secr%C3%A9taire-m%C3%A9dical-en-alternance-f-h-at-walter-learning-4438136113,Secrétaire Médical en alternance F/H,,scraped,2026-07-08T23:51:03.611339,
8973c8eeadc68ac8,https://fr.linkedin.com/jobs/view/acheteur-march%C3%A9s-publics-cdi-h-f-at-palais-des-festivals-et-des-congr%C3%A8s-de-cannes-4436085907,Acheteur marchés publics CDI - H/F,,scraped,2026-07-08T23:51:12.291425,
51120181cc8e6e84,https://fr.linkedin.com/jobs/view/pr%C3%A9parateur-de-commandes-livreur-drive-f-h-at-auchan-retail-4433197238,Préparateur de commandes / livreur drive F/H,,scraped,2026-07-08T23:51:20.714543,
e4097af265b1a243,https://fr.linkedin.com/jobs/view/pr%C3%A9parateur-de-commandes-livreur-drive-f-h-at-auchan-retail-4433198247,Préparateur de commandes / livreur drive F/H,,scraped,2026-07-08T23:51:27.889454,
d4687c6ed6284010,https://fr.linkedin.com/jobs/view/alternance-community-manager-h-f-at-isim-4437052688,Alternance Community manager H/F,ISIM,posted,2026-07-08T23:51:39.121850,267
4da8335f0562a993,https://fr.linkedin.com/jobs/view/garde-d-enfant-%C3%A0-domicile-h-f-at-family-sphere-4434583779,Garde d'enfant à domicile  (H/F),Family Sphere,posted,2026-07-08T23:51:54.121934,333
13540623b5b6f8a2,https://fr.linkedin.com/jobs/view/pr%C3%A9parateur-de-commandes-livreur-drive-f-h-at-auchan-retail-4433703121,Préparateur de commandes / livreur drive F/H,,scraped,2026-07-08T23:51:56.820394,
d2292c941692b527,https://fr.linkedin.com/jobs/view/conseiller-livraison-h-f-at-groupement-des-concessionnaires-renault-4436815352,Conseiller livraison H/F,,scraped,2026-07-08T23:52:03.997433,
e4520bd42f1cf69a,https://fr.linkedin.com/jobs/view/gestionnaire-rh-h-f-at-admr-des-alpes-maritimes-4436088408,Gestionnaire RH H/F,ADMR des Alpes-Maritimes,posted,2026-07-08T23:52:25.356637,335
2aa8e2d001158463,https://fr.linkedin.com/jobs/view/pr%C3%A9parateur-livreur-e-commerce-saison-juillet-et-ao%C3%BBt-h-f-at-coop%C3%A9rative-u-4436368775,Préparateur/livreur e-commerce Saison - Juillet et Août H/F,Coopérative U,posted,2026-07-08T23:52:35.069586,337
501300f48804537f,https://fr.linkedin.com/jobs/view/surveillant-de-nuit-h-f-at-association-paje-pasteur-avenir-jeunesse-4437303024,Surveillant de nuit H/F,,scraped,2026-07-08T23:52:43.823610,
40cf419040537191,https://fr.linkedin.com/jobs/view/alternance-n%C3%A9gociateur-trice-commercial-e-h-f-at-isim-4437052780,Alternance Négociateur(trice) commercial(e)  H/F,ISIM,posted,2026-07-08T23:53:03.837633,339
38b3ee20c63dcd0e,https://fr.linkedin.com/jobs/view/factotum-agent-de-maintenance-f-h-at-association-paje-pasteur-avenir-jeunesse-4435253514,Factotum agent de maintenance F/H,,scraped,2026-07-08T23:53:06.526750,
184f6a637b022df5,https://fr.linkedin.com/jobs/view/ing%C3%A9nieur-assurance-qualit%C3%A9-%E2%80%93-qualification-validation-at-talent-sourcing-4436766362,Ingénieur Assurance Qualité – Qualification & Validation,Talent Sourcing,posted,2026-07-08T23:53:23.387450,341
098d8bd2a0871849,https://fr.linkedin.com/jobs/view/garde-d-enfant-%C3%A0-domicile-h-f-at-family-sphere-4434591594,Garde d'enfant à domicile (H/F),Family Sphere,posted,2026-07-08T23:53:39.861284,343
24604d5280538b7b,https://mc.linkedin.com/jobs/view/product-owner-logiciel-saas-conformit%C3%A9-r%C3%A9glementaire-h-f-at-phoenix-consulting-monaco-4437081159,Product Owner - Logiciel SaaS Conformité Réglementaire (H/F),,scraped,2026-07-08T23:53:42.371822,
b7e7d4c1aaf03783,https://fr.linkedin.com/jobs/view/garde-d-enfant-%C3%A0-domicile-h-f-at-family-sphere-4434552803,Garde d'enfant à domicile (H/F),Family Sphere,scraped,2026-07-08T23:54:13.645142,
68fd77b0ec692fbe,https://fr.linkedin.com/jobs/view/product-owner-h-f-at-aleysia-4436597340,Product Owner (H/F),,scraped,2026-07-08T23:54:16.314074,
1c455d6a6ac848b3,https://fr.linkedin.com/jobs/view/acheteur-industriel-h-f-manpower-at-aerocontact-4434211941,Acheteur industriel H/F - MANPOWER,AEROCONTACT.COM,posted,2026-07-08T23:54:38.067332,345
d0d783836fa51a8c,https://fr.linkedin.com/jobs/view/charge-de-relations-entreprises-f-h-at-r%C3%A9seau-comp%C3%A9tences-et-d%C3%A9veloppement-4433714524,CHARGE DE RELATIONS ENTREPRISES F/H,,scraped,2026-07-08T23:54:40.697688,
75ae61f587b5e47b,https://fr.linkedin.com/jobs/view/jrfp-fellow-junior-researcher-code-eu-2026-o904-at-european-institute-of-policy-research-and-human-rights-aisbl-4437055587,(JRFP)-Fellow- Junior Researcher (Code: EU-2026-O904),,scraped,2026-07-08T23:54:47.987972,
d71ee5be4cb372c4,https://fr.linkedin.com/jobs/view/responsable-merchandising-visuel-at-c-a-4437808662,Responsable merchandising visuel,,scraped,2026-07-08T23:54:59.160825,
d948085c0931673e,https://fr.linkedin.com/jobs/view/aide-%C3%A0-domicile-h-f-antibes-at-admr-des-alpes-maritimes-4436546032,Aide à domicile H/F - Antibes,ADMR des Alpes-Maritimes,posted,2026-07-08T23:55:17.900787,347
c83e3bde4e36d76e,https://it.linkedin.com/jobs/view/marketing-specialist-junior-at-mastelli-bio-pharmaceutical-company-italy-4436546344,Marketing Specialist Junior,,scraped,2026-07-08T23:55:20.597276,
f945b4c663b6bd27,https://fr.linkedin.com/jobs/view/d%C3%A9veloppeur-java-back-end-at-inforca-4433170421,Développeur Java Back-End,,scraped,2026-07-08T23:55:28.307487,
511034d95e912dfc,https://fr.linkedin.com/jobs/view/stage-marketing-communication-h-f-at-le-labo-coworking-%E2%9A%97%EF%B8%8F-4429519734,STAGE Marketing/Communication H/F,,scraped,2026-07-08T23:55:41.809899,
77a7adfc50def299,https://fr.linkedin.com/jobs/view/alternance-manager-des-ventes-f-h-nice-medecin-at-sephora-4437145964,Alternance - Manager des Ventes (F/H) - Nice Medecin,,scraped,2026-07-08T23:55:50.540749,
ba934f12600204d2,https://fr.linkedin.com/jobs/view/charg%C3%A9-de-valorisation-de-l-%C3%A9nergie-h-f-at-tse-%C3%A9nergie-de-confiance-4436755941,Chargé de valorisation de l'énergie H/F,,scraped,2026-07-08T23:55:57.341777,
244f8efcbc02358e,https://fr.linkedin.com/jobs/view/alternance-community-manager-h-f-at-isim-4437066265,Alternance Community manager H/F,ISIM,posted,2026-07-08T23:56:20.320631,267
91728eaf563fbdd3,https://fr.linkedin.com/jobs/view/cdd-conseiller-de-vente-galeries-lafayette-nice-at-diptyque-paris-4436349650,CDD - Conseiller de vente - Galeries Lafayette Nice,,scraped,2026-07-08T23:56:26.956162,
dc3ca1f0595bcce4,https://fr.linkedin.com/jobs/view/strong-communicators-needed-for-an-airbnb-luxe-home-consultant-project-alpes-maritimes-fr-at-upwork-4434861683,"Strong Communicators Needed for An Airbnb Luxe Home Consultant Project - Alpes Maritimes, FR",Upwork,posted,2026-07-08T23:56:44.180400,349
2f8626874aea4b67,https://fr.linkedin.com/jobs/view/charge-de-clientele-particuliers-f-h-nice-at-banque-populaire-m%C3%A9diterran%C3%A9e-bpmed-4427351368,CHARGE DE CLIENTELE PARTICULIERS (F/H) - NICE,,scraped,2026-07-08T23:56:54.820982,
0764601eaeec6981,https://fr.linkedin.com/jobs/view/formateur-at-iseg-4438213278,Formateur,ISEG,posted,2026-07-08T23:57:18.804911,351
1137d8c493968c7a,https://fr.linkedin.com/jobs/view/vendeur-at-le-temps-des-cerises-jeans-4434831796,VENDEUR,LE TEMPS DES CERISES JEANS,posted,2026-07-08T23:57:38.216454,353
71ac0b8ba62a3b68,https://fr.linkedin.com/jobs/view/h-f-consultant-e-en-location-at-l-adresse-anjou-maine-4436412612,(H/F) Consultant(e) en location,,scraped,2026-07-08T23:57:40.866484,
12becc547a11c383,https://fr.linkedin.com/jobs/view/alternance-aide-comptable-h-f-at-isim-4437060350,Alternance - Aide Comptable H/F,ISIM,posted,2026-07-08T23:58:03.075400,355
0218f53ca58bac8c,https://fr.linkedin.com/jobs/view/alternance-assistant-e-administratif-ve-des-ventes-h-f-at-isim-4437060363,Alternance - Assistant(e) administratif-ve des ventes H/F,ISIM,posted,2026-07-08T23:58:13.577701,357
b1fec6d90428c876,https://mc.linkedin.com/jobs/view/french-customer-support-representative-%E2%80%93-remote-in-greece-relocation-supported-at-fh-collective-academy-4436013779,French Customer Support Representative – Remote in Greece - Relocation supported,FH Collective - Academy,posted,2026-07-08T23:58:21.891577,359
af2456805b7b7781,https://fr.linkedin.com/jobs/view/client-advisor-at-maneb%C3%AD-4437886193,Client Advisor,,scraped,2026-07-08T23:58:24.541421,
a8ee8d68d589fd10,https://fr.linkedin.com/jobs/view/aide-soignant-h-f-at-smart-sant%C3%A9-conseil-4436250233,Aide-soignant (H/F),Smart Santé Conseil,posted,2026-07-08T23:59:13.248792,195
7aa001003060e556,https://fr.linkedin.com/jobs/view/aide-%C3%A0-domicile-h-f-haut-paillon-at-admr-des-alpes-maritimes-4436085842,Aide à domicile H/F - Haut-Paillon,ADMR des Alpes-Maritimes,posted,2026-07-08T23:59:27.462688,361
f6caee639e17e65d,https://fr.linkedin.com/jobs/view/apprenti-menuisier-aluminium-verre-h-f-en-apprentissage-at-cfa-du-b%C3%A2timent-aix-en-provence-4436484415,Apprenti menuisier aluminium verre (H/F) en Apprentissage,,scraped,2026-07-08T23:59:30.108271,
e2c7f6693400a46e,https://mc.linkedin.com/jobs/view/comptable-junior-ou-confirm%C3%A9-e-h-f-%E2%80%93-monaco-at-mvip-consulting-4437067794,COMPTABLE JUNIOR OU CONFIRMÉ(E) (H/F) – MONACO,,scraped,2026-07-08T23:59:37.186267,
bbb7c32046ceb7c8,https://fr.linkedin.com/jobs/view/alternance-manager-commercial-h-f-at-isim-4436531229,Alternance - Manager Commercial (H/F),ISIM,posted,2026-07-08T23:59:47.601712,147
8512d0f81146b33c,https://fr.linkedin.com/jobs/view/data-scientist-%E2%80%93-machine-deep-learning-h-f-at-davidson-consulting-4249295590,Data Scientist – Machine Deep learning (H/F),,scraped,2026-07-08T23:59:50.332592,
cd869bfd9fbbd1f9,https://fr.linkedin.com/jobs/view/aide-%C3%A0-domicile-h-f-drap-at-admr-des-alpes-maritimes-4436089428,Aide à domicile H/F - Drap,ADMR des Alpes-Maritimes,posted,2026-07-09T00:00:15.462034,363
6bacb1f9118b9ab2,https://fr.linkedin.com/jobs/view/conseiller-de-vente-h-f-cdi-galeries-lafayette-nice-cap-3000-at-maje-4434623811,Conseiller de Vente H/F - CDI - Galeries Lafayette Nice Cap 3000,,scraped,2026-07-09T00:00:18.119574,
79942aa03713d747,https://fr.linkedin.com/jobs/view/r%C3%A9ceptionniste-h-f-at-belambra-4436970897,Réceptionniste H/F,,scraped,2026-07-09T00:00:25.742013,
5c5a8cd3ff2b1317,https://fr.linkedin.com/jobs/view/aide-%C3%A0-domicile-h-f-cagnes-sur-mer-at-admr-des-alpes-maritimes-4435407931,Aide à domicile H/F - Cagnes sur Mer,ADMR des Alpes-Maritimes,posted,2026-07-09T00:01:48.320857,365
c2d4a8b514aa2647,https://fr.linkedin.com/jobs/view/apprenti-e-r%C3%A9ceptionniste-en-h%C3%B4tellerie-formation-en-alternance-nice-06-h-f-at-neo-sphere-formation-4438235691,Apprenti(e) Réceptionniste en Hôtellerie - Formation en alternance | Nice (06) (H/F),NEO SPHERE Formation,posted,2026-07-09T00:01:59.016454,367
1e1497a7612738fd,https://fr.linkedin.com/jobs/view/directeur-trice-d-agence-concessionnaire-natibox-at-natibox-studio-de-jardin-environnemental-4437774636,Directeur/trice d'agence concessionnaire NATIBOX,,scraped,2026-07-09T00:02:03.662657,
64263acce7516de0,https://fr.linkedin.com/jobs/view/apprentissage-dessinateur-b%C3%A9ton-arm%C3%A9-h-f-at-l-usine-nouvelle-4434884860,Apprentissage dessinateur béton armé H/F,L'Usine Nouvelle,posted,2026-07-09T00:03:32.643669,369
4798f317a9e5fbbd,https://fr.linkedin.com/jobs/view/cdd-barman-h-f-at-alfred-hotels-4437038236,CDD - Barman H/F,,scraped,2026-07-09T00:03:35.262230,
39a9d4a303c7960e,https://fr.linkedin.com/jobs/view/alternance-assitant-e-commercial-e-en-immobilier-at-beauchamp-estates-france-4438227667,Alternance assitant(e) commercial(e) en immobilier,Beauchamp Estates France,posted,2026-07-09T00:05:03.803003,371
f59f8d3ba5fa76d5,https://fr.linkedin.com/jobs/view/repasseur-repasseuse-at-hotel-du-cap-eden-roc-4431953615,Repasseur/Repasseuse,Hotel du Cap-Eden-Roc,posted,2026-07-09T00:06:20.825219,373
3c9ee3f3757a1329,https://fr.linkedin.com/jobs/view/business-analyst-senior-antibes-france-h-f-at-astek-4434861674,"Business Analyst Senior - Antibes, France  (H/F)",,scraped,2026-07-09T00:06:25.572671,
5c043dd8c6a89f10,https://fr.linkedin.com/jobs/view/interim-chief-financial-officer-at-ukpharm-limited-4438224859,Interim Chief Financial Officer,UKPHARM LIMITED,posted,2026-07-09T00:07:45.846360,375
3319cdd7d716032e,https://fr.linkedin.com/jobs/view/alternance-adjoint-responsable-drive-et-e-commerce-h-f-at-isim-4437058495,Alternance - Adjoint responsable drive et e-commerce (H/F),ISIM,posted,2026-07-09T00:09:13.420110,377
fa60c0d28a785bc9,https://fr.linkedin.com/jobs/view/alternance-adjoint-responsable-drive-et-e-commerce-h-f-at-isim-4437063411,Alternance - Adjoint responsable drive et e-commerce (H/F),ISIM,scraped,2026-07-09T00:09:19.110188,
be7a6b0158a36606,https://fr.linkedin.com/jobs/view/alternance-adjoint-responsable-drive-et-e-commerce-h-f-at-isim-4437048985,Alternance - Adjoint responsable drive et e-commerce (H/F),ISIM,scraped,2026-07-09T00:09:24.869210,
f0d25895b73ac17e,https://fr.linkedin.com/jobs/view/alternance-vendeur-conseil-h-f-at-isim-4437063435,Alternance Vendeur Conseil H/F,ISIM,posted,2026-07-09T00:10:55.347706,323
ec769bad805a326f,https://mc.linkedin.com/jobs/view/digital-sales-support-representative-at-talentpop-app-4434883302,Digital Sales & Support Representative,TalentPop App,posted,2026-07-09T00:11:08.123697,319
813dd23a26ceb552,https://fr.linkedin.com/jobs/view/team-leader-chef-d%E2%80%99equipe-centre-de-relation-client-h-f-at-kone-4410052608,Team leader/Chef d’Equipe Centre de Relation Client H/F,,scraped,2026-07-09T00:11:10.904704,
16c74b922d3059d1,https://mc.linkedin.com/jobs/view/work-from-home-customer-support-%E2%80%93-french-speaking-at-talentpop-app-4434880490,Work-from-Home Customer Support – French Speaking,TalentPop App,posted,2026-07-09T00:11:24.553793,379
0af08c3113217eed,https://mc.linkedin.com/jobs/view/work-from-home-customer-support-%E2%80%93-french-speaking-at-talentpop-app-4434888343,Work-from-Home Customer Support – French Speaking,TalentPop App,scraped,2026-07-09T00:11:28.472422,
5b33f261fa54d452,https://fr.linkedin.com/jobs/view/apprenti-menuiserie-h-f-en-apprentissage-at-cfa-du-b%C3%A2timent-aix-en-provence-4437138450,APPRENTI MENUISERIE (H/F) en Apprentissage,,scraped,2026-07-09T00:11:31.202087,
3506ab174888b43b,https://fr.linkedin.com/jobs/view/responsable-de-rayon-frais-fresh-h-f-at-fresh-4434854404,Responsable de rayon frais fresh. (H/F),,scraped,2026-07-09T00:11:38.356919,
26d51a37408ded60,https://fr.linkedin.com/jobs/view/assistant-e-comptable-h-f-at-altus-energy-4437831386,Assistant(e) Comptable (H/F),,scraped,2026-07-09T00:12:50.512851,
c98a2636ecff4174,https://fr.linkedin.com/jobs/view/comptable-h-f-at-sos-oxygene-4436546093,Comptable H/F,SOS Oxygene,posted,2026-07-09T00:14:46.338385,381
d6dee75e03328050,https://fr.linkedin.com/jobs/view/stage-conseiller-%C3%A8re-de-vente-h-f-monaco-at-louis-vuitton-4436371660,Stage Conseiller.ère de vente (H/F) - Monaco,Louis Vuitton,posted,2026-07-09T00:14:59.150040,383
03087e167b8bab31,https://mc.linkedin.com/jobs/view/french%2Benglish-bilingual-customer-service-representative-at-talentpop-app-4434875680,French+English Bilingual Customer Service Representative,TalentPop App,posted,2026-07-09T00:15:07.207649,385
1960f7eb83285032,https://it.linkedin.com/jobs/view/neolaureato-a-in-chimica-%E2%80%93-farmacia-%E2%80%93-ctf-%E2%80%93-biologia-at-mastelli-bio-pharmaceutical-company-italy-4436084542,NEOLAUREATO/A IN CHIMICA – FARMACIA – CTF – BIOLOGIA,,scraped,2026-07-09T00:15:09.847038,
e11e32809d52b86e,https://mc.linkedin.com/jobs/view/french%2Benglish-bilingual-customer-service-representative-at-talentpop-app-4434873704,French+English Bilingual Customer Service Representative,TalentPop App,posted,2026-07-09T00:15:24.710528,387
ebc20a3a82a90be4,https://fr.linkedin.com/jobs/view/pr%C3%A9paratrice-pr%C3%A9parateur-de-commandes-at-monoprix-4436213160,"Préparatrice, préparateur de commandes",,scraped,2026-07-09T00:15:27.373232,
62cbbbd3fdb7adf3,https://fr.linkedin.com/jobs/view/pr%C3%A9paratrice-pr%C3%A9parateur-de-commandes-at-monoprix-4436207393,"Préparatrice, préparateur de commandes",,scraped,2026-07-09T00:15:34.667439,
b7ed2d68c1c5765e,https://mc.linkedin.com/jobs/view/french-customer-support-specialist-bilingual-fr-en-non-voice-blended-remote-at-talentpop-app-4434881360,French Customer Support Specialist (Bilingual FR/EN | Non-Voice/Blended | Remote),TalentPop App,posted,2026-07-09T00:15:47.354196,389
3676efb06f3ee29c,https://fr.linkedin.com/jobs/view/stage-marketing-d%C3%A9veloppement-commercial-at-salvador-properties-4434483467,Stage Marketing & Développement Commercial,,scraped,2026-07-09T00:15:50.063603,
d25931b59fc5deef,https://fr.linkedin.com/jobs/view/alternance-assistant-e-retoucheur-couturier-h-f-nice-at-chanel-3943523026,ALTERNANCE - Assistant(e) Retoucheur Couturier (H/F) - Nice,CHANEL,posted,2026-07-09T00:17:23.692574,391
85eff307172b2ac3,https://fr.linkedin.com/jobs/view/animateur-kids-club-h-f-at-i-love-kids-club-4436842396,Animateur Kids Club H/F,I Love Kids Club,posted,2026-07-09T00:17:39.525065,393
77e72197aa76d697,https://fr.linkedin.com/jobs/view/auxiliaire-de-pu%C3%A9riculture-volante-h-f-at-babilou-4436147972,Auxiliaire de Puériculture Volante H/F,,scraped,2026-07-09T00:17:42.164818,
ad22383fd9e0b8af,https://fr.linkedin.com/jobs/view/cdd-conseiller-de-vente-h-f-magasin-de-cannes-at-herm%C3%A8s-4399663145,CDD - Conseiller de vente H/F - Magasin de Cannes,,scraped,2026-07-09T00:17:49.299039,
9a253ef1de71ca7c,https://fr.linkedin.com/jobs/view/devops-engineer-experienced-permanent-contract-at-alten-4434556453,"DevOps Engineer (experienced, permanent contract)",ALTEN,posted,2026-07-09T00:19:12.566732,395
a7d2e715be8fb937,https://fr.linkedin.com/jobs/view/juriste-h-f-at-manpower-france-4419280565,Juriste H/F,Manpower France,posted,2026-07-09T00:19:26.053747,397
13e5254e2de7b9e8,https://fr.linkedin.com/jobs/view/assistant-copropri%C3%A9t%C3%A9-accueil-h-f-at-citya-immobilier-4427555735,Assistant Copropriété / Accueil H/F,,scraped,2026-07-09T00:19:28.733245,
8b8f573565cb1c29,https://fr.linkedin.com/jobs/view/alternance-manager-d-affaires-h-f-at-isim-4437067162,Alternance - Manager d'Affaires  H/F,ISIM,posted,2026-07-09T00:20:48.502740,399
b1926e116b464ddf,https://fr.linkedin.com/jobs/view/testeur-qa-confirm%C3%A9-h-f-at-synchrone-fr-4433926757,Testeur QA confirmé (H/F),,scraped,2026-07-09T00:20:51.229460,
97c295570e62a181,https://fr.linkedin.com/jobs/view/conseiller-de-vente-h-f-at-kiabi-4437070050,_CONSEILLER DE VENTE (H/F),KIABI,posted,2026-07-09T00:21:10.682297,401
69453754b458ece4,https://fr.linkedin.com/jobs/view/business-manager-it-antibes-france-h-f-at-astek-4434557468,"Business Manager IT - Antibes, France  (H/F)",,scraped,2026-07-09T00:21:13.304197,
c9898eb1e1ec9b8a,https://fr.linkedin.com/jobs/view/d%C3%A9veloppeur-sql-h-f-at-matawan-services-4436701538,Développeur SQL H/F,,scraped,2026-07-09T00:21:24.734262,
af2974ddcf14ac79,https://fr.linkedin.com/jobs/view/auxiliaire-v%C3%A9t%C3%A9rinaire-h-f-at-mon-v%C3%A9to-4434862430,Auxiliaire vétérinaire H/F,,scraped,2026-07-09T00:22:36.484019,
fc306e74abd8d139,https://fr.linkedin.com/jobs/view/superviseur-maintenance-nice-at-vulcain-engineering-group-4437036259,Superviseur Maintenance - Nice,Vulcain Engineering Group,posted,2026-07-09T00:23:56.726641,403
345f54eb18d2ca36,https://fr.linkedin.com/jobs/view/visual-merchandiser-h-f-cdi-35-h-nice-etoile-at-c-a-4437798447,Visual Merchandiser (H/F) - CDI 35 h - Nice Etoile,,scraped,2026-07-09T00:23:59.379404,
5a9d1b2911ffb89b,https://fr.linkedin.com/jobs/view/vendeur-frais-fresh-h-f-at-fresh-4433922648,Vendeur frais fresh. (H/F),,scraped,2026-07-09T00:24:06.399096,
0cd462ba518d579b,https://fr.linkedin.com/jobs/view/alternance-responsable-production-f-h-at-la-poste-groupe-4436878287,Alternance Responsable production F/H,,scraped,2026-07-09T00:25:18.635626,
3469cf6e0deec577,https://mc.linkedin.com/jobs/view/sp%C3%A9cialiste-bilingue-fran%C3%A7ais-anglais-du-support-client-%E2%80%94-voix-et-chat-at-talentpop-app-4434892134,Spécialiste Bilingue (Français/Anglais) du Support Client — Voix et Chat,TalentPop App,posted,2026-07-09T00:26:35.678518,405
3bf3d618e3ce38ed,https://fr.linkedin.com/jobs/view/responsable-signalisation-electrique-g%C3%A9n%C3%A9ral-seg-h-f-at-chemins-de-fer-de-provence-4317340607,Responsable Signalisation Electrique Général SEG H/F,Chemins de fer de Provence,posted,2026-07-09T00:26:49.771345,407
23c05b6d0a255bb6,https://fr.linkedin.com/jobs/view/fullstack-software-engineer-x-f-m-care-expert-copilot-at-alan-4437167185,Fullstack Software Engineer (x/f/m) - Care Expert Copilot,,scraped,2026-07-09T00:26:52.592247,
3df03846b4b53cb1,https://fr.linkedin.com/jobs/view/vendeur-se-v%C3%A9hicules-d-occasion-h-f-at-volkswagen-group-retail-france-4437317216,Vendeur.se Véhicules d'Occasion (H/F),,scraped,2026-07-09T00:28:02.744953,
98f313cded7a247a,https://fr.linkedin.com/jobs/view/conseiller-en-gestion-de-patrimoine-h-f-at-predictis-4437779089,Conseiller en Gestion de Patrimoine H/F,,scraped,2026-07-09T00:29:13.277467,
d4986e63fb15a3b1,https://fr.linkedin.com/jobs/view/collaborateur-comptable-f-h-at-cogep-4437807134,Collaborateur comptable F/H,,scraped,2026-07-09T00:29:20.887726,
6b8e349b44640ef6,https://fr.linkedin.com/jobs/view/stage-content-creator-community-manager-at-trainsweateat-4422353557,Stage - Content Creator & Community Manager,,scraped,2026-07-09T00:29:28.144648,
09d408a38eedb29c,https://mc.linkedin.com/jobs/view/french-customer-support-specialist-bilingual-fr-en-non-voice-blended-remote-at-talentpop-app-4434871606,French Customer Support Specialist (Bilingual FR/EN | Non-Voice/Blended | Remote),TalentPop App,posted,2026-07-09T00:29:37.775452,389
8c8c0b1d8a289c54,https://fr.linkedin.com/jobs/view/agent-d-accueil-administratif-parking-saisonnier-h-f-at-port-vauban-antibes-4437199067,Agent d'accueil / administratif parking saisonnier (H/F),,scraped,2026-07-09T00:29:40.496977,
5f6e636f570dd51c,https://fr.linkedin.com/jobs/view/ing%C3%A9nieur-e-m%C3%A9trologue-nice-at-vulcain-engineering-group-4437023785,Ingénieur(e) métrologue - Nice,Vulcain Engineering Group,posted,2026-07-09T00:29:56.980513,409
a643aaad244aa4c5,https://fr.linkedin.com/jobs/view/designer-ux-h-f-at-davidson-consulting-4417062710,Designer UX (H/F),,scraped,2026-07-09T00:29:59.702080,
7f87481e785b0162,https://fr.linkedin.com/jobs/view/charg%C3%A9-d-affaires-ind%C3%A9pendant-h-f-at-illico-travaux-4434860356,Chargé d'affaires indépendant H/F,,scraped,2026-07-09T00:30:06.796293,
76df55b08a5186b8,https://fr.linkedin.com/jobs/view/employ%C3%A9-de-rayon-non-alimentaire-f-h-at-carrefour-4434832656,Employé de rayon non alimentaire (F/H),Carrefour,posted,2026-07-09T00:30:25.380348,411
7f4ae2a947a54926,https://fr.linkedin.com/jobs/view/chef-de-chantier-%C3%A9tanch%C3%A9it%C3%A9-h-f-%E2%80%93-cdi-at-groupe-omnium-4437086782,Chef de chantier Étanchéité (H/F) – CDI,,scraped,2026-07-09T00:30:28.142812,
ef7483efbdc21af9,https://fr.linkedin.com/jobs/view/assistant-store-manager-h-f-at-skechers-4427036180,Assistant Store Manager H/F,Skechers,posted,2026-07-09T00:30:41.783422,413
adf5c999ec0ba8c0,https://fr.linkedin.com/jobs/view/d%C3%A9veloppeur-full-stack-java-h-f-at-aleysia-4425096728,Développeur Full Stack Java (H/F),,scraped,2026-07-09T00:30:44.621588,
4ab0ca7cb21dd3c1,https://fr.linkedin.com/jobs/view/%C3%A9ducateur-%C3%A9ducatrice-jeunes-enfants-42-bonson-at-l%C3%A9o-lagrange-sud-ouest-4436283046,Éducateur/Éducatrice Jeunes enfants (42) Bonson,Léo Lagrange Sud-Ouest,posted,2026-07-09T00:32:04.674705,415
c93f930591d8df96,https://fr.linkedin.com/jobs/view/graduate-verification-engineer-at-arm-4426687282,Graduate Verification Engineer,,scraped,2026-07-09T00:32:07.534507,
e38d13f746b0266b,https://mc.linkedin.com/jobs/view/chef-cheffe-de-projet-b%C3%A2timent-at-artelia-4427507083,Chef / Cheffe de projet bâtiment,,scraped,2026-07-09T00:32:14.289427,
c07a244cb1ae13ff,https://fr.linkedin.com/jobs/view/alternance-assistant-e-d-exploitation-de-ressources-humainesh-f-at-isim-4437049911,Alternance Assistant(e) d'exploitation de Ressources HumainesH/F,ISIM,posted,2026-07-09T00:32:30.221401,417
58871fc44564433c,https://fr.linkedin.com/jobs/view/freelance-videographer-%E2%80%93-corporate-cannes-at-twine-4429048368,Freelance Videographer – Corporate Cannes,,scraped,2026-07-09T00:32:32.961202,
80f2011815fef80a,https://fr.linkedin.com/jobs/view/p%C3%A2tissier-f-h-en-apprentissage-at-carrefour-4433729054,Pâtissier (F/H) en apprentissage,Carrefour,posted,2026-07-09T00:32:48.900283,419
3d3ff552a039053b,https://fr.linkedin.com/jobs/view/p%C3%A2tissier-f-h-en-apprentissage-at-carrefour-4433730016,Pâtissier (F/H) en apprentissage,Carrefour,scraped,2026-07-09T00:32:55.770396,
0921304940cfc9d1,https://fr.linkedin.com/jobs/view/ai-data-scientist-consultant-m-f-at-exakis-nelite-4422387906,AI Data Scientist Consultant (M/F),,scraped,2026-07-09T00:32:59.429706,
1ad840ca2aef01a7,https://fr.linkedin.com/jobs/view/auxiliaire-de-vie-dipl%C3%B4m%C3%A9-h-f-nice-at-admr-des-alpes-maritimes-4436530340,Auxiliaire de vie Diplômé H/F - Nice,ADMR des Alpes-Maritimes,posted,2026-07-09T00:33:17.781140,421
17b6688bbf13e9f5,https://fr.linkedin.com/jobs/view/plongeur-h-f-at-belambra-4436503243,Plongeur H/F,,scraped,2026-07-09T00:33:20.404996,
f127284106d269e7,https://fr.linkedin.com/jobs/view/network-security-qa-engineer-at-fortinet-4436325363,Network Security QA Engineer,Fortinet,posted,2026-07-09T00:33:35.307332,423
17e279b30ab8ad77,https://fr.linkedin.com/jobs/view/charg%C3%A9-d-affaires-maintenance-cvc-multitechnique-h-f-at-snef-4436715813,Chargé d'affaires maintenance CVC - Multitechnique H/F,,scraped,2026-07-09T00:33:37.976974,
32ce8736a98a3874,https://fr.linkedin.com/jobs/view/alternance-responsable-organisation-et-environnement-de-travail-f-h-at-la-poste-groupe-4436872621,Alternance Responsable Organisation et Environnement de Travail F/H,,scraped,2026-07-09T00:33:46.300010,
c21e6551797f87da,https://fr.linkedin.com/jobs/view/ai-data-specialist-french-at-rws-group-4437802777,AI Data Specialist - French,,scraped,2026-07-09T00:33:53.613350,
a51d0368c94fccc3,https://fr.linkedin.com/jobs/view/chauffeur-convoyeur-ind%C3%A9pendant-%C3%A0-nice-at-driiveme-4437098411,Chauffeur / Convoyeur indépendant à Nice,,scraped,2026-07-09T00:34:00.125798,
7f81340bc213fc0b,https://it.linkedin.com/jobs/view/sales-assistant-at-inditex-4433172697,Sales Assistant,Inditex,posted,2026-07-09T00:34:19.209914,425
d50a9129f46fc8b1,https://mc.linkedin.com/jobs/view/senior-agricultural-insurance-and-rural-finance-expert-at-ntu-international-a-s-4436331338,Senior Agricultural Insurance and Rural Finance Expert,,scraped,2026-07-09T00:34:21.797016,
3c4423fa0793754a,https://fr.linkedin.com/jobs/view/gestionnaire-paie-h-f-at-pay-job-4433949815,Gestionnaire Paie (H/F),,scraped,2026-07-09T00:34:28.912951,
c9f50817390254da,https://fr.linkedin.com/jobs/view/consultant-en-recrutement-f-h-alternant-at-randstad-france-4424754520,Consultant en Recrutement (F/H) - Alternant,,scraped,2026-07-09T00:34:37.555798,
f1190afe59829c18,https://fr.linkedin.com/jobs/view/gestionnaire-paie-h-f-at-pay-job-4413642291,Gestionnaire Paie (H/F),,scraped,2026-07-09T00:34:43.940736,
569a8d23233d7bbb,https://fr.linkedin.com/jobs/view/qa-automation-test-at-alten-4436538486,QA - Automation test,ALTEN,posted,2026-07-09T00:35:03.602385,427
e4a250f481382bc9,https://fr.linkedin.com/jobs/view/vendeur-polyvalent-35h-f-h-cdi-temps-plein-at-naturalia-4435464933,Vendeur polyvalent 35H (F/H) - CDI Temps plein,,scraped,2026-07-09T00:35:06.248765,
e6aac27b05206a1f,https://fr.linkedin.com/jobs/view/senior-change-management-consultant-m-f-at-exakis-nelite-4422408054,Senior Change Management Consultant (M/F),,scraped,2026-07-09T00:35:13.171439,
f111dd77c07106cb,https://fr.linkedin.com/jobs/view/conseiller-%C3%A8re-vente-omnicanal-h-f-saisonnier-glisse-at-decathlon-france-4436800919,Conseiller-ère Vente Omnicanal (H/F) Saisonnier Glisse,,scraped,2026-07-09T00:35:20.665308,
ee6d98d61581f6e5,https://fr.linkedin.com/jobs/view/expert-comptable-stagiaire-h-f-at-fiducial-4431519673,Expert Comptable Stagiaire - H/F,,scraped,2026-07-09T00:35:27.790341,
47e73b6e902f86e3,https://mc.linkedin.com/jobs/view/chauffeur-monaco-at-madameestservie-net-recrutement-de-personnel-de-maison-de-luxe-4437372249,Chauffeur Monaco,,scraped,2026-07-09T11:29:24.715750,
cc13e7582da825e7,https://mc.linkedin.com/jobs/view/formateur-pour-les-%C3%A9l%C3%A8ves-et-les-enseignants-h-f-cdi-monaco-at-inforca-4435263172,Formateur pour les élèves et les enseignants H/F - CDI - Monaco,,scraped,2026-07-09T11:29:40.683000,
e334592e3c6cd613,https://mc.linkedin.com/jobs/view/compliance-monitoring-aml-cft-officer-exp%C3%A9riment%C3%A9-e-at-beyond-potentials-4435792196,Compliance Monitoring & AML/CFT Officer expérimenté(e),,scraped,2026-07-09T11:30:04.144372,
9ebe7587341bd0c6,https://fr.linkedin.com/jobs/view/consultant-e-gestion-at-ava6-4437096444,Consultant(e) Gestion,,scraped,2026-07-09T11:30:43.352661,
dba4c5feacdbf96e,https://mc.linkedin.com/jobs/view/senior-agri-food-logistics-cold-chain-expert-at-ntu-international-a-s-4436707401,Senior Agri-Food Logistics / Cold Chain Expert,,scraped,2026-07-09T11:30:56.947459,
0e7a7861e63e66f3,https://mc.linkedin.com/jobs/view/senior-agricultural-statistics-expert-at-ntu-international-a-s-4437776195,Senior Agricultural Statistics Expert,,scraped,2026-07-09T11:31:04.350720,
985b87331bc309bc,https://mc.linkedin.com/jobs/view/technicien-ne-de-maintenance-automobile-f-h-at-bpm-group-4437805171,Technicien(ne) de Maintenance Automobile F/H,,scraped,2026-07-09T11:31:11.544969,
9e05842703eca2f5,https://mc.linkedin.com/jobs/view/bilingual-customer-support-specialist-french-english-100%25-remote-at-talentpop-app-4434885441,Bilingual Customer Support Specialist (French/English) - 100% Remote,TalentPop App,posted,2026-07-09T11:31:24.588716,231
965746191813cb49,https://mc.linkedin.com/jobs/view/bilingual-customer-support-specialist-french-english-100%25-remote-at-talentpop-app-4434876579,Bilingual Customer Support Specialist (French/English) - 100% Remote,TalentPop App,posted,2026-07-09T11:31:31.731356,231
0a807b9977138887,https://fr.linkedin.com/jobs/view/r%C3%A9ceptionnaire-apr%C3%A8s-vente-carrosserie-h-f-at-groupement-des-concessionnaires-renault-4437017103,Réceptionnaire après-vente carrosserie H/F,,scraped,2026-07-09T11:31:48.432060,
771e84b2b1242543,https://fr.linkedin.com/jobs/view/alternance-assistant-e-polyvalent-e-h-f-at-isim-4437056579,Alternance - Assistant(e) polyvalent(e) H/F,ISIM,posted,2026-07-09T11:32:08.667152,429
cc58dfdfc5978af6,https://fr.linkedin.com/jobs/view/juriste-en-droit-des-soci%C3%A9t%C3%A9s-h-f-at-masalex-conseil-4437166343,Juriste en droit des sociétés h/f,,scraped,2026-07-09T11:32:21.320576,
0bf3108b0d971625,https://fr.linkedin.com/jobs/view/chef-de-service-h-f-en-cdi-%C3%A0-temps-plein-pour-ses-services-uema-emas-pas-at-apreh-4436213100,"Chef de Service (H/F) en CDI à temps plein pour ses services UEMA, EMAS, PAS",,scraped,2026-07-09T11:32:31.789203,
5349091d5818dfa0,https://fr.linkedin.com/jobs/view/aide-%C3%A0-domicile-h-f-saint-andr%C3%A9-de-la-roche-at-admr-des-alpes-maritimes-4436535235,Aide à domicile H/F - Saint André de la Roche,ADMR des Alpes-Maritimes,posted,2026-07-09T11:32:57.833526,431
93cfb704347768b9,https://fr.linkedin.com/jobs/view/alternance-charg%C3%A9-e-de-client%C3%A8le-h-f-at-isim-4437059350,Alternance Chargé(e) de clientèle H/F,ISIM,posted,2026-07-09T11:33:08.825254,433
43942f92c565deae,https://fr.linkedin.com/jobs/view/alternant-marketing-e-commerce-h-f-at-ea-pharma-4438211282,Alternant Marketing E-commerce H/F,,scraped,2026-07-09T11:33:15.478158,
fd9f581670d49da3,https://mc.linkedin.com/jobs/view/voiturier-h-f-at-novotel-hotels-4437023094,Voiturier (H/F),,scraped,2026-07-09T11:33:26.820898,
f4c778c8f4cd4701,https://fr.linkedin.com/jobs/view/conseiller-de-vente-polyvalent-h-f-at-mr-bricolage-4433701604,CONSEILLER DE VENTE POLYVALENT (H/F),Mr.Bricolage,posted,2026-07-09T11:33:40.461392,47
3cd608746a5e53ad,https://fr.linkedin.com/jobs/view/agent-e-technicien-nne-recherche-de-fuites-at-eau-d-azur-4436328197,AGENT/E /TECHNICIEN/NNE RECHERCHE DE FUITES,Eau d'Azur,posted,2026-07-09T11:33:57.962509,435
271571b81828f219,https://fr.linkedin.com/jobs/view/cdd-charg%C3%A9-d-exp%C3%A9rience-client-h-f-magasins-de-cannes-saint-tropez-monaco-at-herm%C3%A8s-4367825171,CDD - Chargé d'expérience client H/F - Magasins de Cannes / Saint Tropez / Monaco,,scraped,2026-07-09T11:34:06.735134,
c7c4de2859322506,https://fr.linkedin.com/jobs/view/directeur-adjoint-magasin-h-f-nb-villeneuve-loubet-at-kiabi-4436075990,Directeur Adjoint Magasin (h/f/nb) - VILLENEUVE-LOUBET,KIABI,posted,2026-07-09T11:34:25.836219,437
58805cd90d97808d,https://fr.linkedin.com/jobs/view/job-d-%C3%A9t%C3%A9-antibes-h-f-at-admr-des-alpes-maritimes-4436526500,Job d'été - Antibes (H/F),ADMR des Alpes-Maritimes,posted,2026-07-09T11:34:50.074507,439
a855cad0c4cb2dfc,https://fr.linkedin.com/jobs/view/alternance-assistant-e-commercial-e-h-f-at-isim-4437061463,Alternance - Assistant(e) commercial(e) H/F,ISIM,posted,2026-07-09T11:35:05.294213,441
490311c97651ecd6,https://fr.linkedin.com/jobs/view/alternance-adjoint-responsable-de-secteur-h-f-at-isim-4437064328,Alternance - Adjoint Responsable de Secteur (H/F),ISIM,posted,2026-07-09T11:35:18.939675,443
9ec569215500e7a0,https://fr.linkedin.com/jobs/view/garde-d-enfant-%C3%A0-domicile-bilingue-anglais-fran%C3%A7ais-h-f-at-family-sphere-4435655781,Garde d'enfant à domicile bilingue anglais/français (H/F),Family Sphere,posted,2026-07-09T11:35:35.427901,445
f35dc0bf299eb2b7,https://fr.linkedin.com/jobs/view/caissier-central-adjoint-responsable-de-caisse-h-f-at-grand-frais-4437345563,CAISSIER CENTRAL / ADJOINT RESPONSABLE DE CAISSE - H/F,,scraped,2026-07-09T11:35:42.050405,
f2c8bc6ab8c7c214,https://fr.linkedin.com/jobs/view/garde-d-enfant-%C3%A0-domicile-h-f-at-family-sphere-4434585722,Garde d'enfant à domicile (H/F),Family Sphere,posted,2026-07-09T11:36:05.145550,447
7903a1ebd615754e,https://fr.linkedin.com/jobs/view/responsable-rayon-epicerie-h-f-06-at-grand-frais-4437347369,RESPONSABLE RAYON EPICERIE H/F - 06,,scraped,2026-07-09T11:36:07.846394,
c8fc229ef814fe96,https://fr.linkedin.com/jobs/view/alternance-conseiller-de-vente-h-f-at-isim-4437056172,Alternance Conseiller de vente  H/F,ISIM,posted,2026-07-09T11:36:23.780478,449
1f073b3dc6cfbe8c,https://fr.linkedin.com/jobs/view/collaborateur-comptable-h-f-at-%C5%8Ddas-conseil-4437492155,Collaborateur comptable H/F,ŌDAS CONSEIL,posted,2026-07-09T11:36:36.289898,451
2ddd944d45214010,https://fr.linkedin.com/jobs/view/employe-de-rayon-h-f-at-leclerc-le-poire-sur-vie-4438181814,EMPLOYE DE RAYON - H/F,,scraped,2026-07-09T11:36:39.010472,
e2fab6db5d507539,https://fr.linkedin.com/jobs/view/commis-de-salle-soir-h-f-at-inwood-hotels-4437323894,Commis de salle soir H/F,,scraped,2026-07-09T11:36:50.321656,
e59b96c5ac5b34e4,https://fr.linkedin.com/jobs/view/alternance-assistant-e-de-direction-h-f-at-isim-4437041944,Alternance - Assistant(e) de Direction H/F,ISIM,posted,2026-07-09T11:37:11.874802,453
aa60824a0b5dbd11,https://fr.linkedin.com/jobs/view/secr%C3%A9taire-m%C3%A9dical-en-alternance-f-h-at-walter-learning-4438136106,Secrétaire Médical en alternance F/H,,scraped,2026-07-09T11:37:14.601988,
e1a5602982466991,https://fr.linkedin.com/jobs/view/alternance-assistant-e-ressources-humaines-h-f-at-isim-4437052373,Alternance - Assistant(e) Ressources Humaines H/F,ISIM,posted,2026-07-09T11:37:29.841626,455
b6116a96cd61e04b,https://fr.linkedin.com/jobs/view/ambassadrice-ambassadeur-beaut%C3%A9-en-parfumerie-h-f-at-sarawak-france-4436844514,Ambassadrice / ambassadeur beauté en parfumerie - H/F,,scraped,2026-07-09T11:37:38.512110,
3287ebc4c054a782,https://fr.linkedin.com/jobs/view/aes-dipl%C3%B4m%C3%A9-e-at-admr-des-alpes-maritimes-4436088087,AES Diplômé(e),ADMR des Alpes-Maritimes,posted,2026-07-09T11:38:00.762694,457
e13361179a71d63e,https://fr.linkedin.com/jobs/view/technicien-technicienne-de-laboratoire-biologie-m%C3%A9dicale-at-eurofins-4438205133,Technicien / Technicienne de laboratoire - Biologie médicale,,scraped,2026-07-09T11:38:03.426653,
73666c0d0f99b573,https://fr.linkedin.com/jobs/view/apprenti-e-plombier-%C3%A8re-chauffagiste-h-f-h-f-en-apprentissage-at-cfa-du-b%C3%A2timent-aix-en-provence-4437144294,Apprenti(e) Plombier(ère) Chauffagiste H/F (H/F) en Apprentissage,,scraped,2026-07-09T11:38:10.244573,
11eb14b0a4a832dd,https://fr.linkedin.com/jobs/view/alternance-conseiller-e-de-vente-h-f-at-isim-4437051940,Alternance - Conseiller(e) de vente H/F,ISIM,posted,2026-07-09T11:38:26.238645,459
b9c16c82a72dc435,https://fr.linkedin.com/jobs/view/garde-d-enfants-%C3%A0-domicile-en-p%C3%A9riscolaire-h-f-at-family-sphere-4435668202,Garde d'enfants à domicile en périscolaire (H/F),Family Sphere,posted,2026-07-09T11:38:42.535800,461
78a6e6846288490a,https://fr.linkedin.com/jobs/view/alternance-conseiller-de-vente-h-f-at-isim-4437389040,Alternance Conseiller de vente  H/F,ISIM,scraped,2026-07-09T11:38:48.338489,
3a63ce4370ff1c47,https://fr.linkedin.com/jobs/view/alternance-manager-commercial-h-f-at-isim-4437385016,Alternance - Manager Commercial (H/F),ISIM,posted,2026-07-09T11:38:54.903200,147
c44eae6305edb614,https://fr.linkedin.com/jobs/view/alternance-charg%C3%A9-e-de-communication-et-information-digitale-junior-at-euro-mediterranean-water-information-system-4435642134,Alternance: Chargé(e) de Communication et information digitale junior,,scraped,2026-07-09T11:38:57.639401,
025e7521af8f8b1b,https://fr.linkedin.com/jobs/view/aide-%C3%A0-domicile-h-f-haut-paillon-at-admr-des-alpes-maritimes-4436522728,Aide à domicile H/F - Haut-Paillon,ADMR des Alpes-Maritimes,posted,2026-07-09T11:39:22.136826,463
f348f0a5d915af66,https://fr.linkedin.com/jobs/view/h-f-consultant-e-en-location-at-l-adresse-anjou-maine-4438595652,(H/F) Consultant(e) en location,,scraped,2026-07-09T11:39:29.180275,
69cabac10a7be9ff,https://fr.linkedin.com/jobs/view/alternance-manager-de-rayon-h-f-at-isim-4436516938,Alternance Manager de Rayon H/F,ISIM,posted,2026-07-09T11:39:42.643496,315
f12f948c959981e0,https://fr.linkedin.com/jobs/view/responsable-adjoint-de-magasin-at-le-temps-des-cerises-jeans-4433192881,Responsable adjoint de magasin,LE TEMPS DES CERISES JEANS,posted,2026-07-09T11:39:55.546332,465
50e46e321873c637,https://fr.linkedin.com/jobs/view/chef-de-partie-%E2%80%93-cdd-at-le-domaine-du-mas-de-pierre-4436373335,Chef de partie –  CDD,,scraped,2026-07-09T11:39:58.180702,
30a87b3b989c1187,https://fr.linkedin.com/jobs/view/alternance-conseiller-de-vente-h-f-at-isim-4437379332,Alternance Conseiller de vente  H/F,ISIM,posted,2026-07-09T11:40:08.745874,449
8759a5ed4e8f9279,https://fr.linkedin.com/jobs/view/responsable-commercial-renovation-de-l-habitat-at-avenir-r%C3%A9novations-4438607147,responsable commercial renovation de l'habitat,,scraped,2026-07-09T11:40:11.379598,
05b64850de7d37c1,https://fr.linkedin.com/jobs/view/alternance-vendeur-conseil-h-f-at-isim-4437378207,Alternance Vendeur Conseil H/F,ISIM,posted,2026-07-09T11:40:25.146340,323
ba6f5759bdf18abf,https://fr.linkedin.com/jobs/view/alternance-vendeur-conseil-h-f-at-isim-4437376433,Alternance Vendeur Conseil H/F,ISIM,scraped,2026-07-09T11:40:30.878707,
b18cc202a7ef8a72,https://fr.linkedin.com/jobs/view/logisticien-h-f-at-equans-france-4435705750,Logisticien H/F,,scraped,2026-07-09T11:40:33.545422,
d18b8f255d6ed48f,https://fr.linkedin.com/jobs/view/garde-d-enfants-babysitting-h-f-at-yoopala-4435789856,"Garde d'enfants, Babysitting (H/F)",,scraped,2026-07-09T11:40:40.661085,
24978f20ae22f174,https://fr.linkedin.com/jobs/view/technicien-frigoriste-f-h-%E2%80%93-nice-06-at-clauger-4436231583,Technicien Frigoriste F/H – Nice (06),,scraped,2026-07-09T11:40:50.007535,
9a2b6250a688dbe9,https://mc.linkedin.com/jobs/view/stage-guest-relation-6-mois-%C3%A0-partir-d-octobre-2026-at-fairmont-hotels-resorts-4437324933,Stage Guest Relation - 6 mois à partir d'octobre 2026,Fairmont Hotels &amp; Resorts,posted,2026-07-09T11:41:10.180675,467
33daf55962a8659b,https://fr.linkedin.com/jobs/view/alternance-manager-de-rayon-h-f-at-isim-4437371861,Alternance Manager de Rayon H/F,ISIM,posted,2026-07-09T11:41:22.837991,315
eb2607ca4aba910b,https://fr.linkedin.com/jobs/view/assistant-e-commercial-e-et-facturation-douane-h-f-at-asd-group-4438608577,Assistant(e) commercial(e) et facturation douane - H/F,,scraped,2026-07-09T11:41:25.457706,
780d26afa9a27a8c,https://fr.linkedin.com/jobs/view/technicien-informatique-at-v2-tech-4437106958,Technicien informatique,V2-Tech,posted,2026-07-09T11:41:41.715910,469
fbe97ccbf9e3c09d,https://fr.linkedin.com/jobs/view/cours-d-anglais-donner-des-cours-d-anglais-en-ligne-at-voscours-fr-4436352270,Cours d'Anglais - Donner des Cours d'Anglais en Ligne,,scraped,2026-07-09T11:41:44.420106,
56b888b1656c3d39,https://fr.linkedin.com/jobs/view/legal-assistant-f-m-at-median-technologies-4435430808,Legal Assistant F/M,,scraped,2026-07-09T11:41:57.125723,
aa08cba9acbdb451,https://mc.linkedin.com/jobs/view/agent-de-support-client%C3%A8le-international-h-f-at-talentpop-app-4434892348,Agent de Support Clientèle International (H/F),TalentPop App,posted,2026-07-09T11:42:11.900471,471
98a13a8cf2b2ced2,https://fr.linkedin.com/jobs/view/alternance-conseiller-de-vente-h-f-at-isim-4437378268,Alternance Conseiller de vente  H/F,ISIM,posted,2026-07-09T11:42:18.292950,449
a0312948dff59f61,https://fr.linkedin.com/jobs/view/technicien-de-laboratoire-biologie-m%C3%A9dicale-at-eurofins-4438262414,Technicien de Laboratoire - Biologie Médicale,,scraped,2026-07-09T11:42:22.956222,
f054377855ed2995,https://fr.linkedin.com/jobs/view/software-engineer-h-f-nb-at-keyrus-4437082017,Software Engineer (H/F/NB),,scraped,2026-07-09T11:42:33.968977,
b775e8ee1ba2ee29,https://mc.linkedin.com/jobs/view/french-english-customer-support-associate-at-talentpop-app-4434871608,French-English Customer Support Associate,TalentPop App,posted,2026-07-09T11:42:53.063506,473
aafcd7dcdffe4b55,https://fr.linkedin.com/jobs/view/vendeur-euse-en-cdd-35h-at-lovisa-pty-ltd-4437426696,Vendeur(euse) en CDD 35H,,scraped,2026-07-09T11:42:57.838254,
42a83f8a276c4b79,https://fr.linkedin.com/jobs/view/business-value-advisor-h-f-nb-at-keyrus-4437058787,Business Value Advisor (H/F/NB),,scraped,2026-07-09T11:43:04.815610,
48692238d3c10fd7,https://fr.linkedin.com/jobs/view/global-category-buyer-natural-spec-at-givaudan-4438615768,"Global Category Buyer,Natural Spec.",,scraped,2026-07-09T11:43:11.491664,
aa7206faeda2c3f4,https://fr.linkedin.com/jobs/view/assistant-responsable-propri%C3%A9t%C3%A9s-4434713041,Assistant responsable propriétés,Cabinet de Gestion Immobilière D.Nicolaï,posted,2026-07-09T11:43:25.933201,475
5d6956eec0098a8d,https://fr.linkedin.com/jobs/view/vendeur-polyvalent-h-f-cdd-temps-plein-temps-partiel-uniqlo-cannes-at-uniqlo-4433284392,Vendeur polyvalent (H/F) - CDD (Temps Plein/Temps Partiel) - UNIQLO Cannes,,scraped,2026-07-09T11:43:30.696286,
d2ebc99408abe745,https://fr.linkedin.com/jobs/view/chef-d-%C3%A9quipe-propret%C3%A9-a%C3%A9roport-h-f-apprentissage-at-inhni-4437366831,Chef d'équipe Propreté Aéroport  (H/F) Apprentissage,,scraped,2026-07-09T11:43:37.292859,
948f40c35ea0b0ef,https://fr.linkedin.com/jobs/view/contr%C3%B4leur-de-gestion-international-h-f-at-olyos-group-4427208768,Contrôleur de Gestion international H/F,,scraped,2026-07-09T11:43:44.650960,
c4e92f4e359839af,https://mc.linkedin.com/jobs/view/french-english-customer-support-associate-at-talentpop-app-4434869819,French-English Customer Support Associate,TalentPop App,posted,2026-07-09T11:43:53.791075,473
f29f88d0fdad6354,https://mc.linkedin.com/jobs/view/french-speaking-customer-support-specialist-at-talentpop-app-4434883523,French-Speaking Customer Support Specialist,TalentPop App,posted,2026-07-09T11:43:58.650148,241
7d3a456f1c358c01,https://fr.linkedin.com/jobs/view/software-engineer-h-f-nb-at-keyrus-4437063698,Software Engineer (H/F/NB),,scraped,2026-07-09T11:44:01.372500,
998322c7e7f4c834,https://mc.linkedin.com/jobs/view/virtual-customer-support-agent-french-english-%E2%80%93-100%25-remote-at-talentpop-app-4434879374,Virtual Customer Support Agent (French/English) – 100% Remote,TalentPop App,posted,2026-07-09T11:44:14.285766,477
c39dad8a6dbff453,https://fr.linkedin.com/jobs/view/store-manager-at-skechers-4427033248,Store Manager,Skechers,posted,2026-07-09T11:44:24.538316,479
53bf1773548a8a75,https://fr.linkedin.com/jobs/view/french-sales-account-representative-sofia-bulgaria-w-relocation-package-at-tavrion-dynamics-4437339501,"French Sales Account Representative - Sofia, Bulgaria w/ Relocation Package",Tavrion Dynamics,posted,2026-07-09T11:44:33.910581,481
d5533f658aa1f3b3,https://fr.linkedin.com/jobs/view/chef-d-equipe-atelier-h-f-h-f-at-feu-vert-france-4436529538,Chef d'Equipe Atelier H/F H/F,,scraped,2026-07-09T11:44:36.614959,
3be7736d67f42ed5,https://mc.linkedin.com/jobs/view/virtual-customer-support-agent-french-english-%E2%80%93-100%25-remote-at-talentpop-app-4434876483,Virtual Customer Support Agent (French/English) – 100% Remote,TalentPop App,posted,2026-07-09T11:44:45.845505,477
89fcc208dca0d161,https://mc.linkedin.com/jobs/view/virtual-customer-support-agent-french-english-%E2%80%93-100%25-remote-at-talentpop-app-4434883293,Virtual Customer Support Agent (French/English) – 100% Remote,TalentPop App,scraped,2026-07-09T11:44:49.901421,
3f1294c1a53ea970,https://mc.linkedin.com/jobs/view/virtual-customer-support-agent-french-english-%E2%80%93-100%25-remote-at-talentpop-app-4434880376,Virtual Customer Support Agent (French/English) – 100% Remote,TalentPop App,posted,2026-07-09T11:44:54.630214,477
52afb302076f1f71,https://mc.linkedin.com/jobs/view/virtual-customer-support-agent-french-english-%E2%80%93-100%25-remote-at-talentpop-app-4434871661,Virtual Customer Support Agent (French/English) – 100% Remote,TalentPop App,posted,2026-07-09T11:44:59.533835,477
41cfbd2d4d97eec4,https://fr.linkedin.com/jobs/view/ing%C3%A9nieur-back-end-java-h-f-at-proelan-sophia-antipolis-4437152267,Ingénieur Back End Java H/F,,scraped,2026-07-09T11:45:02.447542,
45961464e307fc98,https://fr.linkedin.com/jobs/view/second-de-cuisine-restauration-collective-h-f-at-newrest-4438179983,Second de Cuisine Restauration Collective H/F,,scraped,2026-07-09T11:45:10.095818,
9e239070938ac366,https://fr.linkedin.com/jobs/view/acheteur-euse-h-f-groupe-piment-at-aerocontact-4438588218,Acheteur(euse) H/F - GROUPE PIMENT,AEROCONTACT.COM,posted,2026-07-09T11:45:30.853229,483
3b45803bbb0f8d0e,https://fr.linkedin.com/jobs/view/commercial-at-consultants-immobilier-4436404829,Commercial,,scraped,2026-07-09T11:45:37.512428,
2892ac67aa753914,https://fr.linkedin.com/jobs/view/conseiller-e-en-gestion-de-patrimoine-h-f-at-predictis-4438152850,Conseiller(e) en gestion de patrimoine H/F,,scraped,2026-07-09T11:45:46.594428,
c65137ed032c65c9,https://fr.linkedin.com/jobs/view/assistant-copropri%C3%A9t%C3%A9-f-h-alternance-at-evoriel-4438252127,Assistant Copropriété F/H - ALTERNANCE,,scraped,2026-07-09T11:45:55.545988,
156a9906723a2e19,https://fr.linkedin.com/jobs/view/responsable-ehs-de-site-at-ge-healthcare-4438293235,Responsable EHS de site,GE HealthCare,posted,2026-07-09T11:46:11.377442,485
4a32e2835ab36b84,https://mc.linkedin.com/jobs/view/french-speaking-customer-support-specialist-at-talentpop-app-4434881469,French-Speaking Customer Support Specialist,TalentPop App,posted,2026-07-09T11:46:29.181466,241
0bb03214ba114929,https://mc.linkedin.com/jobs/view/french-speaking-customer-support-specialist-at-talentpop-app-4434886305,French-Speaking Customer Support Specialist,TalentPop App,scraped,2026-07-09T11:46:33.166984,
6fd81976711fae85,https://fr.linkedin.com/jobs/view/agent-de-propret%C3%A9-polyvalent-h-f-apprentissage-at-inhni-4437385314,Agent de Propreté Polyvalent  (H/F) Apprentissage,,scraped,2026-07-09T11:46:35.821734,
91ad2d2d02d7aca2,https://fr.linkedin.com/jobs/view/vendeur-se-at-ralph-lauren-4433700410,Vendeur(se),Ralph Lauren,posted,2026-07-09T11:46:50.106414,487
2d3a040e7a4b27b5,https://fr.linkedin.com/jobs/view/m%C3%A9decin-g%C3%A9n%C3%A9raliste-h-f-at-wink-4436035849,Médecin généraliste H/F,,scraped,2026-07-09T11:46:52.733314,
87d5e7842a350b6e,https://fr.linkedin.com/jobs/view/agent-de-securite-evenementiel-saint-jean-cap-ferrat-at-gip-paca-4437076545,AGENT DE SECURITE EVENEMENTIEL SAINT JEAN CAP FERRAT,,scraped,2026-07-09T11:46:59.363360,
1a659818967ebd09,https://fr.linkedin.com/jobs/view/conseiller-vendeur-h-f-at-bob-groupe-4437179968,Conseiller vendeur H/F,,scraped,2026-07-09T11:47:08.397384,
b213571e9c0bf80c,https://fr.linkedin.com/jobs/view/responsable-qualit%C3%A9-h-f-at-lhh-4436805048,Responsable Qualité (h/f),LHH,posted,2026-07-09T11:47:24.353708,489
446af7268f5bf034,https://fr.linkedin.com/jobs/view/stagiaire-ou-alternant-data-analyst-performance-commerciale-%E2%80%93-6-mois-f-h-at-horus-pharma-4437376932,Stagiaire ou Alternant Data Analyst - Performance Commerciale – 6 mois (F/H),,scraped,2026-07-09T11:47:29.043799,
56a9df9a9f8edd3d,https://fr.linkedin.com/jobs/view/business-analyst-exp%C3%A9riment%C3%A9-f-h-at-atos-4378925771,Business Analyst Expérimenté (F/H),,scraped,2026-07-09T11:47:36.099039,
5758d4eb7eeb7b4c,https://fr.linkedin.com/jobs/view/project-manager-at-exakis-nelite-4422333791,Project Manager,,scraped,2026-07-09T11:47:45.899878,
588e94c973e3f379,https://fr.linkedin.com/jobs/view/stage-conformit%C3%A9-at-societe-generale-4416875146,Stage conformité,,scraped,2026-07-09T11:47:55.862328,
c36d2c48fa984317,https://fr.linkedin.com/jobs/view/stage-contr%C3%B4le-de-gestion-at-trainsweateat-4416257409,Stage - Contrôle de Gestion,,scraped,2026-07-09T11:48:02.922918,
acf7c14ee9716f4e,https://fr.linkedin.com/jobs/view/technicien-assurance-qualit%C3%A9-technicienne-assurance-qualit%C3%A9-at-manpower-france-4433170255,Technicien assurance qualité/Technicienne assurance qualité,Manpower France,posted,2026-07-09T11:48:21.704066,491
0828d97ef76fed08,https://fr.linkedin.com/jobs/view/assistant-e-office-ops-alternance-at-futures-4434557850,Assistant(e) Office & Ops Alternance,,scraped,2026-07-09T11:48:26.335635,
86285df2a73efe9a,https://fr.linkedin.com/jobs/view/aide-soignant-h-f-at-admr-des-alpes-maritimes-4436204625,Aide-soignant H/F,ADMR des Alpes-Maritimes,posted,2026-07-09T11:48:45.648545,195
288ffcc2e75096ca,https://fr.linkedin.com/jobs/view/education-programmes-officer-admin-coordination-event-h-f-at-european-society-of-cardiology-4436737118,"Education programmes officer (admin, coordination, event) H/F",,scraped,2026-07-09T11:48:50.336642,
848909497c4b2d0c,https://fr.linkedin.com/jobs/view/man%C5%93uvre-b%C3%A2timent-carros-at-suez-4437826520,Manœuvre Bâtiment - Carros,,scraped,2026-07-09T11:48:57.622289,
0bcea9f5fd831dbb,https://fr.linkedin.com/jobs/view/business-analyst-technique-at-capgemini-4438614671,Business analyst technique,,scraped,2026-07-09T11:49:04.754859,
2b70c21e1d042315,https://mc.linkedin.com/jobs/view/alternance-fiscalit%C3%A9-internationale-at-societe-generale-4438567219,ALTERNANCE - Fiscalité Internationale,,scraped,2026-07-09T11:49:11.795336,
c26c76743268517e,https://fr.linkedin.com/jobs/view/courtier-en-immobilier-at-conseil-immopro-4438263801,Courtier en immobilier,,scraped,2026-07-09T11:49:18.526565,
d1b30f2a65ac6929,https://fr.linkedin.com/jobs/view/forward-deployed-engineer-h-f-nb-at-keyrus-4437081033,Forward Deployed Engineer (H/F/NB),,scraped,2026-07-09T11:49:27.475095,
7a815690a1fa318a,https://mc.linkedin.com/jobs/view/manager-audit-at-kpmg-gld-et-associ%C3%A9s-monaco-4435790705,Manager Audit,KPMG GLD et Associés Monaco,posted,2026-07-09T11:49:42.121540,493
3a33e07f4af043c9,https://fr.linkedin.com/jobs/view/charg%C3%A9-ou-charg%C3%A9e-de-processus-et-m%C3%A9thodes-informatiques-at-alithya-4418454577,Chargé ou chargée de processus et méthodes informatiques,Alithya,posted,2026-07-09T11:49:54.849685,495
0d56b06abb04770a,https://fr.linkedin.com/jobs/view/infirmier-ssiad-nice-h-f-at-admr-des-alpes-maritimes-4436087463,Infirmier SSIAD Nice H/F,ADMR des Alpes-Maritimes,posted,2026-07-09T11:50:08.937038,497
90fdec58b5267cf0,https://fr.linkedin.com/jobs/view/technical-npi-program-manager-senior-principal-at-nxp-semiconductors-4436464484,Technical NPI Program Manager - Senior Principal,NXP Semiconductors,posted,2026-07-09T11:50:21.837028,499
09275dff29df1391,https://fr.linkedin.com/jobs/view/animateur-kids-club-h-f-at-i-love-kids-club-4437377680,Animateur Kids Club H/F,I Love Kids Club,posted,2026-07-09T11:50:32.516262,393
86bda2767ee6b525,https://fr.linkedin.com/jobs/view/d%C3%A9veloppeur-se-cobol-mainframe-at-digway-4437333672,Développeur(se) COBOL / Mainframe,,scraped,2026-07-09T11:50:37.276508,
cf412a1249853e8d,https://fr.linkedin.com/jobs/view/ing%C3%A9nieur-d-exploitation-et-mco-applicatif-linux-devops-at-digway-4437348163,Ingénieur d'Exploitation et MCO Applicatif Linux / DevOps,,scraped,2026-07-09T11:50:44.802371,
c28b6738196a116d,https://fr.linkedin.com/jobs/view/animateur-kids-club-h-f-at-i-love-kids-club-4437392215,Animateur Kids Club H/F,I Love Kids Club,posted,2026-07-09T11:50:56.865903,393
e36a781e03a79fc9,https://fr.linkedin.com/jobs/view/boucher-h-f-at-grand-frais-4437349245,BOUCHER H/F,,scraped,2026-07-09T11:50:59.648535,
a42e7bf3405b7263,https://fr.linkedin.com/jobs/view/commercial-commerciale-at-paritel-4433982441,Commercial/Commerciale,,scraped,2026-07-09T11:51:07.333040,
528a5a4e9712cbd4,https://fr.linkedin.com/jobs/view/consultant-e-qa-fonctionnel-h-f-at-exalt-4437341719,Consultant.e QA Fonctionnel (H/F),,scraped,2026-07-09T11:51:14.293048,
e2ae907a8dcb3e8d,https://fr.linkedin.com/jobs/view/conseiller-commercial-formation-h-f-at-visiplus-academy-4433100005,Conseiller commercial formation (H/F),VISIPLUS academy,posted,2026-07-09T11:51:31.375211,501
f50e8cf9d05a3fe6,https://fr.linkedin.com/jobs/view/directeur-d-agence-franchis%C3%A9-e-at-r%C3%A9novert-4437763367,Directeur d'agence franchisé(e),,scraped,2026-07-09T11:51:34.093221,
d254d3e5758a56bb,https://fr.linkedin.com/jobs/view/mid-senior-full-stack-engineer-web-first-at-smg-swiss-marketplace-group-4436806030,Mid/Senior Full-Stack Engineer (Web-first),,scraped,2026-07-09T11:51:41.637505,
03ab832787e8a84e,https://fr.linkedin.com/jobs/view/employ%C3%A9-de-caisse-accueil-f-h-at-monoprix-4436877712,Employé de caisse accueil F/H,,scraped,2026-07-09T11:51:50.708612,
46e6a939314bfdc2,https://fr.linkedin.com/jobs/view/charg%C3%A9-e-d-affaires-ind%C3%A9pendant-f-h-at-illico-travaux-4434861413,Chargé(e) d'affaires indépendant F/H,,scraped,2026-07-09T11:51:58.067080,
9ce7feb8dc7c4faa,https://fr.linkedin.com/jobs/view/conseiller-e-de-vente-tezenis-cdd-35h-menton-at-oniverse-4434841068,Conseiller(e) de Vente Tezenis - CDD 35h - Menton,,scraped,2026-07-09T11:52:05.808745,
f2bcf270f6edb1eb,https://fr.linkedin.com/jobs/view/functional-qa-tester-insurance-health-at-alithya-4433701963,"Functional QA Tester, Insurance - Health",Alithya,posted,2026-07-09T11:52:23.665358,503
94bc957d7eef3841,https://fr.linkedin.com/jobs/view/congress-programme-officer-admin-coordination-event-at-european-society-of-cardiology-4433576945,"Congress Programme Officer (admin, coordination, event)",,scraped,2026-07-09T11:52:26.436030,
82b074311ef6c127,https://mc.linkedin.com/jobs/view/employ%C3%A9-de-maison-monaco-at-madameestservie-net-recrutement-de-personnel-de-maison-de-luxe-4437583505,Employé de maison Monaco,,scraped,2026-07-09T18:35:22.936303,
b760f0d34de4817b,https://mc.linkedin.com/jobs/view/treasury-manager-at-aktg-abercrombie-kent-travel-group-4437563478,Treasury Manager,,scraped,2026-07-09T18:35:32.322379,
f7cea376bbc5b462,https://mc.linkedin.com/jobs/view/senior-value-chain-development-expert-at-ntu-international-a-s-4436389603,Senior Value Chain Development Expert,,scraped,2026-07-09T18:35:46.874046,
ba46b6c561a26ea1,https://fr.linkedin.com/jobs/view/%C3%A9quipier-de-nuit%E2%80%93-saint-paul-de-vence-%E2%80%93-cdd-at-le-domaine-du-mas-de-pierre-4437831519,Équipier de nuit– Saint Paul de Vence – CDD,,scraped,2026-07-09T18:36:16.174265,
aa55e85997c6f184,https://mc.linkedin.com/jobs/view/finance-business-partner-at-v-group-4430177506,Finance Business Partner,,scraped,2026-07-09T18:36:24.843653,
88f9b241a91bc525,https://fr.linkedin.com/jobs/view/professeur-d-anglais-enseignant-cours-particuliers-at-tus-media-4436087994,Professeur d'anglais - Enseignant cours particuliers,,scraped,2026-07-09T18:36:38.032424,
6ef3b63895b5d2be,https://mc.linkedin.com/jobs/view/comptable-g%C3%A9n%C3%A9ral-h-f-anglais-courant-luxe-lifestyle-at-talents-finance-4437308425,Comptable général (H/F) - Anglais Courant - Luxe & Lifestyle,,scraped,2026-07-09T18:36:47.880468,
fe1af3a1219ee6b8,https://mc.linkedin.com/jobs/view/%C3%A9quipier-polyvalent-h-f-%E2%80%93-pizz-aria-%E2%80%93-monaco-at-giraudi-group-4438689462,Équipier Polyvalent (H/F) – Pizz'aria – Monaco,,scraped,2026-07-09T18:36:57.530217,
9f7233625cdd85b6,https://mc.linkedin.com/jobs/view/alternance-fiscalit%C3%A9-internationale-at-societe-generale-private-banking-sgpb-4434885141,ALTERNANCE - Fiscalité Internationale,,scraped,2026-07-09T18:37:06.088630,
a43eb2094c8befc0,https://fr.linkedin.com/jobs/view/stage-groupes-et-ev%C3%A8nements-h-f-at-h%C3%B4tel-le-negresco-4438695587,Stage Groupes et Evènements (H/F),Hôtel Le Negresco,posted,2026-07-09T18:37:50.125883,505
8db30b98d15d1837,https://mc.linkedin.com/jobs/view/work-from-home-customer-support-%E2%80%93-french-speaking-at-talentpop-app-4434878456,Work-from-Home Customer Support – French Speaking,TalentPop App,posted,2026-07-09T18:38:07.170917,379
f4c062560da611da,https://mc.linkedin.com/jobs/view/work-from-home-customer-support-%E2%80%93-french-speaking-at-talentpop-app-4434884290,Work-from-Home Customer Support – French Speaking,TalentPop App,scraped,2026-07-09T18:38:11.124867,
ccd496f6f44c0362,https://mc.linkedin.com/jobs/view/virtual-customer-support-agent-french-english-%E2%80%93-100%25-remote-at-talentpop-app-4434891135,Virtual Customer Support Agent (French/English) – 100% Remote,TalentPop App,posted,2026-07-09T18:38:16.912652,477
50f75b94c0441eac,https://mc.linkedin.com/jobs/view/virtual-customer-support-agent-french-english-%E2%80%93-100%25-remote-at-talentpop-app-4435667614,Virtual Customer Support Agent (French/English) – 100% Remote,TalentPop App,scraped,2026-07-09T18:38:22.983580,
4024450ff4097cde,https://mc.linkedin.com/jobs/view/french-english-customer-support-associate-at-talentpop-app-4434879429,French-English Customer Support Associate,TalentPop App,posted,2026-07-09T18:38:29.794867,473
19a783754d560007,https://fr.linkedin.com/jobs/view/concessionnaire-directeur-d-agence-stores-de-france-at-stores-de-france-r%C3%A9seau-4437594347,Concessionnaire Directeur d'agence Stores de France,Stores de France Réseau,posted,2026-07-09T18:38:46.302239,507
734112187fdd5a69,https://fr.linkedin.com/jobs/view/moniteur-educateur-h-f-at-association-paje-pasteur-avenir-jeunesse-4435247791,MONITEUR EDUCATEUR H/F,,scraped,2026-07-09T18:38:56.970287,
f2d2923f2928a6ad,https://fr.linkedin.com/jobs/view/alternance-charg%C3%A9-e-de-communication-h-f-at-isim-4437053456,Alternance Chargé(e) de communication H/F,ISIM,posted,2026-07-09T18:39:19.738250,509
62b39eef5b3ffdeb,https://fr.linkedin.com/jobs/view/educateur-specialise-h-f-at-association-paje-pasteur-avenir-jeunesse-4437324842,EDUCATEUR SPECIALISE H/F,,scraped,2026-07-09T18:39:24.343831,
5d66b120caef1ac2,https://fr.linkedin.com/jobs/view/ing%C3%A9nieur-en-techniques-biologiques-h-f-at-inserm-paris-%C3%AEle-de-france-4438609113,Ingénieur en techniques biologiques - H/F,,scraped,2026-07-09T18:39:38.931681,
e5c69c03a56af73c,https://fr.linkedin.com/jobs/view/ing%C3%A9nieur-electricit%C3%A9-exp%C3%A9riment%C3%A9-h-f-at-l-usine-nouvelle-4434884863,Ingénieur Electricité expérimenté H/F,L'Usine Nouvelle,posted,2026-07-09T18:40:25.333581,511
6e7129cdd3505812,https://fr.linkedin.com/jobs/view/plagiste-limonadier-%C3%A8re-f-h-at-cap-d-antibes-beach-hotel-4438656011,Plagiste/Limonadier(ère) F/H,CAP D'ANTIBES - BEACH HOTEL,posted,2026-07-09T18:40:42.572235,513
eb35bbf675e9b611,https://fr.linkedin.com/jobs/view/assistant-juridique-h-f-at-pep%E2%80%99s-advisory-4438272633,Assistant Juridique (H/F),,scraped,2026-07-09T18:40:53.193184,
6e2a7644e3e0d7ee,https://fr.linkedin.com/jobs/view/executive-assistant-office-manager-f-h-at-questel-4438662773,Executive Assistant & Office Manager F/H,Questel,posted,2026-07-09T18:41:18.632517,515
9a86e62b85640d7c,https://fr.linkedin.com/jobs/view/cdi-delegue-e-pharmacie-nice-h-f-at-danone-4438692378,CDI - DELEGUE(E) PHARMACIE - NICE (H/F),,scraped,2026-07-09T18:41:21.329177,
7d9c245742cd701f,https://fr.linkedin.com/jobs/view/chef-de-rang-h-f-nice-at-tigermilk-group-4436237781,Chef de rang (H/F)- Nice,,scraped,2026-07-09T18:41:47.949987,
6aafccc9681f5c88,https://fr.linkedin.com/jobs/view/assistante-de-direction-at-mood-design-4434887960,Assistante de direction,,scraped,2026-07-09T18:41:54.643180,
864d669e8a85025d,https://fr.linkedin.com/jobs/view/alternance-assistant-e-commercial-e-h-f-at-isim-4437064412,Alternance - Assistant(e) commercial(e) H/F,ISIM,posted,2026-07-09T18:42:30.108949,517
c5c2f900790aadef,https://fr.linkedin.com/jobs/view/pr%C3%A9paratrice-pr%C3%A9parateur-de-commandes-at-monoprix-4428704407,"Préparatrice, préparateur de commandes",,scraped,2026-07-09T18:42:38.851553,
971c197f08787339,https://fr.linkedin.com/jobs/view/alternance-assistant-e-manager-h-f-at-isim-4437074056,Alternance - Assistant(e) Manager H/F,ISIM,posted,2026-07-09T18:43:12.348263,519
415d56bac51a0d7b,https://fr.linkedin.com/jobs/view/work-in-portugal-video-content-analyst-accomodation-support-available-%21-at-global-people-sphere-4435469040,Work in Portugal: Video Content Analyst (Accomodation Support Available)!,Global People Sphere,posted,2026-07-09T18:43:22.411668,521
3234c7ed5d5ecf99,https://fr.linkedin.com/jobs/view/alternance-assistant-e-commercial-e-pme-pmi-h-f-at-isim-4437054683,Alternance - Assistant(e) Commercial(e) PME/PMI H/F,ISIM,posted,2026-07-09T18:43:34.185529,523
f32b12030c18cd93,https://fr.linkedin.com/jobs/view/care-expert-france-%F0%9F%87%AB%F0%9F%87%B7-at-alan-4437173047,Care Expert - France 🇫🇷,,scraped,2026-07-09T18:43:36.794355,
d61bb5dfd4b5df5e,https://mc.linkedin.com/jobs/view/technicien-audiovisuel-h-f-at-institut-oc%C3%A9anographique-fondation-albert-ier-prince-de-monaco-4437553148,Technicien audiovisuel (H-F),,scraped,2026-07-09T18:43:43.397035,
dfd0d56b0619830f,https://fr.linkedin.com/jobs/view/manager-de-restaurant-h-f-nice-at-tigermilk-group-4437093712,Manager de restaurant (H/F) - NICE,,scraped,2026-07-09T18:43:50.483372,
72528fc34b45680b,https://fr.linkedin.com/jobs/view/garde-d-enfants-%C3%A0-domicile-h-f-at-family-sphere-4435654844,Garde d'enfants à domicile (H/F),Family Sphere,posted,2026-07-09T18:44:08.280332,525
7d67ef5278a4b865,https://fr.linkedin.com/jobs/view/technicien-de-laboratoire-biologie-m%C3%A9dicale-at-eurofins-biologie-m%C3%A9dicale-4438232661,Technicien de Laboratoire - Biologie Médicale,,scraped,2026-07-09T18:44:28.949521,
16dc2b0f52d58775,https://fr.linkedin.com/jobs/view/r%C3%A9ceptionniste-h%C3%B4tellerie-at-resideal-4433711192,Réceptionniste hôtellerie,RESIDEAL,posted,2026-07-09T18:44:48.583477,527
8c30e4a323339586,https://fr.linkedin.com/jobs/view/expert-comptable-m%C3%A9morialiste-h-f-at-l-usine-nouvelle-4433740412,Expert comptable mémorialiste  (H/F),L'Usine Nouvelle,posted,2026-07-09T18:45:11.157160,529
b144c6a7eefde84f,https://fr.linkedin.com/jobs/view/business-analyst-technique-at-capgemini-4438606477,Business analyst technique,,scraped,2026-07-09T18:45:13.976300,
6e61e585dab11cba,https://fr.linkedin.com/jobs/view/support-client-francophone-%E2%80%93-t%C3%A9l%C3%A9travail-en-gr%C3%A8ce-relocalisation-incluse-at-fh-collective-academy-4436014783,"Support Client Francophone – Télétravail en Grèce, Relocalisation incluse",FH Collective - Academy,posted,2026-07-09T18:45:33.323772,531
e17c994610f4aa86,https://fr.linkedin.com/jobs/view/french-customer-support-representative-%E2%80%93-remote-in-greece-relocation-supported-at-fh-collective-academy-4436024440,French Customer Support Representative – Remote in Greece - Relocation supported,FH Collective - Academy,posted,2026-07-09T18:45:40.092637,359
4ed61a72c403f0f3,https://fr.linkedin.com/jobs/view/responsable-communications-entreprise-at-futures-4434554932,Responsable communications entreprise,,scraped,2026-07-09T18:45:42.790043,
68f2c2f2add14a45,https://fr.linkedin.com/jobs/view/demi-chef-fe-de-partie-h-f-at-mess-family-4436702412,Demi-chef(fe) de partie H/F,,scraped,2026-07-09T18:45:49.690214,
4e93d38148656902,https://fr.linkedin.com/jobs/view/assistant-store-manager-h-f-cdi-nice-at-sunglass-hut-4435673493,Assistant Store Manager H/F - CDI - Nice,Sunglass Hut,posted,2026-07-09T18:46:14.701909,533
dc357713d5555162,https://fr.linkedin.com/jobs/view/responsable-de-secteur-dans-les-services-%C3%A0-la-personne-h-f-at-petits-fils-4433185925,Responsable de secteur dans les services à la personne (H/F),,scraped,2026-07-09T18:46:21.403938,
fbcb230372b8bca9,https://fr.linkedin.com/jobs/view/vendeur-euse-cdd-35h-f-h-at-lacoste-4437400614,Vendeur(euse) CDD 35H (F/H),,scraped,2026-07-09T18:46:28.236821,
4168626e6c6ce081,https://fr.linkedin.com/jobs/view/gouvernant-e-d-%C3%A9tage-h-f-at-inwood-hotels-4437376133,Gouvernant(e) d'étage - H/F,,scraped,2026-07-09T18:46:35.055410,
103f501b6aa1d70d,https://fr.linkedin.com/jobs/view/it-product-owner-h-f-at-meritis-4434513672,IT Product Owner (H/F),,scraped,2026-07-09T18:46:45.034537,
97a0be27dbc22fec,https://fr.linkedin.com/jobs/view/dessinateur-projeteur-electricit%C3%A9-f-h-at-weeneo-consulting-4436224231,Dessinateur Projeteur Electricité F/H,,scraped,2026-07-09T18:46:53.883717,
52b405d755c262a1,https://fr.linkedin.com/jobs/view/sp%C3%A9cialiste-commercial-at-gan-pr%C3%A9voyance-4436715402,Spécialiste commercial,,scraped,2026-07-09T18:47:07.866585,
8dc51b5cb513f63b,https://fr.linkedin.com/jobs/view/chef-d%E2%80%99agence-cheffe-d%E2%80%99agence-at-avenir-r%C3%A9novations-4438593858,Chef d’agence/Cheffe d’agence,,scraped,2026-07-09T18:47:40.296306,
5fd29a844696c437,https://fr.linkedin.com/jobs/view/chef-de-rang-restaurant-la-piscine-cdd-saisonnier-h-f-at-the-maybourne-riviera-4438263901,Chef de rang - Restaurant La Piscine - CDD Saisonnier - H/F,,scraped,2026-07-09T18:47:49.955716,
ddc17da6588bfc6c,https://fr.linkedin.com/jobs/view/cdd-barman-h-f-at-alfred-hotels-4437358976,CDD- Barman H/F,,scraped,2026-07-09T18:47:59.428588,
e7e07f0d6ac07f97,https://fr.linkedin.com/jobs/view/aide-%C3%A0-domicile-h-f-drap-at-admr-des-alpes-maritimes-4436096207,Aide à domicile H/F - Drap,ADMR des Alpes-Maritimes,posted,2026-07-09T18:48:30.396170,535
78c9f51db9ab11b7,https://fr.linkedin.com/jobs/view/accounting-operations-assistant-english-at-capitaegis-management-4435691728,Accounting & Operations Assistant (English),,scraped,2026-07-09T18:48:33.115166,
880073da203eb5ef,https://fr.linkedin.com/jobs/view/cuisinier-en-restauration-collective-h-f-at-newrest-4438182827,Cuisinier en Restauration Collective H/F,,scraped,2026-07-09T18:48:44.321054,
859f1b161fad5f4b,https://fr.linkedin.com/jobs/view/alternance-manager-de-rayon-h-f-at-isim-4437370790,Alternance Manager de Rayon H/F,ISIM,posted,2026-07-09T18:48:55.760817,315
21ccf3b2bb947615,https://fr.linkedin.com/jobs/view/technico-commercial-fournitures-industrielles-m%C3%A9tal-h-f-06-at-foussier-4438802038,Technico commercial Fournitures industrielles - Métal H/F (06),,scraped,2026-07-09T18:49:04.488557,
09030f07c8ec65b2,https://fr.linkedin.com/jobs/view/charg%C3%A9-de-d%C3%A9veloppement-local-actions-%C3%A9ducatives-f-h-at-afev-alpes-maritimes-4438173870,Chargé de développement local : actions éducatives F/H,,scraped,2026-07-09T18:49:11.621162,
6c0ca8dab3f539c1,https://fr.linkedin.com/jobs/view/magasinier-h-f-at-bymycar-4436757048,MAGASINIER H/F,,scraped,2026-07-09T18:49:18.862936,
7f76fd4b850c924a,https://fr.linkedin.com/jobs/view/assistant-copropri%C3%A9t%C3%A9-f-h-alternance-at-lamy-4438236910,Assistant Copropriété F/H - ALTERNANCE,Lamy,posted,2026-07-09T18:49:40.827817,537
7530e65d00ccf124,https://fr.linkedin.com/jobs/view/adjoint-e-chef-de-rayon-poissonnerie-h-f-at-leclerc-le-poire-sur-vie-4438184651,ADJOINT(E) CHEF DE RAYON POISSONNERIE - H/F,,scraped,2026-07-09T18:49:49.583778,
8d032593d785c98b,https://fr.linkedin.com/jobs/view/sous-chef-f-h-at-eleni-group-4438637850,Sous-Chef F/H,,scraped,2026-07-09T18:49:58.308456,
182aa6dc3ca4160d,https://fr.linkedin.com/jobs/view/vendeur-cycle-h-f-06-alternance-at-alltricks-4437319095,Vendeur cycle (H/F) - (06) Alternance,,scraped,2026-07-09T18:50:07.474422,
ed6a2973b55ed801,https://fr.linkedin.com/jobs/view/aide-%C3%A0-domicile-h-f-v%C3%A9subie-at-admr-des-alpes-maritimes-4436538412,Aide à domicile H/F - Vésubie,ADMR des Alpes-Maritimes,posted,2026-07-09T18:50:28.963579,539
718b14bbee7db223,https://fr.linkedin.com/jobs/view/directeur-technique-nice-h-f-at-icade-4409338338,DIRECTEUR TECHNIQUE NICE H/F,,scraped,2026-07-09T18:50:31.754854,
3d24988e5e64d4c5,https://fr.linkedin.com/jobs/view/cheffe-chef-de-projets-senior-at-capgemini-4438615627,Cheffe/Chef de projets senior,,scraped,2026-07-09T18:50:39.487933,
bd37db268a8c2da5,https://fr.linkedin.com/jobs/view/conseiller-commercial-meuble-literie-f-h-at-concepteur-vendeur-4437113755,Conseiller commercial Meuble / Literie F/H,,scraped,2026-07-09T18:50:45.978602,
7257c83011d08f6c,https://fr.linkedin.com/jobs/view/auxiliaire-de-cr%C3%A8che-en-alternance-f-h-at-walter-learning-4436271725,Auxiliaire de Crèche en alternance F/H,,scraped,2026-07-09T18:50:56.184942,
ba2eada1082978da,https://mc.linkedin.com/jobs/view/digital-sales-support-representative-at-talentpop-app-4434873627,Digital Sales & Support Representative,TalentPop App,posted,2026-07-09T18:51:07.505132,319
247657990a064e7e,https://fr.linkedin.com/jobs/view/conseiller-client%C3%A8le-h-f-at-nestl%C3%A9-nespresso-sa-4438622588,Conseiller clientèle (H/F),Nestlé Nespresso SA,posted,2026-07-09T18:51:31.305462,541
7ed876b5070339cc,https://fr.linkedin.com/jobs/view/gestionnaire-de-paie-f-h-at-cogep-4437800305,Gestionnaire de paie F/H,,scraped,2026-07-09T18:51:44.100416,
dc7e4e6c25cd06ad,https://fr.linkedin.com/jobs/view/alternance-vendeur-conseil-h-f-at-isim-4437074024,Alternance Vendeur Conseil H/F,ISIM,posted,2026-07-09T18:51:57.385391,323
a32141176f846846,https://mc.linkedin.com/jobs/view/technicien-maintenance-ascenseurs-h-f-%C3%A0-monaco-at-kone-4438651189,Technicien Maintenance Ascenseurs H/F à Monaco,,scraped,2026-07-09T18:52:16.070067,
cc0bdbbee3bb671d,https://fr.linkedin.com/jobs/view/alternance-assistant-e-d-exploitation-de-ressources-humainesh-f-at-isim-4437070206,Alternance Assistant(e) d'exploitation de Ressources HumainesH/F,ISIM,posted,2026-07-09T18:52:32.822825,543
a5b4834f6ea3ea6c,https://fr.linkedin.com/jobs/view/formateur-formatrice-en-grande-distribution-cdi-%E2%80%93-itin%C3%A9rance-at-avalys-formation-4437193573,Formateur / Formatrice en Grande Distribution (CDI – Itinérance),,scraped,2026-07-09T18:52:35.471314,
de735b3704eb66ab,https://fr.linkedin.com/jobs/view/conseiller-commercial-f-h-cdi-dpt-06-at-axa-en-france-4438660212,Conseiller Commercial (F/H) - CDI - Dpt 06,,scraped,2026-07-09T18:52:47.022035,
77723d8c80f8e133,https://mc.linkedin.com/jobs/view/business-control-officer-fixed-term-6-months-at-stonehage-fleming-4437574472,Business Control Officer (Fixed Term - 6 months),,scraped,2026-07-09T18:53:02.299809,
6199d7f586299b7e,https://fr.linkedin.com/jobs/view/vendeur-euse-polyvalent-cdd-1-mois-renouvelable-at-mango-4437392461,VENDEUR/EUSE POLYVALENT CDD 1 mois renouvelable,,scraped,2026-07-09T18:53:12.094576,
f64d24413164a4d2,https://fr.linkedin.com/jobs/view/cameriere-4434886196,Cameriere,Pasta e Basta - Antibes,posted,2026-07-09T18:53:24.545375,545
c4fc48a2cf0e8936,https://fr.linkedin.com/jobs/view/assistant-copropri%C3%A9t%C3%A9-h-f-at-citya-immobilier-4418160298,Assistant Copropriété H/F,,scraped,2026-07-09T18:53:27.153159,
4dbe38026820dda2,https://mc.linkedin.com/jobs/view/gouvernante-d-%C3%A9tage-at-fairmont-hotels-resorts-4393034796,Gouvernante d'étage,Fairmont Hotels &amp; Resorts,posted,2026-07-09T18:53:47.428825,547
79240120bebc3eaf,https://fr.linkedin.com/jobs/view/alternance-assistant-charg%C3%A9-de-programmes-h-f-at-kaufman-and-broad-4429529020,ALTERNANCE - Assistant Chargé de Programmes (H/F),Kaufman & Broad,posted,2026-07-09T18:54:05.703236,549
47224666cc56f690,https://fr.linkedin.com/jobs/view/stage-wedding-planner-planificateur-de-mariage-2-%C3%A0-3-mois-at-ya%C3%ABl-events-4438646415,Stage Wedding Planner / Planificateur de mariage (2 à 3 mois),,scraped,2026-07-09T18:54:12.388885,
4ce5cfff3430bd83,https://mc.linkedin.com/jobs/view/virtual-customer-support-agent-french-english-%E2%80%93-100%25-remote-at-talentpop-app-4435679204,Virtual Customer Support Agent (French/English) – 100% Remote,TalentPop App,posted,2026-07-09T18:54:29.091987,477
58025930f69f371a,https://fr.linkedin.com/jobs/view/accounting-assistant-at-bnetwork-4437350883,Accounting Assistant,,scraped,2026-07-09T18:54:31.827392,
3dd4510b39311269,https://fr.linkedin.com/jobs/view/responsable-comptabilit%C3%A9-fournisseurs-h-f-at-manpowergroup-4434849383,Responsable comptabilité fournisseurs (h/f),ManpowerGroup,posted,2026-07-09T18:54:49.835637,551
fe6fc0f30285f2bf,https://fr.linkedin.com/jobs/view/agent-d%E2%80%99entretien-at-atoutnet-services-menton-4438653579,Agent d’entretien,Atoutnet services menton,posted,2026-07-09T18:55:08.021533,553
83f5b3e5e84e7fb6,https://mc.linkedin.com/jobs/view/virtual-customer-support-agent-french-english-%E2%80%93-100%25-remote-at-talentpop-app-4434884352,Virtual Customer Support Agent (French/English) – 100% Remote,TalentPop App,scraped,2026-07-09T18:55:11.989433,
9858c96b491bf62d,https://fr.linkedin.com/jobs/view/attach%C3%A9-commercial-dg-be-d%C3%A9partements-59-62-76-80-h-f-at-essilorluxottica-4434463194,"Attaché commercial DG & BE - départements 59, 62, 76, 80(H/F)",,scraped,2026-07-09T18:55:14.745929,
9423fdb12fac2a1a,https://it.linkedin.com/jobs/view/regulatory-affairs-specialist-%E2%80%93-medical-devices-at-mastelli-bio-pharmaceutical-company-italy-4436093199,Regulatory Affairs Specialist – Medical Devices,,scraped,2026-07-09T18:55:22.116395,
091dfc3c7a119e26,https://fr.linkedin.com/jobs/view/op%C3%A9rateur-traitement-de-valeurs-h-f-nice-at-brink%E2%80%99s-inc-4419837173,Opérateur traitement de valeurs H/F - Nice,Brink’s Inc,posted,2026-07-09T18:55:43.412709,555
4c78f8e99ae154e5,https://fr.linkedin.com/jobs/view/data-trust-ai-governance-manager-h-f-nb-at-keyrus-4437073343,Data Trust & AI Governance Manager (H/F/NB),,scraped,2026-07-09T18:56:02.355677,
3c9bf6af1e341da8,https://fr.linkedin.com/jobs/view/charg%C3%A9-e-de-formation-et-d%E2%80%99animation-en-sciences-du-num%C3%A9rique-au-sein-de-terra-numerica-at-terra-numerica-4437827656,Chargé(e) de formation et d’animation en sciences du numérique au sein de Terra Numerica,,scraped,2026-07-09T18:56:12.964142,
bcb9fc6a89b9fc6d,https://fr.linkedin.com/jobs/view/foundations-architect-h-f-nb-at-keyrus-4437065610,Foundations Architect (H/F/NB),,scraped,2026-07-09T18:56:20.411555,
9d5afa986adb7bc0,https://fr.linkedin.com/jobs/view/alternant-technicien-achat-h-f-at-fayat-group-4431524784,Alternant Technicien Achat H/F,,scraped,2026-07-09T18:56:28.949147,
7ed2fa8f4a82cea5,https://fr.linkedin.com/jobs/view/evroc-talent-community-at-evroc-4438265407,evroc Talent community,evroc,posted,2026-07-09T18:56:47.287257,557
3ae33a9aa1a3e1f0,https://fr.linkedin.com/jobs/view/chef-fe-de-rang-h-f-at-mess-family-4436809869,Chef(-fe) de Rang H/F,,scraped,2026-07-09T18:56:51.930604,
206000baaf4014e3,https://it.linkedin.com/jobs/view/shop-manager-at-medi-market-italia-4437368965,Shop Manager,,scraped,2026-07-09T18:57:00.775592,
127ae638e4205933,https://fr.linkedin.com/jobs/view/sales-administration-manager-at-bnetwork-4437389623,Sales Administration Manager,,scraped,2026-07-09T18:57:10.293082,
4cc9cfa73d184de8,https://fr.linkedin.com/jobs/view/alternant-ing%C3%A9nieur-d-%C3%A9tudes-electricit%C3%A9-h-f-at-equans-france-4436894062,Alternant Ingénieur d'études Electricité H/F,,scraped,2026-07-09T18:57:17.349453,
c3d9ad53faa7938b,https://fr.linkedin.com/jobs/view/consultant-immobilier-ind%C3%A9pendant-h-f-at-l-adresse-anjou-maine-4438601505,Consultant immobilier indépendant (H/F),,scraped,2026-07-09T18:57:26.531923,
3d33dc19f9ee20fb,https://fr.linkedin.com/jobs/view/directeur-de-franchise-directrice-de-franchise-at-avenir-bizness-fr-4438173757,Directeur de franchise/Directrice de franchise,Avenir-Bizness.fr,posted,2026-07-09T18:57:49.689555,559
a7c0c3e7250666bf,https://fr.linkedin.com/jobs/view/technicien-support-vip-h-f-at-econocom-france-4434860856,Technicien support VIP H/F,,scraped,2026-07-09T18:57:52.380643,
025fd12487a34dda,https://fr.linkedin.com/jobs/view/infirmier-h-f-at-admr-des-alpes-maritimes-4436084250,Infirmier H/F,ADMR des Alpes-Maritimes,posted,2026-07-09T18:58:05.664091,203
7e06200b3a849b1c,https://fr.linkedin.com/jobs/view/ai-dsp-engineer-f-m-at-essilorluxottica-4375813718,AI&DSP Engineer (F/M),,scraped,2026-07-09T18:58:10.489609,
70e175fb190d0fe0,https://fr.linkedin.com/jobs/view/animateur-kids-club-h-f-at-i-love-kids-club-4437588288,Animateur Kids Club H/F,I Love Kids Club,posted,2026-07-09T18:58:20.816157,393
6ab8dc442bb14eea,https://fr.linkedin.com/jobs/view/conseiller-en-immobilier-de-prestige-at-le-recruteur-immobilier%C2%AE-4426818133,Conseiller en immobilier de prestige,,scraped,2026-07-09T18:58:23.524872,
68f5b59e61aa1942,https://fr.linkedin.com/jobs/view/account-executive-business-developer-terrain-chef-de-secteur-logiciel-pour-les-restaurants-nice-cdi-f-h-at-rocket4sales-4437033139,Account Executive / Business Developer terrain / Chef de secteur - Logiciel pour les restaurants - Nice - CDI (F/H),,scraped,2026-07-09T18:58:33.883458,
1ad662292a67ec31,https://fr.linkedin.com/jobs/view/coordinateur-trice-caisse-at-aroma-zone-4436503270,Coordinateur(trice) Caisse,Aroma-Zone,posted,2026-07-09T18:58:58.244350,561
0fae8c6462ce833e,https://fr.linkedin.com/jobs/view/technico-commercial-s%C3%A9dentaire-nautisme-h-f-at-hays-4435686328,Technico-commercial sédentaire nautisme H/F,,scraped,2026-07-09T18:59:00.958619,
93333839cf27e385,https://fr.linkedin.com/jobs/view/field-support-specialist-freelance-dispatch-at-teceze-4436541364,Field Support Specialist ( Freelance / Dispatch),TECEZE,posted,2026-07-09T18:59:19.259750,563
6d33920c520b151f,https://fr.linkedin.com/jobs/view/m%C3%A9canicien-automobile-expert-h-f-at-feu-vert-france-4435263372,Mécanicien Automobile Expert H/F,,scraped,2026-07-09T18:59:21.943309,
88b389d239d14bbe,https://fr.linkedin.com/jobs/view/d%C3%A9veloppeur-java-h-f-at-meritis-4434515614,Développeur Java  (H/F),,scraped,2026-07-09T18:59:28.960714,
fbdb259778389bac,https://fr.linkedin.com/jobs/view/infirmier-soins-qualit%C3%A9-h-f-at-admr-des-alpes-maritimes-4436096047,Infirmier Soins Qualité H/F,ADMR des Alpes-Maritimes,posted,2026-07-09T18:59:49.512134,565
33921f2730d2c343,https://fr.linkedin.com/jobs/view/ventes-au-d%C3%A9tail-at-joaillerie-babylone-4437418009,Ventes au détail,Joaillerie Babylone,posted,2026-07-09T19:00:36.942656,567
9affafb1693b8d1a,https://fr.linkedin.com/jobs/view/cuisinier-h-f-at-korian-4438277798,Cuisinier H/F,Korian France,posted,2026-07-09T19:00:55.092038,569
5cae73ea30d66307,https://fr.linkedin.com/jobs/view/accounting-assistant-at-bnetwork-4437361365,Accounting Assistant,,scraped,2026-07-09T19:00:57.830263,
80b87ce6e891bcf4,https://fr.linkedin.com/jobs/view/employ%C3%A9-e-de-magasin-at-action-4427495973,Employé(e) de magasin,,scraped,2026-07-09T19:01:04.849379,
441c67627f02bfd9,https://fr.linkedin.com/jobs/view/d%C3%A9veloppeur-se-senior-fullstack-php-laravel-%E2%80%93-pure-player-web-saas-at-urban-linker-4431273722,Développeur.se Senior Fullstack (PHP/Laravel) – Pure Player Web & SaaS,,scraped,2026-07-09T19:01:13.024648,
016e1d0aed50d1e7,https://fr.linkedin.com/jobs/view/technicien-chauffage-climatisation-at-ekwipt-4438653655,Technicien chauffage climatisation,,scraped,2026-07-09T19:01:20.736376,
6caab7cbc9e442e7,https://fr.linkedin.com/jobs/view/superviseur-service-client-parking-f-h-x-nice-a%C3%A9roport-cdi-at-sixt-4438630061,Superviseur service client parking - (F/H/X) - Nice Aéroport - CDI,,scraped,2026-07-09T19:01:27.401883,
40fd3ee5e8fc3993,https://fr.linkedin.com/jobs/view/employ%C3%A9-de-rayon-produits-frais-boulangerie-p%C3%A2tisserie-f-h-at-carrefour-4433130485,Employé de rayon produits frais boulangerie - pâtisserie (F/H),Carrefour,posted,2026-07-09T19:01:47.051538,571
4861ad67cf6e7760,https://fr.linkedin.com/jobs/view/responsable-d%E2%80%99agence-h-f-at-crit-france-4435668675,Responsable d’agence H/F,,scraped,2026-07-09T19:01:49.760896,
5d158afe167e8d17,https://fr.linkedin.com/jobs/view/chef-de-projets-d%C3%A9ploiement-ftth-h-f-at-davidson-consulting-4249298208,Chef de projets déploiement FTTH (H/F),,scraped,2026-07-09T19:01:57.858798,
3952ccd70efd5200,https://fr.linkedin.com/jobs/view/collaborateur-charge-des-ventes-h-f-at-foot-locker-4316247711,Collaborateur Charge Des Ventes H/F,Foot Locker,posted,2026-07-09T19:02:07.955602,227
fe0d1d7bb271f391,https://fr.linkedin.com/jobs/view/receptionnaire-apres-vente-h-f-at-bymycar-4436748450,RECEPTIONNAIRE APRES-VENTE H/F,,scraped,2026-07-09T19:02:10.840682,
a798a661c104cc6f,https://fr.linkedin.com/jobs/view/charg%C3%A9-d-accueil-f-h-at-forum-r%C3%A9fugi%C3%A9s-4435419926,Chargé d'accueil - F/H,Forum réfugiés,posted,2026-07-09T23:58:01.157310,573
4b23df754cf7fdc7,https://fr.linkedin.com/jobs/view/charg%C3%A9-d-accompagnement-%E2%80%93-f-h-at-forum-r%C3%A9fugi%C3%A9s-4437058674,Chargé d'accompagnement – F/H,Forum réfugiés,posted,2026-07-09T23:58:16.070940,575
9caa6fce610a918c,https://mc.linkedin.com/jobs/view/assistant-administratif-h-f-at-l-usine-nouvelle-4434888864,Assistant administratif H/F,L'Usine Nouvelle,posted,2026-07-09T23:58:38.087565,577
1e5385fd0a49ddb1,https://mc.linkedin.com/jobs/view/assistant-personnel-junior-en-multi-family-office-h-f-at-masalex-conseil-4438634128,Assistant personnel junior en multi family office H/F,,scraped,2026-07-09T23:58:42.671352,
f660b2deceb57a20,https://mc.linkedin.com/jobs/view/comptable-confirm%C3%A9-at-kpmg-gld-et-associ%C3%A9s-monaco-4437587595,Comptable confirmé,KPMG GLD et Associés Monaco,posted,2026-07-09T23:59:08.439906,579
8151bda5119baea8,https://mc.linkedin.com/jobs/view/chef-de-projet-g%C3%A9odata-at-skoto-4438630806,Chef de Projet GéoData,,scraped,2026-07-09T23:59:25.028129,
45a2b40ce4f76ab7,https://fr.linkedin.com/jobs/view/district-manager-at-aroma-zone-4408967114,District Manager,Aroma-Zone,posted,2026-07-10T00:00:07.349190,581
e9488b8c4f4c3a36,https://fr.linkedin.com/jobs/view/chef-de-secteur-pharmacie-h-f-les-secrets-de-loly-nice-at-upsell-force-de-vente-externalis%C3%A9e-4437094577,Chef de Secteur Pharmacie (H/F) Les Secrets de Loly - Nice,,scraped,2026-07-10T00:00:14.033564,
62a605e1f6ed91e2,https://fr.linkedin.com/jobs/view/directeur-directrice-de-restaurant-h-f-at-giraudi-group-4438623671,Directeur / Directrice de Restaurant (H/F),,scraped,2026-07-10T00:00:26.711038,
85dda151ad3d087a,https://fr.linkedin.com/jobs/view/vendeur-se-v%C3%A9hicules-neufs-h-f-at-volkswagen-group-retail-france-4418501764,Vendeur.se Véhicules Neufs (H/F),,scraped,2026-07-10T00:00:37.152232,
d607aecdd50b9898,https://fr.linkedin.com/jobs/view/barman-barmaid-barista-le-300-extra-h-f-at-the-maybourne-riviera-4438106490,Barman/Barmaid - Barista - Le 300 - EXTRA - H/F,,scraped,2026-07-10T00:00:44.276939,
764e8a57f8e4650f,https://mc.linkedin.com/jobs/view/virtual-customer-support-agent-french-english-%E2%80%93-100%25-remote-at-talentpop-app-4434886345,Virtual Customer Support Agent (French/English) – 100% Remote,TalentPop App,posted,2026-07-10T00:00:59.838645,477
a8f10e8d5302d095,https://mc.linkedin.com/jobs/view/virtual-customer-support-agent-french-english-%E2%80%93-100%25-remote-at-talentpop-app-4435677255,Virtual Customer Support Agent (French/English) – 100% Remote,TalentPop App,scraped,2026-07-10T00:01:05.789880,
6eed926ef9a84425,https://fr.linkedin.com/jobs/view/process-engineer-at-plenesys-4438608527,Process Engineer,,scraped,2026-07-10T00:01:38.531833,
b90a6c2c59d23c1d,https://fr.linkedin.com/jobs/view/alternance-community-manager-h-f-at-isim-4437058480,Alternance Community manager H/F,ISIM,posted,2026-07-10T00:01:51.122289,267
8379a0feb1970f3f,https://fr.linkedin.com/jobs/view/alternance-community-manager-h-f-at-isim-4437069057,Alternance Community manager H/F,ISIM,scraped,2026-07-10T00:01:56.848895,
dc6448e984a88ff5,https://fr.linkedin.com/jobs/view/job-d-%C3%A9t%C3%A9-saint-laurent-du-var-h-f-at-admr-des-alpes-maritimes-4436094310,Job d'été - Saint-Laurent-du-Var (H/F),ADMR des Alpes-Maritimes,posted,2026-07-10T00:03:14.836388,583
d31f936282b758fe,https://it.linkedin.com/jobs/view/pi%C3%B9me-addetto-a-alle-vendite-punto-vendita-di-ventimiglia-at-general-gruppo-4437583324,PIÙME ADDETTO/A ALLE VENDITE PUNTO VENDITA DI VENTIMIGLIA,,scraped,2026-07-10T00:03:21.496523,
1ec1701f771d8048,https://fr.linkedin.com/jobs/view/aide-soignant-h-f-at-smart-sant%C3%A9-conseil-4436246497,Aide-soignant (H/F),Smart Santé Conseil,posted,2026-07-10T00:05:20.880783,195
fff543a3499b5fc6,https://fr.linkedin.com/jobs/view/buyer-at-celestal-4438170850,Buyer,,scraped,2026-07-10T00:05:27.570486,
1400ec31397c81c5,https://fr.linkedin.com/jobs/view/alternance-assistant-e-de-gestion-pme-pmi-h-f-at-isim-4437066153,Alternance - Assistant(e) de gestion PME/PMI H/F,ISIM,posted,2026-07-10T00:07:22.433427,585
7fa20477158b5888,https://fr.linkedin.com/jobs/view/commis-de-cuisine-f-h-at-eleni-group-4438650412,Commis de cuisine F/H,,scraped,2026-07-10T00:07:27.090762,
9f0d774c97f37ef3,https://fr.linkedin.com/jobs/view/secr%C3%A9taire-m%C3%A9dicale-biologie-m%C3%A9dicale-at-eurofins-biologie-m%C3%A9dicale-4438250544,Secrétaire Médicale - Biologie Médicale,,scraped,2026-07-10T00:07:36.043544,
b2370f67686e53c3,https://fr.linkedin.com/jobs/view/directeur-ice-de-magasin-femme-nice-at-armand-thiery-4438646680,Directeur/ice de Magasin Femme - Nice,,scraped,2026-07-10T00:07:53.157510,
321a308cea7285af,https://fr.linkedin.com/jobs/view/cdd-conseiller-e-de-vente-28h-35h-fragrances-skincare-galeries-lafayette-cap3000-nice-h-f-x-at-the-est%C3%A9e-lauder-companies-inc-4436221029,CDD - Conseiller.e de vente 28h/35h - Fragrances&Skincare - Galeries Lafayette Cap3000 - Nice H/F/X,The Estée Lauder Companies Inc.,posted,2026-07-10T00:08:08.796800,587
4e80d697a0482cdb,https://fr.linkedin.com/jobs/view/moniteur-formateur-freelance-h-f-at-handiwork-4438241605,Moniteur/Formateur FREELANCE H/F,,scraped,2026-07-10T00:08:11.524013,
340a738d57529ee5,https://fr.linkedin.com/jobs/view/alternance-manager-commercial-h-f-at-isim-4437366883,Alternance - Manager Commercial (H/F),ISIM,posted,2026-07-10T00:08:22.757438,147
d76633c29b581f62,https://fr.linkedin.com/jobs/view/alternance-manager-commercial-h-f-at-isim-4437389032,Alternance - Manager Commercial (H/F),ISIM,scraped,2026-07-10T00:08:28.422348,
d9a0888af5826e4c,https://fr.linkedin.com/jobs/view/assistant-d%C3%A9butant-audit-nice-h-f-at-grant-thornton-france-4438257253,Assistant Débutant - Audit - Nice (H/F),,scraped,2026-07-10T00:08:35.162031,
f3e00e7b2fbbfd4c,https://fr.linkedin.com/jobs/view/secr%C3%A9taire-comptable-f-h-at-cogep-4437811020,Secrétaire comptable F/H,,scraped,2026-07-10T00:08:42.219793,
ec324b8319cf21e1,https://mc.linkedin.com/jobs/view/supply-chain-co-founder-head-of-engineering-100-%25-remote-m-f-d-at-ewor-4435466963,Supply Chain Co-Founder / Head of Engineering (100 % remote) (m/f/d),,scraped,2026-07-10T00:08:49.639969,
22d7e469b6666073,https://mc.linkedin.com/jobs/view/senior-financial-analyst-turnaround-operations-at-royal-caribbean-group-4437404253,Senior Financial Analyst Turnaround Operations,Royal Caribbean Group,posted,2026-07-10T00:10:10.383825,589
8eeb6654b3854422,https://fr.linkedin.com/jobs/view/responsable-commercial-renovation-de-l-habitat-at-avenir-r%C3%A9novations-4438598524,responsable commercial renovation de l'habitat,,scraped,2026-07-10T00:10:15.075930,
62a44b7240100fc4,https://fr.linkedin.com/jobs/view/airport-greeter-job-%C3%A9tudiant-at-ef-4416703735,Airport greeter - Job étudiant,,scraped,2026-07-10T00:10:22.795464,
9f7839da49196e8b,https://fr.linkedin.com/jobs/view/scrum-master-at-fenyx-consult-4437760042,Scrum master,FENYX Group,posted,2026-07-10T00:11:11.645485,591
782e02cf7877253b,https://fr.linkedin.com/jobs/view/french-sales-account-representative-sofia-bulgaria-w-relocation-package-at-tavrion-dynamics-4437344316,"French Sales Account Representative - Sofia, Bulgaria w/ Relocation Package",Tavrion Dynamics,posted,2026-07-10T00:11:26.618628,481
bcba8447926ed195,https://fr.linkedin.com/jobs/view/alternance-manager-de-rayon-h-f-at-isim-4437062314,Alternance Manager de Rayon H/F,ISIM,posted,2026-07-10T00:11:33.004873,315
d8b9123007d51f1a,https://fr.linkedin.com/jobs/view/employ%C3%A9-commercial-caisse-f-h-at-carrefour-4435921091,Employé commercial caisse (F/H),Carrefour,posted,2026-07-10T00:12:54.529882,593
cd74420aaddfc821,https://fr.linkedin.com/jobs/view/chef-de-r%C3%A9ception-h-f-x-at-accor-4437303142,Chef de réception (H/F/X),Accor,posted,2026-07-10T00:13:06.989980,595
da5b57aa5f56e5fc,https://fr.linkedin.com/jobs/view/responsable-de-zone-export-h-f-at-olyos-group-4437913362,Responsable de Zone Export H/F,,scraped,2026-07-10T00:13:09.675264,
9d688645e6c8308f,https://fr.linkedin.com/jobs/view/chef-de-projet-ing%C3%A9nierie-p%C3%A9dagogique-digitale-h-f-at-edhec-business-school-4437561555,Chef de projet Ingénierie pédagogique digitale H/F,EDHEC Business School,posted,2026-07-10T00:14:38.923285,597
9dad8d074a4854c8,https://fr.linkedin.com/jobs/view/internal-auditor-at-alan-4438244939,Internal Auditor,,scraped,2026-07-10T00:14:41.598793,
ac3ebea103666676,https://fr.linkedin.com/jobs/view/chef-de-projet-senior-cheffe-de-projet-senior-at-capgemini-4438253212,Chef de projet senior/Cheffe de projet senior,,scraped,2026-07-10T00:15:57.661585,
28c8097d059b9014,https://mc.linkedin.com/jobs/view/stage-charg%C3%A9-d%E2%80%99affaires-risques-at-societe-generale-private-banking-sgpb-4435689885,STAGE - Chargé d’affaires Risques,,scraped,2026-07-10T00:17:07.605251,
ab835dd37b0f49aa,https://fr.linkedin.com/jobs/view/directeur-d-agence-immobili%C3%A8re-de-prestige-h-f-at-le-recruteur-immobilier%C2%AE-4412349924,Directeur d'Agence Immobilière de Prestige H/F,,scraped,2026-07-10T00:18:18.185736,
a15986010107e417,https://fr.linkedin.com/jobs/view/alternance-conseiller-de-vente-h-f-at-isim-4437376438,Alternance Conseiller de vente  H/F,ISIM,posted,2026-07-10T00:18:33.047180,449
9c11d84ad9b1be77,https://fr.linkedin.com/jobs/view/attach%C3%A9-commercial-polo-rouen-h-f-at-essilorluxottica-4434455698,Attaché commercial Polo - Rouen (H/F),,scraped,2026-07-10T00:18:41.711994,
f3ea244150cafc53,https://fr.linkedin.com/jobs/view/chef-de-rang-h-f-nice-at-tigermilk-group-4437599361,Chef de rang (H/F)- Nice,,scraped,2026-07-10T00:21:13.887659,
462688818e786ac4,https://fr.linkedin.com/jobs/view/aide-%C3%A0-domicile-h-f-cannes-at-admr-des-alpes-maritimes-4436524841,Aide à domicile H/F - Cannes,ADMR des Alpes-Maritimes,posted,2026-07-10T00:21:37.510231,599
3d37687f000d9e03,https://fr.linkedin.com/jobs/view/concepteur-vendeur-cuisine-f-h-at-darty-4438664746,Concepteur Vendeur Cuisine F/H,Darty,posted,2026-07-10T00:21:48.633228,601
17c389563a4d0e6a,https://fr.linkedin.com/jobs/view/cheffe-chef-de-projets-senior-at-capgemini-4438615626,Cheffe/Chef de projets senior,,scraped,2026-07-10T00:21:51.298282,
097b33adc7a4eb45,https://fr.linkedin.com/jobs/view/intervenant-e-professionnel-le-%C3%A9cole-d-architecture-int%C3%A9rieure-at-cread-4436771750,Intervenant.e professionnel.le - école d'architecture intérieure,CREAD,posted,2026-07-10T00:23:14.004035,603
d60ab33235f19b2a,https://fr.linkedin.com/jobs/view/n%C3%A9gociateur-transaction-h-f-at-citya-immobilier-4411639559,Négociateur transaction H/F,,scraped,2026-07-10T00:23:20.574875,
f712ff3e046eff63,https://fr.linkedin.com/jobs/view/d%C3%A9veloppeur-fullstack-senior-builder-de-saas-ia-at-42lab-co-4433175655,Développeur Fullstack Senior - Builder de SaaS IA,,scraped,2026-07-10T00:24:36.352735,
b5e53c1fc7289c8a,https://mc.linkedin.com/jobs/view/ing%C3%A9nieur-e-ia-h-f-at-monaco-digital-4436700130,Ingénieur(e) IA H/F,,scraped,2026-07-10T00:25:50.129173,
48e68db9dc90a5ba,https://fr.linkedin.com/jobs/view/agent-de-propret%C3%A9-polyvalent-h-f-apprentissage-at-inhni-4437365984,Agent de Propreté Polyvalent  (H/F) Apprentissage,,scraped,2026-07-10T00:26:00.156069,
3303b7998069b779,https://fr.linkedin.com/jobs/view/alternance-ing%C3%A9nieur-traitement-d-images-%E2%80%93-h-f-at-thales-4401731266,Alternance - Ingénieur traitement d'images – (H/F),,scraped,2026-07-10T00:26:07.341061,
b8d211e6265d3abb,https://fr.linkedin.com/jobs/view/directeur-%C3%A9tudes-h-f-at-fayat-batiment-4437533825,Directeur études H/F,,scraped,2026-07-10T00:26:14.546203,
cd14284bc18447dc,https://fr.linkedin.com/jobs/view/ing%C3%A9nieur-auscultation-alternance-h-f-at-socotec-4437057302,Ingénieur Auscultation (alternance) H/F,SOCOTEC,posted,2026-07-10T00:29:26.707182,605
29207e39cf893752,https://fr.linkedin.com/jobs/view/conseill%C3%A8re-conseiller-de-client%C3%A8le-f-h-conseill%C3%A8re-conseiller-de-client%C3%A8le-f-h-at-cic-lyonnaise-de-banque-4430413921,Conseillère/Conseiller de clientèle (F/H) - Conseillère/Conseiller de clientèle (F/H),,scraped,2026-07-10T00:29:33.476824,
cae09acd5daa0297,https://fr.linkedin.com/jobs/view/formateur-petite-enfance-formatrice-petite-enfance-at-cci-france-4438637933,Formateur petite enfance/Formatrice petite enfance,CCI France,posted,2026-07-10T00:31:03.704028,607
bd883b770097152f,https://fr.linkedin.com/jobs/view/m%C3%A9decin-g%C3%A9n%C3%A9raliste-ou-interniste-h-f-cdi-temps-plein-c%C3%B4te-d-azur-at-talent-sourcing-4437486198,Médecin Généraliste ou Interniste (H/F) - CDI temps plein  - Côte d'Azur,Talent Sourcing,posted,2026-07-10T00:31:14.621734,609
59057c84b2ee0bbb,https://fr.linkedin.com/jobs/view/employ%C3%A9e-employ%C3%A9-de-caisse-accueil-at-monoprix-4437386034,"Employée, employé de caisse accueil",,scraped,2026-07-10T00:31:21.203317,
1abbf3b1a1d7869f,https://fr.linkedin.com/jobs/view/employ%C3%A9e-employ%C3%A9-de-caisse-accueil-at-monoprix-4437381181,"Employée, employé de caisse accueil",,scraped,2026-07-10T00:31:28.406084,
0882dbeda1bae2c2,https://fr.linkedin.com/jobs/view/directeur-administratif-copropri%C3%A9t%C3%A9-f-h-at-foncia-4417771488,Directeur Administratif Copropriété F/H,FONCIA,posted,2026-07-10T00:32:51.910307,611
88711b13bbc69b17,https://fr.linkedin.com/jobs/view/qa-lead-h-f-at-synchrone-fr-4433920840,QA Lead (H/F),,scraped,2026-07-10T00:33:10.600514,
6eed35f1ece84767,https://fr.linkedin.com/jobs/view/aide-soignant-h-f-cdd-at-admr-des-alpes-maritimes-4436221045,Aide-soignant H/F - CDD,ADMR des Alpes-Maritimes,posted,2026-07-10T00:34:32.912604,613
045abb34f6c521ba,https://fr.linkedin.com/jobs/view/forward-deployed-engineer-h-f-nb-at-keyrus-4437058786,Forward Deployed Engineer (H/F/NB),,scraped,2026-07-10T00:34:35.748663,
7ff4931648b62a9d,https://fr.linkedin.com/jobs/view/chef-p%C3%A2tissier-h-f-at-les-terraillers-4434865623,Chef pâtissier (H/F),,scraped,2026-07-10T00:34:42.367392,
3a13401306a1babc,https://fr.linkedin.com/jobs/view/louis-pion-conseiller-de-vente-cdi-14h-gl-massena-f-h-at-galeries-lafayette-4437805480,Louis Pion Conseiller de vente - CDI 14h - GL Massena F/H,,scraped,2026-07-10T00:34:50.075519,
c9afb9d1084ab675,https://fr.linkedin.com/jobs/view/directeur-de-franchise-directrice-de-franchise-at-avenir-bizness-fr-4438176737,Directeur de franchise/Directrice de franchise,Avenir-Bizness.fr,posted,2026-07-10T00:35:01.252730,559
788404bf04fb86b8,https://fr.linkedin.com/jobs/view/collaborateur-charge-des-ventes-h-f-at-foot-locker-4316239728,Collaborateur Charge Des Ventes H/F,Foot Locker,posted,2026-07-10T00:35:10.248188,227
06213f2a05b367d9,https://fr.linkedin.com/jobs/view/chef-d-%C3%A9quipe-magasinier-h-f-at-technidrill-4438595765,Chef d'équipe magasinier H/F,Technidrill,posted,2026-07-10T00:35:21.383442,615
c52562399aabff8e,https://fr.linkedin.com/jobs/view/ing%C3%A9nieur-data-f-h-at-atos-4435643444,Ingénieur Data (F/H),,scraped,2026-07-10T00:35:28.149767,
d56d75e15b16c66d,https://fr.linkedin.com/jobs/view/conseiller-de-vente-cdi-temps-partiel-h-f-at-orchestra-4437382358,Conseiller de Vente CDI Temps partiel H/F,,scraped,2026-07-10T00:35:37.621372,
818ef24352fec6e6,https://mc.linkedin.com/jobs/view/technicien-en-t%C3%A9l%C3%A9communication-h-f-at-gouvernement-monaco-4437136737,Technicien en télécommunication H/F,,scraped,2026-07-10T11:26:55.343746,
b02e273d7bca05cb,https://mc.linkedin.com/jobs/view/responsable-it-h-f-at-digway-4437936781,Responsable IT (H/F),,scraped,2026-07-10T11:27:09.747163,
a2e3f9d14661ed82,https://mc.linkedin.com/jobs/view/vid%C3%A9aste-vid%C3%A9o-maker-%C3%A0-temps-plein-at-intermedia-sarl-4438242760,VIDÉASTE (VIDÉO MAKER) À TEMPS PLEIN,INTERMEDIA SARL,posted,2026-07-10T11:27:46.428713,617
8842d2e3b478f3e5,https://mc.linkedin.com/jobs/view/sr-analyst-destination-operations-at-royal-caribbean-group-4438810912,"Sr. Analyst, Destination Operations",Royal Caribbean Group,posted,2026-07-10T11:27:57.513873,619
90690e305020219d,https://fr.linkedin.com/jobs/view/t%C3%A9l%C3%A9secr%C3%A9taire-m%C3%A9dicale-h-f-at-mysecretaire-t%C3%A9l%C3%A9secretariat-m%C3%A9dical-permanence-t%C3%A9l%C3%A9phonique-m%C3%A9dical-%F0%9F%A9%BA-4435656547,Télésecrétaire médicale H/F,,scraped,2026-07-10T11:28:10.272097,
7a67037646cc2803,https://fr.linkedin.com/jobs/view/electrotechnicien-en-distribution-%C3%A9lectrique-balisage-h-f-at-a%C3%A9roports-de-la-c%C3%B4te-d-azur-4439008478,Electrotechnicien en distribution électrique - Balisage H/F,,scraped,2026-07-10T11:28:18.493680,
d45fab7e1a176dbf,https://mc.linkedin.com/jobs/view/vendeur-caissier-cdd-12-mois-at-institut-oc%C3%A9anographique-fondation-albert-ier-prince-de-monaco-4437543680,VENDEUR CAISSIER - CDD 12 MOIS,,scraped,2026-07-10T11:28:25.919273,
efcf8d9a217cf4b3,https://fr.linkedin.com/jobs/view/acheteur-%E2%80%94-h-f-at-h%C3%B4pital-priv%C3%A9-les-sources-nice-4437997030,Acheteur — H/F,,scraped,2026-07-10T11:28:35.490392,
52b7d4bfc7220d02,https://fr.linkedin.com/jobs/view/alternance-%E2%80%93-assistant-e-de-vente-h-f-%E2%80%93-boutique-mode-nice-%E2%80%93-septembre-2024-at-chanel-3944160663,ALTERNANCE – Assistant(e) de Vente (H/F) – Boutique Mode Nice – Septembre 2024,CHANEL,posted,2026-07-10T11:29:08.979898,621
96844b262879a22b,https://mc.linkedin.com/jobs/view/french-customer-support-specialist-bilingual-fr-en-non-voice-blended-remote-at-talentpop-app-4434884382,French Customer Support Specialist (Bilingual FR/EN | Non-Voice/Blended | Remote),TalentPop App,posted,2026-07-10T11:29:38.173874,389
fe3f3b74959028e0,https://fr.linkedin.com/jobs/view/cours-d-anglais-donner-des-cours-d-anglais-en-ligne-at-tus-media-4437956799,Cours d'Anglais - Donner des Cours d'Anglais en Ligne,,scraped,2026-07-10T11:30:16.808200,
6c63043253243479,https://fr.linkedin.com/jobs/view/technicien-de-maintenance-electrom%C3%A9canicien-h-f-at-a%C3%A9roports-de-la-c%C3%B4te-d-azur-4439001612,Technicien de maintenance Electromécanicien H/F,,scraped,2026-07-10T11:30:30.837331,
ce5dae41ad6f34c9,https://mc.linkedin.com/jobs/view/continuous-improvement-specialist-at-sbm-offshore-4429327083,Continuous Improvement Specialist,,scraped,2026-07-10T11:30:38.770955,
64063812e7ac876f,https://mc.linkedin.com/jobs/view/operations-director-at-v-group-4428861184,Operations Director,,scraped,2026-07-10T11:30:48.225250,
342d2ea02694570f,https://fr.linkedin.com/jobs/view/consultante-consultant-transformation-digitale-senior-at-capgemini-4438676269,Consultante/consultant transformation digitale senior,,scraped,2026-07-10T11:30:57.110949,
cd5096441892e364,https://fr.linkedin.com/jobs/view/alternance-assistant-e-commercial-e-h-f-at-isim-4437050819,Alternance - Assistant(e) commercial(e) H/F,ISIM,posted,2026-07-10T11:31:23.408584,623
90a8a3843a5b847f,https://fr.linkedin.com/jobs/view/m%C3%A9canicien-automobile-h-f-at-retail-renault-group-4437962417,Mécanicien automobile H/F,Retail Renault Group,posted,2026-07-10T11:31:47.481320,625
98c0957659e64d90,https://fr.linkedin.com/jobs/view/contr%C3%B4leur-de-gestion-international-cdd-h-f-at-ea-pharma-4438624697,Contrôleur de Gestion international CDD H/F,,scraped,2026-07-10T11:32:02.105387,
a1627b82512e4f24,https://fr.linkedin.com/jobs/view/vendeur-at-le-temps-des-cerises-jeans-4434841523,VENDEUR,LE TEMPS DES CERISES JEANS,posted,2026-07-10T11:32:22.502037,353
7fa399dc224ffb63,https://fr.linkedin.com/jobs/view/alternance-community-manager-h-f-at-isim-4437065298,Alternance - Community manager H/F,ISIM,posted,2026-07-10T11:32:29.888981,267
e15788091d247092,https://fr.linkedin.com/jobs/view/graphiste-senior-et-ux-at-france-d-or-4433938109,Graphiste Senior et UX,,scraped,2026-07-10T11:32:40.739208,
90efda48a0bebf37,https://fr.linkedin.com/jobs/view/alternance-assistant-e-d%C3%A9veloppement-rh-h-f-at-isim-4437059368,Alternance - Assistant(e) Développement RH H/F,ISIM,posted,2026-07-10T11:33:04.332989,627
c61aa7c86dcf61c3,https://mc.linkedin.com/jobs/view/chef-de-projet-g%C3%A9odata-h-f-cdd-monaco-182junu-at-inforca-4437969818,Chef de projet GéoData H/F - CDD - Monaco (182JUNU),,scraped,2026-07-10T11:33:06.956651,
410ba695cc39435e,https://fr.linkedin.com/jobs/view/collaborateur-comptable-f-h-at-dso-expertise-comptable-conseil-strat%C3%A9gie-4436785635,COLLABORATEUR COMPTABLE F/H,,scraped,2026-07-10T11:33:17.264783,
c5a87377001ae08a,https://mc.linkedin.com/jobs/view/monaco-cloud-recrute-at-monacocloud-4435965044,Monaco Cloud recrute,,scraped,2026-07-10T11:33:26.889073,
20ebb04fa9cdf5a7,https://fr.linkedin.com/jobs/view/consultant-recrutement-ind%C3%A9pendant-h-f-freelance-at-ekip-rh-4435474733,Consultant recrutement Indépendant H/F (Freelance),,scraped,2026-07-10T11:33:36.555289,
b6bbf93bfa603e29,https://fr.linkedin.com/jobs/view/comptable-h-f-at-groupe-novelty-4437975813,Comptable H/F,,scraped,2026-07-10T11:33:45.047519,
438e4d7764fcfd58,https://it.linkedin.com/jobs/view/area-manager-liguria-di-ponente-at-lidl-italia-4416509205,Area Manager Liguria di Ponente,,scraped,2026-07-10T11:33:58.310309,
4ad6b2de504aeef6,https://fr.linkedin.com/jobs/view/aide-soignant-h-f-at-smart-sant%C3%A9-conseil-4436240596,Aide-soignant (H/F),Smart Santé Conseil,posted,2026-07-10T11:34:47.700192,195
2206925f04d2bd8d,https://fr.linkedin.com/jobs/view/business-development-origination-manager-fr-%E2%80%93-responsable-d%C3%A9veloppement-commercial-origination-france-at-infradeutschland-4435917390,Business Development / Origination Manager (Fr) – Responsable Développement Commercial / Origination (France),,scraped,2026-07-10T11:34:52.393801,
5d77f0797a78997f,https://mc.linkedin.com/jobs/view/work-from-home-customer-support-%E2%80%93-french-speaking-at-talentpop-app-4434881398,Work-from-Home Customer Support – French Speaking,TalentPop App,posted,2026-07-10T11:35:06.160444,379
96f47a4527b21dd6,https://mc.linkedin.com/jobs/view/work-from-home-customer-support-%E2%80%93-french-speaking-at-talentpop-app-4434892171,Work-from-Home Customer Support – French Speaking,TalentPop App,scraped,2026-07-10T11:35:10.212820,
90b5fd460c4e3002,https://fr.linkedin.com/jobs/view/dr-pepper-distrib-canettes-gare-de-lyon-at-plany-4438882945,DR PEPPER - DISTRIB CANETTES - GARE DE LYON,,scraped,2026-07-10T11:35:14.885327,
e7333ff78e9bfd5f,https://fr.linkedin.com/jobs/view/delegue-commercial-nice-h-f-at-klesia-4399881964,DELEGUE COMMERCIAL - NICE H/F,,scraped,2026-07-10T11:35:38.876182,
ac107a0f931753c1,https://fr.linkedin.com/jobs/view/cdd-night-auditor-h-f-at-alfred-hotels-4437974972,CDD - Night Auditor H/F,,scraped,2026-07-10T11:35:54.111422,
9ec43f2b8fac9d74,https://mc.linkedin.com/jobs/view/french%2Benglish-bilingual-customer-service-representative-at-talentpop-app-4434885438,French+English Bilingual Customer Service Representative,TalentPop App,posted,2026-07-10T11:36:10.802625,629
fd1d8400d8d4eba7,https://fr.linkedin.com/jobs/view/alternance-manager-de-rayon-h-f-at-isim-4437064280,Alternance Manager de Rayon H/F,ISIM,posted,2026-07-10T11:36:17.433412,315
9231fdccfef73ceb,https://fr.linkedin.com/jobs/view/content-creator-community-manager-at-nolt-4438655659,Content Creator & Community Manager,,scraped,2026-07-10T11:36:20.000544,
d0bb6c07b8276b81,https://fr.linkedin.com/jobs/view/responsable-commercial-renovation-de-l-habitat-at-avenir-r%C3%A9novations-4438595603,responsable commercial renovation de l'habitat,,scraped,2026-07-10T11:36:28.946101,
f8f8f54b86d7b034,https://fr.linkedin.com/jobs/view/chef-fe-de-rang-restaurant-les-p%C3%AAcheurs-f-h-at-cap-d-antibes-beach-hotel-4438805638,Chef.fe de rang - Restaurant Les Pêcheurs F/H,CAP D'ANTIBES - BEACH HOTEL,posted,2026-07-10T11:36:54.330207,631
28fadb24e9c1e1ff,https://fr.linkedin.com/jobs/view/portfolio-manager-monaco-at-free-work-4435936529,Portfolio Manager (Monaco),,scraped,2026-07-10T11:36:57.007162,
78d455750a0e6176,https://it.linkedin.com/jobs/view/store-manager-sanremo-at-pandora-4427848240,STORE MANAGER-SANREMO,,scraped,2026-07-10T11:37:08.668564,
c9c8e840ccb9c5f2,https://fr.linkedin.com/jobs/view/conducteur-des-travaux-4437434732,Conducteur des travaux,PACA PEINTURE DESCAMPS,posted,2026-07-10T11:37:35.797469,633
d456f0ab61fe3bf6,https://fr.linkedin.com/jobs/view/alternance-manager-de-rayon-h-f-at-isim-4437379250,Alternance Manager de Rayon H/F,ISIM,posted,2026-07-10T11:37:44.867304,315
52f032fe5590e52c,https://fr.linkedin.com/jobs/view/second-de-rayon-fruits-et-l%C3%A9gumes-fresh-h-f-at-fresh-4435668902,Second de rayon fruits et légumes fresh.(H/F),,scraped,2026-07-10T11:37:53.545688,
8da7fd037c4eb0db,https://fr.linkedin.com/jobs/view/responsable-planning-approvisionnement-h-f-at-vishay-intertechnology-inc-4419410786,Responsable Planning & Approvisionnement H/F,"Vishay Intertechnology, Inc.",posted,2026-07-10T11:38:18.543796,635
373ba2c0843d4722,https://fr.linkedin.com/jobs/view/lounge-supervisor-at-plaza-premium-group-4436959832,Lounge Supervisor,,scraped,2026-07-10T11:38:23.223959,
d8e2033bc144e40a,https://fr.linkedin.com/jobs/view/d%C3%A9veloppeur-php-h-f-at-fenyx-consult-4439047048,Développeur PHP H/F,FENYX Group,posted,2026-07-10T11:39:12.653239,637
01bb0e6315e78c2e,https://fr.linkedin.com/jobs/view/attach%C3%A9-commercial-ray-ban-rx-lyon-h-f-at-essilorluxottica-4434639233,Attaché Commercial Ray-Ban Rx- Lyon (H/F),,scraped,2026-07-10T11:39:15.399308,
345d6e7bc03e2ef5,https://fr.linkedin.com/jobs/view/assistant-de-vie-h-f-at-home-services-4439044313,ASSISTANT DE VIE (H/F),,scraped,2026-07-10T11:39:21.913590,
7d0a165ec2d75eb4,https://fr.linkedin.com/jobs/view/director-of-engineering-at-four-seasons-4400519062,Director of Engineering,Four Seasons,posted,2026-07-10T11:39:47.880542,639
91a8e71d73623c8e,https://fr.linkedin.com/jobs/view/vendeur-r%C3%A9parateur-h-f-cdd-nice-cap-3000-at-wefix-4438843334,Vendeur Réparateur - H/F (CDD) Nice CAP 3000,,scraped,2026-07-10T11:39:50.577447,
11dc308ae387f463,https://mc.linkedin.com/jobs/view/collaborateur-trice-comptabilit%C3%A9-et-conformit%C3%A9-at-all-time-4437747803,COLLABORATEUR(TRICE) COMPTABILITÉ ET CONFORMITÉ,,scraped,2026-07-10T11:40:06.321545,
da81bef9437507e7,https://fr.linkedin.com/jobs/view/agent-de-securite-ssiap1-palace-saint-jean-cap-ferrat-at-gip-paca-4437073667,AGENT DE SECURITE SSIAP1 PALACE SAINT JEAN CAP FERRAT,,scraped,2026-07-10T11:40:17.115340,
fc261023eb1a7a17,https://fr.linkedin.com/jobs/view/animateur-de-r%C3%A9seau-m%C3%A9dical-h-f-06-83-cdi-at-audition-conseil-4438193490,Animateur de Réseau Médical (H/F) - 06/83 - CDI,,scraped,2026-07-10T11:40:30.141280,
4631d354d7624246,https://fr.linkedin.com/jobs/view/animateur-kids-club-h-f-at-i-love-kids-club-4437931849,Animateur Kids Club H/F,I Love Kids Club,posted,2026-07-10T11:40:42.825293,393
00b4b2367a893ae7,https://fr.linkedin.com/jobs/view/commis-de-cuisine-h-f-at-korian-4436768925,Commis de cuisine H/F,Korian France,posted,2026-07-10T11:41:01.147581,641
af444f3b9e917d22,https://fr.linkedin.com/jobs/view/agent-d-entretien-plongeur-h-f-at-wink-4437961756,Agent d'entretien / Plongeur (H/F),,scraped,2026-07-10T11:41:15.850088,
2ff731b36c44408f,https://fr.linkedin.com/jobs/view/employ%C3%A9e-employ%C3%A9-de-caisse-accueil-at-monoprix-4436259072,"Employée, employé de caisse accueil",,scraped,2026-07-10T11:41:22.533011,
04f276cb315b96c6,https://fr.linkedin.com/jobs/view/employ%C3%A9e-employ%C3%A9-de-caisse-accueil-at-monoprix-4436237915,"Employée, employé de caisse accueil",,scraped,2026-07-10T11:41:30.015104,
f83f9209040afea3,https://fr.linkedin.com/jobs/view/responsable-ventes-et-offres-services-clients-h-f-randstad-professional-at-aerocontact-4438633373,RESPONSABLE VENTES ET OFFRES SERVICES CLIENTS (H/F) - Randstad professional,,scraped,2026-07-10T11:41:37.692967,
2d4a32fe9e414376,https://fr.linkedin.com/jobs/view/employ%C3%A9e-employ%C3%A9-de-caisse-accueil-at-monoprix-4436213158,"Employée, employé de caisse accueil",,scraped,2026-07-10T11:41:44.683349,
389f5a5ade68c899,https://fr.linkedin.com/jobs/view/pmo-it-h-f-at-davidson-consulting-4249296542,PMO IT (H/F),,scraped,2026-07-10T11:41:52.055534,
7433c9f71f3df0bf,https://fr.linkedin.com/jobs/view/responsable-des-ressources-humaines-at-vishay-intertechnology-inc-4365338862,Responsable des Ressources Humaines,"Vishay Intertechnology, Inc.",posted,2026-07-10T11:42:09.512984,643
3dfd7535e8ccc798,https://fr.linkedin.com/jobs/view/product-owner-at-it-solutions-factory-4436706989,Product Owner,,scraped,2026-07-10T11:42:12.220589,
d408011e8335777c,https://mc.linkedin.com/jobs/view/gestionnaire-de-paie-h-f-at-tercio-rh-4435992322,Gestionnaire de paie (h/f),,scraped,2026-07-10T18:16:50.880994,
0391be33110e7f49,https://mc.linkedin.com/jobs/view/yacht-accountant-at-camper-nicholsons-4413989996,Yacht Accountant,,scraped,2026-07-10T18:16:58.124770,
fb63cf6fbc8112e5,https://mc.linkedin.com/jobs/view/gtm-product-manager-at-remote-4438677699,GTM Product Manager,Remote,posted,2026-07-10T18:17:50.097237,645
d0b65ebf3354912a,https://mc.linkedin.com/jobs/view/alumni-data-network-management-%E2%80%93-department-careers-and-corporate-relations-at-international-university-of-monaco-4439024229,Alumni Data & Network Management – Department Careers and Corporate Relations,International University of Monaco,posted,2026-07-10T18:18:19.745099,647
a5f16965defe5ff3,https://fr.linkedin.com/jobs/view/chef-de-projets-informatiques-h-f-at-a%C3%A9roports-de-la-c%C3%B4te-d-azur-4438899743,Chef de Projets Informatiques H/F,,scraped,2026-07-10T18:18:22.481794,
cd6b42599f1fc815,https://mc.linkedin.com/jobs/view/charg%C3%A9-de-projets-son-h-f-at-dushow-4438334182,Chargé de projets son H/F,,scraped,2026-07-10T18:18:29.931803,
33e9ff133514f80d,https://fr.linkedin.com/jobs/view/responsable-de-service-financier-de-proximit%C3%A9-at-universit%C3%A9-c%C3%B4te-d-azur-4434865838,Responsable de Service Financier de Proximité,Université Côte d’Azur,posted,2026-07-10T18:18:57.471561,649
c04670ecb7db6ab9,https://fr.linkedin.com/jobs/view/physiotherapist-at-irish-society-of-chartered-physiotherapists-4436611106,Physiotherapist,,scraped,2026-07-10T18:19:02.116117,
47e370262e69adc1,https://fr.linkedin.com/jobs/view/administrateur-r%C3%A9seaux-si-industriel-h-f-at-a%C3%A9roports-de-la-c%C3%B4te-d-azur-4439012339,Administrateur réseaux & SI Industriel H/F,,scraped,2026-07-10T18:19:09.646429,
ba2b390c2aacd488,https://fr.linkedin.com/jobs/view/responsable-qualit%C3%A9-h-f-at-l-usine-nouvelle-4434823552,Responsable Qualité (h/f),L'Usine Nouvelle,posted,2026-07-10T18:19:40.283641,651
4d03c683ab6713a0,https://it.linkedin.com/jobs/view/addetto-a-alla-vendita-sanremo-matteotti-at-primadonna-s-p-a-4438699175,Addetto/a alla Vendita - Sanremo Matteotti,,scraped,2026-07-10T18:19:42.981417,
8c5ac3fc85c3386c,https://fr.linkedin.com/jobs/view/technicien-de-maintenance-des-syst%C3%A8mes-de-traitement-d-air-et-d-eau-h-f-at-a%C3%A9roports-de-la-c%C3%B4te-d-azur-4438899744,Technicien de Maintenance des systèmes de traitement d'air et d'eau H/F,,scraped,2026-07-10T18:19:49.797819,
87f9d718bacfcdd0,https://fr.linkedin.com/jobs/view/responsable-grands-comptes-groupements-partenariats-f-h-at-horus-pharma-4437370778,"Responsable Grands Comptes, Groupements & Partenariats (F/H)",,scraped,2026-07-10T18:19:59.257009,
dfd21ea9d02755fe,https://fr.linkedin.com/jobs/view/h%C3%B4te-sse-d-accueil-conscession-automobile-nice-urgent-at-plany-4438882955,Hôte.sse d'Accueil - Conscession Automobile NICE - URGENT,,scraped,2026-07-10T18:20:06.390745,
60b2195db731c85e,https://fr.linkedin.com/jobs/view/assistant-d%E2%80%99enseignement-artistique-h-f-discipline-violon-antenne-d%E2%80%99ajaccio-at-ffea-f%C3%A9d%C3%A9ration-fran%C3%A7aise-de-l-education-et-de-l-enseignement-artistique-4435974757,Assistant d’enseignement artistique (H/F) - discipline violon - Antenne d’Ajaccio,FFEA - Fédération Française de l'Education et de l'Enseignement Artistique,posted,2026-07-10T18:20:32.043377,653
754cff66e37b31a8,https://fr.linkedin.com/jobs/view/recherche-directeur-trice-de-conservatoire-a-rayonnement-departemental-du-tarn-at-ffea-f%C3%A9d%C3%A9ration-fran%C3%A7aise-de-l-education-et-de-l-enseignement-artistique-4435973784,Recherche : DIRECTEUR(TRICE) DE CONSERVATOIRE A RAYONNEMENT DEPARTEMENTAL du TARN,FFEA - Fédération Française de l'Education et de l'Enseignement Artistique,posted,2026-07-10T18:20:52.083841,655
03c4b6d9603ef864,https://fr.linkedin.com/jobs/view/responsable-de-zone-export-h-f-at-ea-pharma-4438694321,Responsable de Zone Export H/F,,scraped,2026-07-10T18:20:54.806741,
d2113a26b784e142,https://fr.linkedin.com/jobs/view/assistant-d%E2%80%99enseignement-artistique-h-f-discipline-guitare-antenne-de-bastia-at-ffea-f%C3%A9d%C3%A9ration-fran%C3%A7aise-de-l-education-et-de-l-enseignement-artistique-4435971804,Assistant d’enseignement artistique (H/F) - Discipline guitare - Antenne de Bastia,FFEA - Fédération Française de l'Education et de l'Enseignement Artistique,posted,2026-07-10T18:21:16.070412,657
aa57651a83eb3dfb,https://fr.linkedin.com/jobs/view/nice-tru-fru-distribution-de-produits-at-plany-4438889724,NICE - TRU FRU - distribution de produits,,scraped,2026-07-10T18:21:30.970121,
6dbce96151e3c518,https://mc.linkedin.com/jobs/view/remote-software-engineer-at-turing-4439096539,Remote Software Engineer,Turing,posted,2026-07-10T18:21:55.122278,659
ec04ae602f17731c,https://mc.linkedin.com/jobs/view/contract-psychotherapist-psychologist-minor-care-specialization-at-spring-health-4437878547,(Contract) Psychotherapist / Psychologist (Minor Care Specialization),Spring Health,posted,2026-07-10T18:22:05.961103,661
c721f6657efd6e8a,https://fr.linkedin.com/jobs/view/commis-de-salle-restaurant-les-p%C3%AAcheurs-f-h-at-cap-d-antibes-beach-hotel-4438823057,Commis de salle - Restaurant Les Pêcheurs* F/H,CAP D'ANTIBES - BEACH HOTEL,posted,2026-07-10T18:22:40.027262,663
7c8e97167564f1a0,https://fr.linkedin.com/jobs/view/responsable-d-%C3%A9quipe-logistique-junior-at-amazon-4364203408,Responsable d'équipe logistique junior,Amazon,posted,2026-07-10T18:22:59.745572,665
467a7faf69be30b3,https://fr.linkedin.com/jobs/view/logisticien-f-h-at-fnac-4438880715,Logisticien F/H,Fnac,posted,2026-07-10T18:23:20.480887,667
82b6874b54fa3957,https://fr.linkedin.com/jobs/view/conseiller-voyages-exp%C3%A9riment%C3%A9-h-f-havas-voyages-cagnes-sur-mer-at-marietton-developpement-4437986022,CONSEILLER VOYAGES EXPÉRIMENTÉ H/F - HAVAS VOYAGES CAGNES SUR MER,,scraped,2026-07-10T18:23:27.140407,
443c1e2d35beb84b,https://mc.linkedin.com/jobs/view/remote-french-bilingual-customer-support-representative-at-talentpop-app-4434883307,Remote French Bilingual Customer Support Representative,TalentPop App,posted,2026-07-10T18:23:55.715523,669
f0701758168706d6,https://mc.linkedin.com/jobs/view/remote-french-bilingual-customer-support-representative-at-talentpop-app-4434872751,Remote French Bilingual Customer Support Representative,TalentPop App,posted,2026-07-10T18:24:00.596562,669
a2d536f24177bb2e,https://fr.linkedin.com/jobs/view/head-chef-h-f-bijou-plage-experimental-at-experimental-4437085863,Head chef H/F - Bijou Plage Experimental,,scraped,2026-07-10T18:24:19.284740,
08f987d49c7715a8,https://fr.linkedin.com/jobs/view/%C3%A9quipier-polyvalent-h-f-at-inwood-hotels-4437348099,Équipier Polyvalent H/F,,scraped,2026-07-10T18:24:29.786695,
4cc39eb951995d6c,https://fr.linkedin.com/jobs/view/apprenti-e-en-pilotage-%C3%A9nerg%C3%A9tique-et-exploitation-multi-sites-at-universit%C3%A9-c%C3%B4te-d-azur-4439072544,Apprenti/e en Pilotage énergétique et exploitation multi-sites,Université Côte d’Azur,posted,2026-07-10T18:24:53.494882,671
8f85d20e6883a639,https://fr.linkedin.com/jobs/view/auxiliaire-petite-enfance-at-babilou-4439087315,Auxiliaire petite enfance,,scraped,2026-07-10T18:25:00.078998,
a14af8cc62487a91,https://fr.linkedin.com/jobs/view/alternance-conseiller-de-vente-h-f-at-isim-4437361970,Alternance Conseiller de vente  H/F,ISIM,posted,2026-07-10T18:25:20.005525,449
985dd648bbc52855,https://mc.linkedin.com/jobs/view/stagiaire-assistant-marketing-at-adom-4439089316,Stagiaire assistant marketing,,scraped,2026-07-10T18:25:22.641084,
5b5353d372bde835,https://fr.linkedin.com/jobs/view/first-aid-trainer-at-marine-medical-antibes-4439000019,First Aid Trainer,Marine Medical Antibes,posted,2026-07-10T18:25:46.122458,673
fc1e38213c6d5880,https://fr.linkedin.com/jobs/view/organic-social-media-manager-at-alan-4439096773,Organic Social Media Manager,,scraped,2026-07-10T18:25:48.787091,
161f4cdfcae9d7c4,https://fr.linkedin.com/jobs/view/alternance-charg%C3%A9-e-de-d%C3%A9veloppement-h-f-at-isim-4437074201,Alternance - Chargé(e) de Développement H/F,ISIM,posted,2026-07-10T18:26:11.616474,675
3a82859addf003b1,https://fr.linkedin.com/jobs/view/charg%C3%A9-de-conformit%C3%A9-distribution-f-h-at-kereis-solutions-4438310009,Chargé de Conformité Distribution F/H,,scraped,2026-07-10T18:26:28.362216,
58f8c1b41cb8f222,https://fr.linkedin.com/jobs/view/employe-commercial-produits-frais-%2B-caisse-h-f-at-leclerc-le-poire-sur-vie-4439034563,EMPLOYE COMMERCIAL PRODUITS FRAIS + CAISSE - H/F,,scraped,2026-07-10T18:26:34.691037,
9b1840fce02af7f7,https://fr.linkedin.com/jobs/view/professeur-e-de-formation-musicale-cdi-at-ffea-f%C3%A9d%C3%A9ration-fran%C3%A7aise-de-l-education-et-de-l-enseignement-artistique-4435967909,"PROFESSEUR(E) DE FORMATION MUSICALE, CDI",FFEA - Fédération Française de l'Education et de l'Enseignement Artistique,posted,2026-07-10T18:26:52.180236,677
9ae58ab04b2f56b5,https://fr.linkedin.com/jobs/view/luxury-real-estate-consultant-menton-to-nice-at-carlton-international-4438165603,Luxury Real Estate Consultant - Menton to Nice,,scraped,2026-07-10T18:27:02.851201,
4f8b7913f4a2206e,https://fr.linkedin.com/jobs/view/alternance-conseiller-de-vente-h-f-at-isim-4437058527,Alternance Conseiller de vente  H/F,ISIM,posted,2026-07-10T18:27:15.659730,449
fae35aa75261010d,https://fr.linkedin.com/jobs/view/vendeur-produits-techniques-f-h-at-fnac-4438881659,Vendeur Produits Techniques F/H,Fnac,posted,2026-07-10T18:27:30.265694,679
cd9883e18aa9727b,https://fr.linkedin.com/jobs/view/alternance-manager-de-rayon-h-f-at-isim-4436530282,Alternance Manager de Rayon H/F,ISIM,posted,2026-07-10T18:27:42.750250,315
828ca12d96be6f96,https://fr.linkedin.com/jobs/view/alternant-chef-de-produits-at-banque-populaire-m%C3%A9diterran%C3%A9e-bpmed-4430445784,ALTERNANT CHEF DE PRODUITS,,scraped,2026-07-10T18:27:47.446094,
f6b306a8f4055c4a,https://fr.linkedin.com/jobs/view/m%C3%A9canicien-ne-automobile-f-h-confirm%C3%A9-at-retail-renault-group-4437971164,Mécanicien/ne automobile F/H confirmé,Retail Renault Group,posted,2026-07-10T18:28:11.604502,681
1aa746b6239585fa,https://fr.linkedin.com/jobs/view/alternance-manager-commercial-h-f-at-isim-4437366878,Alternance - Manager Commercial (H/F),ISIM,posted,2026-07-10T18:28:21.561478,147
7c5076db4c3d6943,https://fr.linkedin.com/jobs/view/conseille-re-entreprises-juridique-at-cci-nice-c%C3%B4te-d-azur-4437415396,Conseille(re) entreprises juridique,,scraped,2026-07-10T18:28:28.300387,
5f1bb05bbada6280,https://fr.linkedin.com/jobs/view/equipier-commerce-f-h-epicerie-at-auchan-retail-4433960235,Equipier Commerce F/H EPICERIE,,scraped,2026-07-10T18:28:40.152916,
5cc933c1ef420e6c,https://fr.linkedin.com/jobs/view/directeur-administratif-et-financier-ind%C3%A9pendant-at-%F0%9F%9F%A2-daf-active-4439086410,DIRECTEUR ADMINISTRATIF ET FINANCIER INDÉPENDANT,🟢 DAF-ACTIVE,posted,2026-07-10T18:29:01.540727,683
b0af4247e07082f9,https://fr.linkedin.com/jobs/view/extra-service-bar-h-f-at-v-and-b-4437940361,Extra Service Bar (H/F),,scraped,2026-07-10T18:29:06.132678,
35d937e2b537c3c0,https://mc.linkedin.com/jobs/view/operational-risk-control-specialist-at-ubs-4418817444,Operational Risk Control Specialist,UBS,posted,2026-07-10T18:29:34.914777,685
08772cd817d0058f,https://fr.linkedin.com/jobs/view/technico-commercial-f-h-at-concepteur-vendeur-4439035704,Technico-commercial F/H,,scraped,2026-07-10T18:29:41.674229,
499a6929e0c48dcf,https://fr.linkedin.com/jobs/view/ing%C3%A9nieur-%C3%A9tude-et-d%C3%A9veloppement-jeux-vid%C3%A9os-f-h-at-cleeven-4439014262,Ingénieur étude et développement Jeux Vidéos (F/H),,scraped,2026-07-10T18:29:49.633659,
869a317be7101a52,https://fr.linkedin.com/jobs/view/aide-m%C3%A9nager-%C3%A8re-h-f-sur-villeneuve-loubet-at-groupe-proseniors-4439084570,Aide ménager(ère) H/F sur Villeneuve-Loubet,,scraped,2026-07-10T18:29:56.442979,
b21b9203c77ecf9d,https://fr.linkedin.com/jobs/view/garde-d-enfants-babysitting-h-f-at-yoopala-4437963953,"Garde d'enfants, Babysitting (H/F)",,scraped,2026-07-10T18:30:07.376039,
30bcba6f318accae,https://fr.linkedin.com/jobs/view/gestionnaire-de-paie-en-alternance-f-h-at-walter-learning-4438866606,Gestionnaire de Paie en alternance F/H,,scraped,2026-07-10T18:30:18.687756,
a2c465fa9f3f4541,https://fr.linkedin.com/jobs/view/chef-fe-de-partie-f-h-at-eleni-group-4438651404,Chef.fe de partie F/H,,scraped,2026-07-10T18:30:31.228038,
a3fc45c84aaf4512,https://fr.linkedin.com/jobs/view/directeur-des-ressources-humaines-ind%C3%A9pendant-at-%F0%9F%9F%A1-groupeactive-4439081751,DIRECTEUR DES RESSOURCES HUMAINES INDÉPENDANT,,scraped,2026-07-10T18:30:38.316459,
e1247a115ed55d2c,https://fr.linkedin.com/jobs/view/employ%C3%A9-commercial-f-h-at-carrefour-4435919126,Employé commercial (F/H),Carrefour,posted,2026-07-10T18:30:59.094560,687
48fe03032b19e82a,https://fr.linkedin.com/jobs/view/expert-comptable-m%C3%A9morialiste-h-f-at-l-usine-nouvelle-4435952907,Expert comptable mémorialiste  (H/F),L'Usine Nouvelle,posted,2026-07-10T18:31:17.856546,689
b5b9349dd161dec9,https://fr.linkedin.com/jobs/view/collaborateur-charge-des-ventes-h-f-at-foot-locker-4316248639,Collaborateur Charge Des Ventes H/F,Foot Locker,posted,2026-07-10T18:31:24.893795,227
784f8b9a75c2b6c6,https://fr.linkedin.com/jobs/view/apprenti-plombier-h-f-h-f-en-apprentissage-at-cfa-du-b%C3%A2timent-aix-en-provence-4439003220,Apprenti Plombier (H/F) (H/F) en Apprentissage,,scraped,2026-07-10T18:31:27.479327,
08a61909baa84e45,https://fr.linkedin.com/jobs/view/data-trust-ai-governance-manager-h-f-nb-at-keyrus-4437078215,Data Trust & AI Governance Manager (H/F/NB),,scraped,2026-07-10T18:31:36.633514,
1ca2fe4ea1f4216c,https://fr.linkedin.com/jobs/view/data-machine-learning-engineer-hybrid-work-at-smg-swiss-marketplace-group-4429655370,Data & Machine Learning Engineer | Hybrid work,,scraped,2026-07-10T18:31:47.299780,
59eae33ffdcaf3b0,https://fr.linkedin.com/jobs/view/auxiliaire-de-vie-h-f-sur-antibes-at-groupe-proseniors-4439082586,Auxiliaire de Vie H/F sur Antibes,,scraped,2026-07-10T18:31:54.303558,
22a4ba502eb5ef56,https://fr.linkedin.com/jobs/view/business-developer-h-f-at-cogepart-groupe-4428879387,BUSINESS DEVELOPER H/F,,scraped,2026-07-10T18:32:11.547547,
36522f96ead6dcac,https://fr.linkedin.com/jobs/view/vendeur-se-pi%C3%A8ces-de-rechange-et-accessoires-automobiles-h-f-at-volkswagen-group-retail-france-4407398867,Vendeur.se pièces de rechange et accessoires automobiles (H/F),,scraped,2026-07-10T18:32:25.041503,
5bb460b5f1e0155f,https://fr.linkedin.com/jobs/view/collaborateur-comptable-f-h-at-cogep-4437806163,Collaborateur comptable F/H,,scraped,2026-07-10T18:32:31.983249,
92a9887701df17ce,https://fr.linkedin.com/jobs/view/collaborateur-comptable-f-h-at-cogep-4437808127,Collaborateur comptable F/H,,scraped,2026-07-10T18:32:39.472371,
b7e8bd9ec7e90dd2,https://fr.linkedin.com/jobs/view/vendeur-f-h-at-picard-surgel%C3%A9s-4439089786,Vendeur F/H,,scraped,2026-07-10T18:32:46.934125,
d1895488a088d75e,https://fr.linkedin.com/jobs/view/ing%C3%A9nieur-%C3%A9tude-et-d%C3%A9veloppement-php-f-h-at-cleeven-4439017247,Ingénieur étude et développement PHP (F/H),,scraped,2026-07-10T18:32:54.225834,
7ad71f1b43eaf2a9,https://fr.linkedin.com/jobs/view/aide-soignant-hublo-h-f-at-admr-des-alpes-maritimes-4436095081,Aide-soignant - HUBLO H/F,ADMR des Alpes-Maritimes,posted,2026-07-10T18:33:14.450216,691
b886519e0d827ba3,https://fr.linkedin.com/jobs/view/office-manager-%C3%A0-temps-partag%C3%A9-secteur-btp-at-pep%E2%80%99s-advisory-4438690525,Office Manager à temps partagé (secteur BTP),,scraped,2026-07-10T18:33:17.124975,
22634e6f51ecfce1,https://fr.linkedin.com/jobs/view/louis-pion-conseiller-de-vente-cdi-35h-gl-massena-f-h-at-galeries-lafayette-4438246183,Louis Pion Conseiller de Vente - CDI 35H - GL Massena F/H,,scraped,2026-07-10T18:33:26.306758,
180e1bd975983ae7,https://mc.linkedin.com/jobs/view/stage-charg%C3%A9-d%E2%80%99affaires-risques-at-societe-generale-4438874590,STAGE - Chargé d’affaires Risques,,scraped,2026-07-10T18:33:33.128774,
663fa2333ea7dc90,https://fr.linkedin.com/jobs/view/cuisinier-h-f-at-api-restauration-4438868374,Cuisinier H/F,,scraped,2026-07-10T18:33:46.125321,
d051bf4da104ace9,https://mc.linkedin.com/jobs/view/employ%C3%A9-de-maison-monaco-at-madameestservie-net-recrutement-de-personnel-de-maison-de-luxe-4438336961,Employé de maison Monaco,,scraped,2026-07-10T23:37:34.563563,
e1e795c6b329538e,https://mc.linkedin.com/jobs/view/administrateur-informatique-administratrice-informatique-at-group-banque-richelieu-4436820445,Administrateur informatique/Administratrice informatique,,scraped,2026-07-10T23:37:52.373288,
3ef37c51d5019212,https://mc.linkedin.com/jobs/view/charg%C3%A9-d-%C3%A9tudes-techniques-f-h-at-eiffage-%C3%A9nergie-syst%C3%A8mes-4377780832,Chargé d'études techniques F/H,,scraped,2026-07-10T23:38:16.761674,
b9696ac5ca51c80c,https://mc.linkedin.com/jobs/view/offshore-installation-engineer-m-w-at-parlym-4428231015,Offshore Installation Engineer - M/W,,scraped,2026-07-10T23:38:25.861415,
656d337efd72fc55,https://mc.linkedin.com/jobs/view/luxury-skin-expert-beauty-therapist-in-monaco-at-margy-s-monte-carlo-4437789579,Luxury Skin Expert / Beauty Therapist in Monaco,,scraped,2026-07-10T23:38:38.843099,
adfec22310489fbe,https://fr.linkedin.com/jobs/view/directeur-rice-national-e-des-ventes-f-h-at-lsa-commerce-consommation-4435671590,Directeur(rice) National(e) des Ventes (F/H),LSA,posted,2026-07-10T23:39:21.001412,693
8e2a90a6607c13f6,https://mc.linkedin.com/jobs/view/couturier-e-sp%C3%A9cialis%C3%A9-e-en-confections-de-rideaux-et-petits-ameublements-at-maison-moghadam-4438234437,Couturier(e) Spécialisé(e) en Confections de Rideaux et Petits Ameublements,,scraped,2026-07-10T23:39:39.686140,
8656810ee8227b61,https://mc.linkedin.com/jobs/view/remote-software-engineer-at-turing-4439300419,Remote Software Engineer,Turing,posted,2026-07-10T23:39:49.825989,659
eabc4c7d88873a78,https://mc.linkedin.com/jobs/view/remote-software-engineer-at-turing-4439300420,Remote Software Engineer,Turing,posted,2026-07-10T23:39:55.482057,659
59fff771a50155ea,https://mc.linkedin.com/jobs/view/digital-sales-support-representative-at-talentpop-app-4434875555,Digital Sales & Support Representative,TalentPop App,posted,2026-07-10T23:40:15.579698,319
6aaa9a9c9a99d615,https://fr.linkedin.com/jobs/view/alternant-caviste-h-f-at-v-and-b-4437939365,Alternant Caviste (H/F),,scraped,2026-07-10T23:40:56.265018,
99168ef0aa1f299f,https://fr.linkedin.com/jobs/view/commis-de-cuisine-f-h-at-eleni-group-4438637905,Commis de cuisine F/H,Eleni Group,posted,2026-07-10T23:41:52.579174,695
94e66dfd71f6e7af,https://fr.linkedin.com/jobs/view/auxiliaire-petite-enfance-h-f-at-babilou-4437184855,Auxiliaire Petite Enfance H/F,,scraped,2026-07-10T23:41:57.267159,
ea405fbe5647c581,https://fr.linkedin.com/jobs/view/alternance-conseiller-de-vente-h-f-at-isim-4437052711,Alternance Conseiller de vente  H/F,ISIM,posted,2026-07-10T23:42:14.753961,449
fa7b1fa0fbc61f33,https://fr.linkedin.com/jobs/view/commis-de-cuisine-h-f-nice-at-tigermilk-group-4437584812,Commis de cuisine H/F - NICE,,scraped,2026-07-10T23:42:17.425808,
b9b43126ccb854e9,https://fr.linkedin.com/jobs/view/alternance-vendeur-conseil-h-f-at-isim-4437067241,Alternance Vendeur Conseil H/F,ISIM,posted,2026-07-10T23:42:33.872123,323
0ce92984de8ac485,https://mc.linkedin.com/jobs/view/credit-operations-analyst-at-barclays-4436633426,Credit Operations Analyst,,scraped,2026-07-10T23:42:36.578375,
515236e10598a524,https://fr.linkedin.com/jobs/view/garde-d-enfant-%C3%A0-domicile-h-f-at-family-sphere-4435665402,Garde d'enfant à domicile (H/F),Family Sphere,posted,2026-07-10T23:43:05.909703,697
ac52f22f261922cd,https://fr.linkedin.com/jobs/view/alternance-conseiller-de-vente-h-f-at-isim-4437383222,Alternance Conseiller de vente  H/F,ISIM,posted,2026-07-10T23:43:22.081134,449
1a8cf537f227a7ce,https://fr.linkedin.com/jobs/view/alternance-charg%C3%A9-d%C3%A9veloppement-commercial-h-f-at-isim-4437059464,Alternance - Chargé Développement Commercial H/F,ISIM,posted,2026-07-10T23:43:52.102402,699
48b87fc8d6aa3024,https://fr.linkedin.com/jobs/view/chef-de-rang-h-f-at-la-m%C3%B4me-groupe-4434846082,Chef de Rang (H/F),,scraped,2026-07-10T23:43:54.953869,
f999b097170ad331,https://fr.linkedin.com/jobs/view/responsable-de-service-exploitation-maintenance-alpha-sophia-antipolis-h-f-at-communaut%C3%A9-d-agglom%C3%A9ration-sophia-antipolis-4438318468,Responsable de service Exploitation Maintenance - ALPHA Sophia Antipolis H/F,,scraped,2026-07-10T23:44:11.908937,
103aab7765e7962c,https://fr.linkedin.com/jobs/view/barman-h-f-at-la-m%C3%B4me-groupe-4436601866,Barman (H/F),,scraped,2026-07-10T23:44:29.291897,
ef43f14f7c2456b9,https://fr.linkedin.com/jobs/view/second-de-cuisine-tournant-f-h-at-saint-%C3%A9tienne-secteur-de-bruno-senechal-4439087519,Second de Cuisine Tournant F/H,,scraped,2026-07-10T23:45:00.650171,
514a056172b0641f,https://fr.linkedin.com/jobs/view/h%C3%B4te-sse-services-clients-f-h-f-h-at-fnac-4438880713,HÔTE(SSE) SERVICES CLIENTS F/H F/H,Fnac,posted,2026-07-10T23:45:22.387021,701
92c2bdef3102c7fe,https://fr.linkedin.com/jobs/view/technicien-ne-de-laboratoire-r%C3%A9f%C3%A9rent-e-m%C3%A9taux-%E2%80%93-expertise-icp-ms-icp-aes-h-f-at-eau-d-azur-4439323401,Technicien(ne) de laboratoire Référent(e) Métaux – Expertise ICP-MS / ICP-AES (H/F),Eau d'Azur,posted,2026-07-10T23:45:47.388558,703
ca13d1e414591f28,https://fr.linkedin.com/jobs/view/alternance-manager-commercial-h-f-at-isim-4437379333,Alternance - Manager Commercial (H/F),ISIM,posted,2026-07-10T23:45:54.822573,147
cd002d60209c12be,https://mc.linkedin.com/jobs/view/offre-de-stage-au-service-presse-communication-at-institut-oc%C3%A9anographique-fondation-albert-ier-prince-de-monaco-4437553146,OFFRE DE STAGE AU SERVICE PRESSE & COMMUNICATION,,scraped,2026-07-10T23:46:01.482372,
68176432ef57411f,https://fr.linkedin.com/jobs/view/equipier-petit-d%C3%A9jeuner-h-f-at-hively-hospitality-4428138528,Equipier petit-déjeuner H/F,Hively Hospitality,posted,2026-07-10T23:46:32.131928,705
0cc69be892995ad5,https://fr.linkedin.com/jobs/view/technicien-de-maintenance-extincteurs-f-h-at-eurofeu-4438327633,Technicien de maintenance extincteurs - F/H,,scraped,2026-07-10T23:46:40.774453,
9fc95d9dd09b02a1,https://it.linkedin.com/jobs/view/sales-assistant%C2%A0legami-ventimiglia-via-cavour-at-legami-4436585136,SALES ASSISTANT LEGAMI VENTIMIGLIA VIA CAVOUR,,scraped,2026-07-10T23:46:52.277010,
747c352afd5f2cb3,https://fr.linkedin.com/jobs/view/assistant-d%E2%80%99enseignement-artistique-h-f-discipline-jazz-batterie-antenne-de-bastia-at-ffea-f%C3%A9d%C3%A9ration-fran%C3%A7aise-de-l-education-et-de-l-enseignement-artistique-4435967907,Assistant d’enseignement artistique (H/F) - Discipline jazz batterie - Antenne de Bastia,FFEA - Fédération Française de l'Education et de l'Enseignement Artistique,posted,2026-07-10T23:47:10.010824,707
76465af18a7d3b16,https://fr.linkedin.com/jobs/view/ing%C3%A9nieur-informatique-d%C3%A9cisionnel-bi-f-h-at-cleeven-4439001637,Ingénieur informatique décisionnel /BI (F/H),,scraped,2026-07-10T23:47:20.931806,
1a9752313f0a2074,https://fr.linkedin.com/jobs/view/collaborateur-comptable-h-f-at-%C5%8Ddas-conseil-4439377200,Collaborateur comptable (H/F),ŌDAS CONSEIL,posted,2026-07-10T23:47:30.948737,451
a5cdd487715e543a,https://fr.linkedin.com/jobs/view/supply-chain-manager-independant-at-%F0%9F%94%B5-prod-active-4439071755,SUPPLY CHAIN MANAGER INDEPENDANT,🔵 PROD-ACTIVE,posted,2026-07-10T23:47:44.598892,709
a46d16ac510a98bf,https://fr.linkedin.com/jobs/view/responsable-de-portefeuille-comptable-h-f-at-%C5%8Ddas-conseil-4439372292,Responsable de portefeuille comptable (H/F),ŌDAS CONSEIL,posted,2026-07-10T23:47:50.769388,265
e52354b06ddf9270,https://fr.linkedin.com/jobs/view/auditeur-financier-alternant-f-h-at-kpmg-france-4386979189,Auditeur financier Alternant (F/H),,scraped,2026-07-10T23:47:53.590104,
571d3359cf34d650,https://fr.linkedin.com/jobs/view/chef-de-projet-technique-node-js-agile-at-digway-4437329723,Chef de Projet Technique Node.js / Agile,,scraped,2026-07-10T23:48:03.801515,
4e99433c10db0267,https://fr.linkedin.com/jobs/view/pr%C3%A9paratrice-pr%C3%A9parateur-de-commandes-at-monoprix-4428708335,"Préparatrice, préparateur de commandes",,scraped,2026-07-10T23:48:13.581103,
465a81aca13c4a98,https://fr.linkedin.com/jobs/view/business-analyst-sophia-antipolis-f-h-at-randstad-digital-france-4438320368,Business Analyst - Sophia Antipolis F/H,,scraped,2026-07-10T23:48:23.287026,
55b99c7bfafd3a19,https://fr.linkedin.com/jobs/view/conseiller-client%C3%A8le-h-f-at-nestl%C3%A9-nespresso-sa-4438631215,Conseiller clientèle (H/F),Nestlé Nespresso SA,posted,2026-07-10T23:49:07.208895,711
474f728f2e92df1d,https://mc.linkedin.com/jobs/view/french%2Benglish-bilingual-customer-service-representative-at-talentpop-app-4434873820,French+English Bilingual Customer Service Representative,TalentPop App,posted,2026-07-10T23:49:20.552480,713
49bef55ff1bcba0f,https://mc.linkedin.com/jobs/view/remote-french-bilingual-customer-support-representative-at-talentpop-app-4434876652,Remote French Bilingual Customer Support Representative,TalentPop App,posted,2026-07-10T23:49:29.454549,669
9eff0310c0f4b395,https://fr.linkedin.com/jobs/view/assistant-de-vie-aux-familles-en-alternance-h-f-at-walter-learning-4438860813,Assistant de vie aux familles en Alternance H/F,,scraped,2026-07-10T23:49:32.143459,
d2e5d6273f5950f1,https://fr.linkedin.com/jobs/view/avocat-en-droit-des-soci%C3%A9t%C3%A9s-h-f-at-masalex-conseil-4437177014,Avocat en droit des sociétés h/f,,scraped,2026-07-10T23:49:47.032691,
9e97646f7c5a144c,https://fr.linkedin.com/jobs/view/auxiliaire-de-vie-h-f-sur-antibes-at-groupe-proseniors-4439094031,Auxiliaire de Vie H/F sur Antibes,,scraped,2026-07-10T23:49:53.647099,
c976bd1e40cda7d9,https://fr.linkedin.com/jobs/view/charg%C3%A9-de-comptabilit%C3%A9-connect%C3%A9e-f-h-at-rydge-conseil-4361574618,Chargé de comptabilité connectée F/H,RYDGE Conseil,posted,2026-07-10T23:50:10.192082,715
8f2c7e078b99d0aa,https://fr.linkedin.com/jobs/view/alternance-animateur-trice-de-vente-h-f-at-isim-4437058390,Alternance Animateur (trice) de Vente H/F,ISIM,posted,2026-07-10T23:50:21.917869,717
786b08fa69c460a5,https://fr.linkedin.com/jobs/view/commercial-e-terrain-nice-sud-est-at-gimber-4435676398,Commercial(e) terrain Nice/Sud est,,scraped,2026-07-10T23:50:28.589134,
dca6538c7ca06804,https://fr.linkedin.com/jobs/view/vendeur-se-cannes-28h-sem-cdi-at-maison-123-4437392074,Vendeur.se Cannes - 28h/sem - CDI,,scraped,2026-07-10T23:50:39.837186,
832bd1869e933e79,https://fr.linkedin.com/jobs/view/business-analyst-h-f-at-la-recrue-4400739034,Business Analyst H/F,,scraped,2026-07-10T23:50:54.642957,
97993095a90de460,https://fr.linkedin.com/jobs/view/business-value-advisor-h-f-nb-at-keyrus-4437071559,Business Value Advisor (H/F/NB),,scraped,2026-07-10T23:51:02.260865,
9cd609ecf2762170,https://fr.linkedin.com/jobs/view/receptionnaire-atelier-h-f-at-feu-vert-france-4436803616,RECEPTIONNAIRE ATELIER H/F,,scraped,2026-07-10T23:51:08.919914,
dfd2dc33a7d51dfc,https://mc.linkedin.com/jobs/view/virtual-customer-support-agent-french-english-%E2%80%93-100%25-remote-at-talentpop-app-4435678205,Virtual Customer Support Agent (French/English) – 100% Remote,TalentPop App,posted,2026-07-10T23:51:19.602570,477
ab69eb525d868f08,https://fr.linkedin.com/jobs/view/scrum-master-h-f-at-reel-it-groupe-4439308448,Scrum Master (H/F),,scraped,2026-07-10T23:51:24.449779,
65257c67ed162fd1,https://fr.linkedin.com/jobs/view/gestionnaire-de-paie-confirm%C3%A9-et-conseil-social-h-f-at-%C5%8Ddas-conseil-4439367490,Gestionnaire de paie confirmé et conseil social (H/F),ŌDAS CONSEIL,posted,2026-07-10T23:51:43.781617,719
2e99b3676802fb84,https://fr.linkedin.com/jobs/view/ing%C3%A9nieur-d%E2%80%99affaires-business-developer-f-h-at-alierys-4439379593,INGÉNIEUR D’AFFAIRES / BUSINESS DEVELOPER F/H,,scraped,2026-07-10T23:51:48.513993,
f8e47a8bd68c9ab9,https://mc.linkedin.com/jobs/view/remote-french-bilingual-customer-support-representative-at-talentpop-app-4434883398,Remote French Bilingual Customer Support Representative,TalentPop App,posted,2026-07-10T23:52:01.708887,669
b20cd28cd3de4b66,https://fr.linkedin.com/jobs/view/employ%C3%A9-de-vente-h-f-at-hema-france-4437978858,Employé de vente H/F,,scraped,2026-07-10T23:52:06.410172,
a211b7cbfab53e7a,https://fr.linkedin.com/jobs/view/chef-d-equipe-magasin-alimentaire-au-cannet-rocheville-at-gip-paca-4438301238,CHEF D'EQUIPE - MAGASIN ALIMENTAIRE AU CANNET ROCHEVILLE,,scraped,2026-07-10T23:52:17.052684,
da6fad6b569a0887,https://fr.linkedin.com/jobs/view/directeur-commercial-ind%C3%A9pendant-at-%F0%9F%94%B4-prospactive-4439083324,DIRECTEUR COMMERCIAL INDÉPENDANT,🔴 PROSPACTIVE,posted,2026-07-10T23:52:41.091293,721
321f10b0ae4b251e,https://fr.linkedin.com/jobs/view/chef-de-mission-expertise-comptable-h-f-at-%C5%8Ddas-conseil-4439367493,Chef de mission Expertise Comptable (H/F),ŌDAS CONSEIL,posted,2026-07-10T23:52:54.615554,723
f8197797582aa7bd,https://fr.linkedin.com/jobs/view/cdd-masseur-kin%C3%A9sith%C3%A9rapeute-at-groupe-hospitalier-de-la-riviera-fran%C3%A7aise-4439043291,CDD masseur-kinésithérapeute,,scraped,2026-07-10T23:52:57.367118,
f4250a903a63d5c8,https://fr.linkedin.com/jobs/view/conseiller-client%C3%A8le-des-professionnels-at-societe-generale-4417251222,Conseiller Clientèle des Professionnels,,scraped,2026-07-10T23:53:22.943944,
855be5f84433c389,https://fr.linkedin.com/jobs/view/conseiller-e-de-vente-cdi-28h-nice-cap-3000-at-rituals-france-b-corp%E2%84%A2-4411658793,Conseiller(e) de vente - CDI 28h - Nice Cap 3000,,scraped,2026-07-10T23:53:33.302295,
a8c1038bab638e5c,https://fr.linkedin.com/jobs/view/conseiller-immobilier-h-f-at-lamy-4428827086,Conseiller Immobilier H/F,Lamy,posted,2026-07-10T23:53:47.931055,725
0c8e620eb22581dd,https://fr.linkedin.com/jobs/view/cdi-conseiller-de-vente-h-f-x-21h-%E2%80%93-cap-3000-at-swarovski-4439092581,CDI - Conseiller de vente (H/F/X) 21H – Cap 3000,SWAROVSKI,posted,2026-07-10T23:54:02.345749,727
1748b701fba23028,https://fr.linkedin.com/jobs/view/manager-de-point-de-vente-f-h-at-areas-france-4436876089,Manager de Point de Vente F/H,,scraped,2026-07-10T23:54:05.112929,
a0bee5bc5acddfc7,https://fr.linkedin.com/jobs/view/apprenti-menuisier-bois-h-f-h-f-en-apprentissage-at-cfa-du-b%C3%A2timent-aix-en-provence-4439008080,Apprenti Menuisier Bois (H/F) (H/F) en Apprentissage,,scraped,2026-07-10T23:54:20.294409,
11a4d1f8359e4b01,https://fr.linkedin.com/jobs/view/auxiliaire-de-vie-h-f-week-ends-at-groupe-proseniors-4439090338,Auxiliaire de Vie H/F - Week-ends,,scraped,2026-07-10T23:54:27.872902,
f2316f516f6f59a0,https://fr.linkedin.com/jobs/view/animateur-kids-club-h-f-at-i-love-kids-club-4438336852,Animateur Kids Club H/F,I Love Kids Club,posted,2026-07-10T23:54:49.631571,393
3d8f44fcac04156c,https://fr.linkedin.com/jobs/view/directeur-d-agence-f-h-maaf-at-maaf-assurances-4438673569,Directeur d'agence F/H MAAF,MAAF Assurances,posted,2026-07-10T23:55:06.983393,729
ed02322b2dfa777b,https://fr.linkedin.com/jobs/view/responsable-de-secteur-commercial-h-f-at-groupama-m%C3%A9diterran%C3%A9e-4437987958,Responsable de Secteur Commercial H/F,,scraped,2026-07-10T23:55:15.844113,
a4c3cf15e77b6d76,https://fr.linkedin.com/jobs/view/conseiller-e-de-vente-et-service-client-%E2%80%93-cdi-%C3%A9tudiant-at-brico-d%C3%A9p%C3%B4t-4410029360,conseiller(e) de vente et service client – CDI étudiant,BRICO DEPOT,posted,2026-07-10T23:55:36.375867,731
581149ba39203d25,https://fr.linkedin.com/jobs/view/employ%C3%A9-commercial-rayon-boulangerie-p%C3%A2tisserie-f-h-at-carrefour-4435972393,"Employé commercial rayon boulangerie, pâtisserie (F/H)",Carrefour,posted,2026-07-10T23:55:53.630423,733
9b54fe5bf8ebec80,https://fr.linkedin.com/jobs/view/acheteur-f-h-randstad-professional-at-aerocontact-4438639237,ACHETEUR (F/H) - Randstad professional,,scraped,2026-07-10T23:55:58.267278,
a5895ab47d2bf360,https://fr.linkedin.com/jobs/view/technicien-itin%C3%A9rant-mon%C3%A9tique-nice-h-f-at-jdc-sa-4438313035,Technicien Itinérant Monétique - Nice H/F,JDC SA,posted,2026-07-10T23:56:12.941277,735
abf9dceb54157d71,https://fr.linkedin.com/jobs/view/responsable-commercial-territorial-f-h-at-r%C3%A9seau-comp%C3%A9tences-et-d%C3%A9veloppement-4434566461,RESPONSABLE COMMERCIAL TERRITORIAL F/H,,scraped,2026-07-11T07:34:06.780887,
de4ef2dd4c61e8cc,https://fr.linkedin.com/jobs/view/international-corporate-relations-business-development-events-officer-h-f-at-edhec-business-school-4438321277,"International Corporate Relations, Business Development & Events Officer H/F",EDHEC Business School,posted,2026-07-11T07:34:31.690912,737
b2e6faea37374427,https://mc.linkedin.com/jobs/view/technicien-ne-de-maintenance-h-f-at-bettina-4437993326,Technicien(ne) de Maintenance H/F,,scraped,2026-07-11T07:34:34.303663,
e8b0fc1992266239,https://fr.linkedin.com/jobs/view/professeur-d-enseignement-artistique-h-f-discipline-clarinette-antenne-d-ajaccio-at-ffea-f%C3%A9d%C3%A9ration-fran%C3%A7aise-de-l-education-et-de-l-enseignement-artistique-4435976727,Professeur d'enseignement artistique (H/F) - Discipline clarinette- Antenne d'Ajaccio,FFEA - Fédération Française de l'Education et de l'Enseignement Artistique,posted,2026-07-11T07:34:58.889843,739
110e67cf25495d47,https://fr.linkedin.com/jobs/view/cdi-responsable-de-salle-h-f-at-alfred-hotels-4437987358,CDI- Responsable de Salle H/F,,scraped,2026-07-11T07:35:39.571217,
3c2fbd8cdc44a590,https://fr.linkedin.com/jobs/view/secr%C3%A9taire-m%C3%A9dicale-cdd-%E2%80%94-h-f-at-h%C3%B4pital-priv%C3%A9-les-sources-nice-4437994083,Secrétaire médicale CDD — H/F,,scraped,2026-07-11T07:35:49.627240,
de1a484e68779f8b,https://fr.linkedin.com/jobs/view/magasinier-pi%C3%A8ces-de-rechange-et-accessoires-f-h-at-louyet-cannes-nice-4435973592,Magasinier Pièces de Rechange et Accessoires F/H,,scraped,2026-07-11T07:36:12.345064,
dccadca27184a89f,https://fr.linkedin.com/jobs/view/assistant-d%E2%80%99enseignement-artistique-h-f-intervenant-e-en-milieu-scolaire-%C3%A9veil-initiation-et-formation-musicale-at-ffea-f%C3%A9d%C3%A9ration-fran%C3%A7aise-de-l-education-et-de-l-enseignement-artistique-4435976731,"Assistant d’enseignement artistique (H/F) - intervenant(e) en milieu scolaire, éveil, initiation et formation musicale",FFEA - Fédération Française de l'Education et de l'Enseignement Artistique,posted,2026-07-11T07:36:31.682137,741
37fdc9c73ff0b23a,https://fr.linkedin.com/jobs/view/op%C3%A9rateur-fabrications-sp%C3%A9ciales-h-f-at-exhibit-group-4437433394,Opérateur fabrications spéciales - H/F,,scraped,2026-07-11T07:36:34.509101,
b5fd6eef3cc81e3d,https://fr.linkedin.com/jobs/view/chef-de-projet-programmes-francophones-h-f-at-edhec-business-school-4437556524,Chef de projet - programmes francophones H/F,EDHEC Business School,posted,2026-07-11T07:36:56.239175,743
8b43bad5a487e94c,https://fr.linkedin.com/jobs/view/secr%C3%A9taire-m%C3%A9dicale-h-f-at-fondation-sant%C3%A9-des-etudiants-de-france-4437984419,Secrétaire médicale (H/F),,scraped,2026-07-11T07:37:10.882613,
ec4732b844aa90b2,https://fr.linkedin.com/jobs/view/conseiller-commercial-soci%C3%A9t%C3%A9s-ventes-b2b-h-f-at-groupe-chopard-4436602972,Conseiller commercial Sociétés - Ventes B2B - H/F,,scraped,2026-07-11T07:37:23.573528,
514c3a0ce07452b7,https://fr.linkedin.com/jobs/view/alternance-charg%C3%A9-e-de-client%C3%A8le-h-f-at-isim-4436535163,Alternance Chargé(e) de clientèle H/F,ISIM,posted,2026-07-11T07:37:42.453280,745
c8132a6314e58547,https://fr.linkedin.com/jobs/view/french-speaking-customer-experts-for-imperial-brands-work-in-athens-greece-at-mercier-consultancy-md-4439076738,"French-Speaking Customer Experts for Imperial Brands - Work In Athens, Greece",Mercier Consultancy MD,posted,2026-07-11T07:38:01.141907,747
25d3cbb30cdbf5a1,https://mc.linkedin.com/jobs/view/supply-chain-co-founder-cpo-100-%25-remote-m-f-d-at-ewor-4438340935,Supply Chain Co-Founder / CPO (100 % remote) (m/f/d),,scraped,2026-07-11T07:38:15.687854,
5454c6b8c4641079,https://fr.linkedin.com/jobs/view/r%C3%A9f%C3%A9rent-mobilit%C3%A9-internationale-at-cci-nice-c%C3%B4te-d-azur-4438666300,Référent mobilité internationale,,scraped,2026-07-11T07:38:28.474923,
46b7b4bf9ea10a65,https://fr.linkedin.com/jobs/view/responsable-de-portefeuille-comptable-h-f-at-%C5%8Ddas-conseil-4439368463,Responsable de portefeuille comptable H/F,ŌDAS CONSEIL,posted,2026-07-11T07:38:39.140844,265
3a97bb294972be2f,https://fr.linkedin.com/jobs/view/employ%C3%A9-e-de-m%C3%A9nage-h-f-cdi-nice-at-hubliss-4439361169,Employé (e) de ménage H/F CDI Nice,,scraped,2026-07-11T07:38:51.761848,
d02560e0b03804e7,https://fr.linkedin.com/jobs/view/gestionnaire-de-paie-et-conseil-social-h-f-at-%C5%8Ddas-conseil-4439360937,Gestionnaire de Paie et Conseil Social (H/F),ŌDAS CONSEIL,posted,2026-07-11T07:39:06.536784,251
e7fc85513e42c089,https://fr.linkedin.com/jobs/view/d%C3%A9veloppeur-front-end-react-nextjs-h-f-at-digway-4437343302,Développeur Front-End React / NextJS (H/F),,scraped,2026-07-11T07:39:09.351033,
78f55ec82d2ed4f1,https://fr.linkedin.com/jobs/view/r%C3%A9ceptionnaire-apr%C3%A8s-vente-carrosserie-h-f-at-retail-renault-group-4437952739,Réceptionnaire après-vente carrosserie H/F,Retail Renault Group,posted,2026-07-11T07:39:34.336295,749
bd1c477b96c1865c,https://fr.linkedin.com/jobs/view/chef-de-rang-h-f-room-service-cdd-at-le-domaine-du-mas-de-pierre-4437831522,Chef de rang H/F - Room service - CDD,,scraped,2026-07-11T07:39:37.095383,
20c2a468d1e09eaa,https://mc.linkedin.com/jobs/view/stagiaire-commercial-logistique-at-monte-carlo-beer-4439357208,Stagiaire commercial/logistique,Monte Carlo Beer,posted,2026-07-11T07:40:02.420648,751
43f059014ce6b79f,https://fr.linkedin.com/jobs/view/chef-de-projet-technique-h-f-at-amiltone-4439031912,Chef de projet technique (H/F),,scraped,2026-07-11T07:40:07.098078,
4862bbc6264741ff,https://fr.linkedin.com/jobs/view/ev-h-f-at-hema-france-4437979850,EV H/F,,scraped,2026-07-11T07:40:21.525679,
d5be1c0c22ad468b,https://fr.linkedin.com/jobs/view/conseiller-client%C3%A8le-m%C3%A9canique-h-f-at-retail-renault-group-4437965306,Conseiller Clientèle Mécanique H/F,Retail Renault Group,posted,2026-07-11T07:40:49.651537,753
aa12bf7e641d25e0,https://fr.linkedin.com/jobs/view/cdi-temps-partiel-12h-rayon-randonnee-conseiller-%C3%A8re-vente-omnicanal-at-decathlon-france-4437977361,CDI Temps partiel 12H rayon RANDONNEE - Conseiller-ère Vente Omnicanal,,scraped,2026-07-11T07:40:56.423597,
f2bf1dfd7a6185be,https://fr.linkedin.com/jobs/view/d%C3%A9veloppeur-se-front-end-at-izypeo%C2%AE-4436869554,Développeur(se) Front End,,scraped,2026-07-11T07:41:04.105704,
e0608f57132924c5,https://fr.linkedin.com/jobs/view/alternance-charg%C3%A9-d%C3%A9veloppement-commercial-h-f-at-isim-4437047988,Alternance - Chargé Développement Commercial H/F,ISIM,posted,2026-07-11T07:41:23.773526,755
8ec1418ab62b4773,https://fr.linkedin.com/jobs/view/sous-chef-f-h-at-eleni-group-4438649432,Sous-Chef F/H,,scraped,2026-07-11T07:41:30.439418,
f5b9828b7816dbff,https://fr.linkedin.com/jobs/view/conseiller-de-vente-polyvalent-h-f-at-mr-bricolage-4436636265,CONSEILLER DE VENTE POLYVALENT (H/F),Mr.Bricolage,failed|wp_post_failed,2026-07-11T07:41:48.877917,
d588e93a90e70883,https://fr.linkedin.com/jobs/view/stagiaire-d%C3%A9veloppement-commercial-circuit-sport-h-f-at-ea-pharma-4437846255,Stagiaire Développement Commercial Circuit Sport H/F,,scraped,2026-07-11T07:42:01.608345,
118e14359815d31c,https://fr.linkedin.com/jobs/view/ma%C3%AEtre-de-maison-h-f-%E2%80%93-villars-sur-var-06-at-association-isatis-4439091253,Maître de Maison H/F – Villars Sur Var (06),,scraped,2026-07-11T07:42:22.755253,
00155e8ef9243446,https://fr.linkedin.com/jobs/view/alternance-vendeur-conseil-h-f-at-isim-4437379315,Alternance Vendeur Conseil H/F,ISIM,posted,2026-07-11T07:42:43.219270,323
1f292ffa624deda6,https://fr.linkedin.com/jobs/view/charg%C3%A9-de-comptabilit%C3%A9-connect%C3%A9e-f-h-at-rydge-conseil-4264205214,Chargé de comptabilité connectée F/H,RYDGE Conseil,posted,2026-07-11T07:43:05.579656,757
6cb36f06a5223503,https://fr.linkedin.com/jobs/view/merchandiseur-h-f-fa-26-at-sarawak-france-4437903002,MERCHANDISEUR H/F - FA 26,,scraped,2026-07-11T07:43:18.357573,
2589134983d03ec3,https://fr.linkedin.com/jobs/view/chef-de-mission-expertise-comptable-h-f-at-%C5%8Ddas-conseil-4439367502,Chef de Mission Expertise Comptable (H/F),ŌDAS CONSEIL,posted,2026-07-11T07:43:35.701719,723
528a9d0477289b68,https://fr.linkedin.com/jobs/view/h%C3%B4te-service-client-magasin-h-f-at-leroy-merlin-4435919846,Hôte service client magasin (H/F),,scraped,2026-07-11T07:43:40.371564,
4b18da2b1136aec4,https://fr.linkedin.com/jobs/view/consultant-en-recrutement-h-f-at-actual-talent-4434856722,Consultant en recrutement - H/F,Actual Talent,posted,2026-07-11T07:44:01.272467,759
da948d0092c07e68,https://fr.linkedin.com/jobs/view/stage-marketing-et-commercial-at-izypeo%C2%AE-4436878112,Stage Marketing et commercial,,scraped,2026-07-11T07:44:03.933316,
301d2ce2266e950a,https://fr.linkedin.com/jobs/view/alternance-animateur-trice-de-vente-h-f-at-isim-4437065352,Alternance Animateur (trice) de Vente H/F,ISIM,posted,2026-07-11T07:44:14.863805,717
d5a0fdb12ba34d4f,https://fr.linkedin.com/jobs/view/directeur-des-syst%C3%A8mes-d-information-ind%C3%A9pendant-at-%F0%9F%9F%A3-dsiactive-4439080517,DIRECTEUR DES SYSTÈMES D'INFORMATION INDÉPENDANT,,scraped,2026-07-11T07:44:19.666145,
6ede48f8642bd488,https://fr.linkedin.com/jobs/view/alternance-technicien-ne-informatique-de-proximit%C3%A9-h-f-at-simplon-sud-4438633979,ALTERNANCE Technicien(ne) Informatique de Proximité (H/F),Simplon Sud,posted,2026-07-11T07:44:41.896964,761
0fea709e850e7c7a,https://fr.linkedin.com/jobs/view/agent-de-copropri%C3%A9t%C3%A9s-h-f-apprentissage-at-inhni-4437361916,Agent de Copropriétés (H/F) Apprentissage,,scraped,2026-07-11T07:44:56.571095,
0ac3b042eb25f15b,https://fr.linkedin.com/jobs/view/data-engineer-sophia-antipolis-06-h-f-at-randstad-digital-france-4438325100,Data Engineer - Sophia - Antipolis (06) H/F,,scraped,2026-07-11T07:45:04.412328,
adccccd931a71193,https://fr.linkedin.com/jobs/view/cdd-conseiller-de-vente-galeries-lafayette-nice-h-f-at-diptyque-paris-4438658205,CDD - Conseiller de vente - Galeries Lafayette Nice H/F,,scraped,2026-07-11T07:45:11.825580,
d6a70c5e1d97cc6c,https://mc.linkedin.com/jobs/view/french-customer-support-specialist-bilingual-fr-en-non-voice-blended-remote-at-talentpop-app-4434871727,French Customer Support Specialist (Bilingual FR/EN | Non-Voice/Blended | Remote),TalentPop App,posted,2026-07-11T07:45:25.665916,389
ef78e46b380e14e4,https://fr.linkedin.com/jobs/view/employ%C3%A9-de-rayon-non-alimentaire-f-h-at-carrefour-4436627830,Employé de rayon non alimentaire (F/H),Carrefour,posted,2026-07-11T07:45:41.191513,763
7d9d1189d4d30a22,https://fr.linkedin.com/jobs/view/auxiliaire-de-pu%C3%A9riculture-ou-accompagnant-e-petite-enfance-h-f-at-eden-eveil-micro-cr%C3%A8ches-4433915369,Auxiliaire de Puériculture OU Accompagnant(e) Petite Enfance H/F,,scraped,2026-07-11T07:45:43.965002,
d09d959b84249f19,https://fr.linkedin.com/jobs/view/insurance-compliance-counsel-at-alan-4437886749,Insurance Compliance Counsel,,scraped,2026-07-11T07:46:10.704885,
357a9d48a20d5f7b,https://fr.linkedin.com/jobs/view/supply-planner-at-vishay-intertechnology-inc-4309628047,Supply Planner,"Vishay Intertechnology, Inc.",posted,2026-07-11T07:46:25.686663,765
615c973456af7724,https://fr.linkedin.com/jobs/view/responsable-commercial-chef-d-agence-h-f-at-la-maison-des-travaux-france-4308002662,Responsable commercial - Chef d'agence (H/F),,scraped,2026-07-11T07:46:28.363472,
19b97fdc38ab1d2f,https://mc.linkedin.com/jobs/view/assistante-personnelle-monaco-at-madameestservie-net-recrutement-de-personnel-de-maison-de-luxe-4438909959,Assistante personnelle Monaco,,scraped,2026-07-11T11:36:21.352389,
7309b5376b582674,https://fr.linkedin.com/jobs/view/vendeur-automobile-v%C3%A9hicules-neuf-h-f-at-groupe-chopard-4436623026,Vendeur Automobile Véhicules Neuf - H/F,,scraped,2026-07-11T11:36:35.545988,
241cc5be4a029c8a,https://mc.linkedin.com/jobs/view/ing%C3%A9nieur-s%C3%A9curit%C3%A9-it-conformit%C3%A9-m365-at-lutessa-4439334269,"Ingénieur Sécurité IT, Conformité & M365",,scraped,2026-07-11T11:37:15.442154,
963b57af4103ebf7,https://mc.linkedin.com/jobs/view/merchandiseur-h-f-fa-26-at-sarawak-france-4437584814,MERCHANDISEUR H/F - FA 26,,scraped,2026-07-11T11:37:29.288740,
efe0c90d367a2d7d,https://mc.linkedin.com/jobs/view/stagiaire-assistant-direction-housekeeping-%C3%A0-partir-d-octobre-2026-at-fairmont-hotels-resorts-4437347001,Stagiaire - Assistant Direction Housekeeping à partir d'octobre 2026,Fairmont Hotels &amp; Resorts,posted,2026-07-11T11:37:59.657374,767
fefd61dca56a2238,https://fr.linkedin.com/jobs/view/assistant-d%E2%80%99enseignement-artistique-h-f-discipline-danse-contemporaine-antenne-d%E2%80%99ajaccio-at-ffea-f%C3%A9d%C3%A9ration-fran%C3%A7aise-de-l-education-et-de-l-enseignement-artistique-4435981690,Assistant d’enseignement artistique (H/F) - discipline danse contemporaine - Antenne d’Ajaccio,FFEA - Fédération Française de l'Education et de l'Enseignement Artistique,posted,2026-07-11T11:39:18.294195,769
f3bb9717d1bc0657,https://fr.linkedin.com/jobs/view/alternance-assistant-copropri%C3%A9t%C3%A9-f-h-at-emeria-technologies-4439305614,Alternance - Assistant copropriété F/H,,scraped,2026-07-11T11:39:26.928666,
ad08f2a945cb67d8,https://fr.linkedin.com/jobs/view/responsable-commercial-e-endoscopie-paca-corse-at-ambu-4437576291,Responsable Commercial(e) Endoscopie PACA & Corse,Ambu,posted,2026-07-11T11:41:10.480548,771
f91f13e58d53dc20,https://fr.linkedin.com/jobs/view/dr-pepper-distrib-canettes-nice-at-plany-4438892590,DR PEPPER - DISTRIB CANETTES - NICE,,scraped,2026-07-11T11:41:13.106223,
07ef8bb5280ae1b0,https://fr.linkedin.com/jobs/view/alternance-vendeur-conseil-h-f-at-isim-4437071005,Alternance Vendeur Conseil H/F,,scraped,2026-07-11T11:41:36.973577,
ffa3dea2c5d45c92,https://fr.linkedin.com/jobs/view/vendeur-produits-techniques-f-h-at-fnac-4438893338,Vendeur Produits Techniques F/H,Fnac,failed|wp_post_failed,2026-07-11T11:43:06.773991,
076b20e6a1f0eef1,https://fr.linkedin.com/jobs/view/vendeur-produits-techniques-f-h-at-fnac-4438884580,Vendeur Produits Techniques F/H,Fnac,scraped,2026-07-11T11:43:14.098671,
c84a3ca6693dff4b,https://fr.linkedin.com/jobs/view/d%C3%A9veloppeur-react-node-js-h-f-at-amiltone-4439031927,Développeur React/Node Js (H/F),,scraped,2026-07-11T11:43:18.864877,
49401326a09f79cf,https://fr.linkedin.com/jobs/view/cdi-g%C3%A9rant-de-fortune-h-f-nice-at-cyrus-herez-4437553422,CDI - Gérant de Fortune H/F - Nice,,scraped,2026-07-11T11:43:25.493755,
f5cbf20aa3733bac,https://fr.linkedin.com/jobs/view/academics-coordinator-at-ef-4429304930,Academics Coordinator,,scraped,2026-07-11T11:43:36.579830,
be5accfcf71c162c,https://fr.linkedin.com/jobs/view/employ%C3%A9-e-de-r%C3%A9serve-at-mango-4438342078,EMPLOYÉ/E DE RÉSERVE,,scraped,2026-07-11T11:43:45.940440,
478af44ddafd4c84,https://fr.linkedin.com/jobs/view/agent-polyvalent-hospitalier-h-f-apprentissage-at-inhni-4437359856,Agent  Polyvalent Hospitalier  (H/F) Apprentissage,,scraped,2026-07-11T11:44:06.827056,
d25bb77dd313e850,https://fr.linkedin.com/jobs/view/directeur-de-la-maintenance-adjoint-cdi-f-h-at-carlton-cannes-4438324695,Directeur de la Maintenance Adjoint CDI - F/H,,scraped,2026-07-11T11:44:22.327684,
4be6836ae78c02d3,https://fr.linkedin.com/jobs/view/l-immobilier-votre-futur-m%C3%A9tier-%3F-at-era-immobilier-france-4436648589,L'immobilier votre futur Métier ?,,scraped,2026-07-11T11:44:34.695156,
a47612de410f487d,https://fr.linkedin.com/jobs/view/aide-s-m%C3%A9nager-e-s-f-h-at-vivaservices-4437729442,Aide.s ménager.e.s F/H,,scraped,2026-07-11T11:44:46.278815,
ffba8cd66b57c953,https://fr.linkedin.com/jobs/view/responsable-commercial-e-endoscopie-paca-corse-at-ambu-4437569695,Responsable Commercial(e) Endoscopie PACA & Corse,,scraped,2026-07-11T11:44:57.720131,
709f11c239d58ae3,https://fr.linkedin.com/jobs/view/opportunit%C3%A9s-d-attach%C3%A9s-commerciaux-annonce-vivier-pour-paris-et-idf-h-f-at-essilorluxottica-4435552462,Opportunités d'attachés commerciaux - annonce vivier pour Paris et IDF (H/F),,scraped,2026-07-11T11:45:29.685027,
3b2b614e872d7724,https://fr.linkedin.com/jobs/view/assistant-d-enseignement-artistique-danse-modern-jazz-at-ffea-f%C3%A9d%C3%A9ration-fran%C3%A7aise-de-l-education-et-de-l-enseignement-artistique-4435988123,Assistant d'enseignement artistique - Danse Modern Jazz,FFEA - Fédération Française de l'Education et de l'Enseignement Artistique,failed|wp_post_failed,2026-07-11T11:47:03.506088,
decaf8cfeb5e82dc,https://fr.linkedin.com/jobs/view/vendeur-sport-running-f-h-at-magnitude-4439070782,Vendeur Sport Running F/H,,scraped,2026-07-11T11:47:06.584979,
2e2544784243afa6,https://mc.linkedin.com/jobs/view/charg%C3%A9-%C3%A9tudes-de-prix-f-h-at-eiffage-%C3%A9nergie-syst%C3%A8mes-4353992885,Chargé études de prix F/H,,scraped,2026-07-11T15:36:34.492487,
cd01fd0545c3f3b9,https://fr.linkedin.com/jobs/view/auditeur-h-f-at-%C5%8Ddas-conseil-4439369460,Auditeur  (H/F),ŌDAS CONSEIL,posted,2026-07-11T15:38:37.285480,774
dcd63f1025421ed5,https://fr.linkedin.com/jobs/view/charg%C3%A9-e-communication-360%C2%B0-at-campus-des-11-arts-4439303244,Chargé(e) Communication 360°,Campus des 11 arts,posted,2026-07-11T15:39:05.490300,776
4108eba1b5b252c5,https://mc.linkedin.com/jobs/view/sp%C3%A9cialiste-bilingue-fran%C3%A7ais-anglais-du-support-client-%E2%80%94-voix-et-chat-at-talentpop-app-4434877577,Spécialiste Bilingue (Français/Anglais) du Support Client — Voix et Chat,TalentPop App,posted,2026-07-11T15:39:38.474735,778
a281ddb49cf18abd,https://mc.linkedin.com/jobs/view/internship-client-service-team-6-months-at-ubs-4430984213,Internship - Client Service Team (6 months),UBS,posted,2026-07-11T15:40:00.449972,780
a3b000e70ef77936,https://fr.linkedin.com/jobs/view/jardinier-h-f-at-home-services-4437990823,JARDINIER (H/F),,scraped,2026-07-11T15:40:15.253524,
436e187eeef39875,https://fr.linkedin.com/jobs/view/responsable-de-boutique-nice-cdi-h-f-at-smcp-%E2%80%93-sandro-maje-claudie-pierlot-fursac-4435158902,Responsable de boutique - Nice - CDI H/F,,scraped,2026-07-11T15:40:37.336260,
1a2aacabe9c8aafc,https://fr.linkedin.com/jobs/view/assistant-e-qualit%C3%A9-h-f-at-upsadi-union-des-prestataires-de-sant%C3%A9-%C3%A0-domicile-ind%C3%A9pendants-4438374228,Assistant(e) Qualité (H/F),,scraped,2026-07-11T15:40:53.446894,
7837fcb42d80198a,https://mc.linkedin.com/jobs/view/internship-ultra-high-net-worth-6-months-at-ubs-4430492013,Internship Ultra High Net Worth (6 Months),UBS,posted,2026-07-11T15:41:33.458964,782
2c2cac7045daf4c3,https://fr.linkedin.com/jobs/view/electricien-cfo-cfa-nice-h-f-at-batibig-4437581870,Electricien CFO/CFA - Nice H/F,BATIBIG,posted,2026-07-11T15:41:44.335380,784
ca00554f54c4874b,https://fr.linkedin.com/jobs/view/caissier-h-f-%E2%80%93-nice-pasteur-at-ciffr%C3%A9o-bona-4437978192,Caissier H/F – Nice Pasteur,,scraped,2026-07-11T15:41:49.099362,
31e43d1dd5dc22fa,https://fr.linkedin.com/jobs/view/responsable-juridique-et-contrats-f-h-at-thales-4411212189,Responsable Juridique et Contrats.F/H,,scraped,2026-07-11T15:42:02.933916,
fb12322f0cdbd71c,https://fr.linkedin.com/jobs/view/r%C3%A9ceptionniste-at-mouratoglou-hotel-resort-4437402360,Réceptionniste,,scraped,2026-07-11T15:42:48.257666,
0c25bf0dccb24abc,https://fr.linkedin.com/jobs/view/agent-commercial-en-immobilier-h-f-%E2%80%93-c%C3%B4te-d%E2%80%99azur-at-chabert-group-international-real-estate-4434700587,Agent commercial en immobilier (H/F) – Côte d’Azur,,scraped,2026-07-11T15:43:12.662729,
62bd37b74e851b85,https://fr.linkedin.com/jobs/view/agent-commerciaux-ind%C3%A9pendants-at-europa-green-%E2%80%94-solutions-de-traitement-des-biod%C3%A9chets-4438506358,Agent Commerciaux indépendants,,scraped,2026-07-11T15:43:19.960863,
e6e130eeb3eb9034,https://fr.linkedin.com/jobs/view/gestionnaire-de-paie-h-f-at-%C5%8Ddas-conseil-4439378178,Gestionnaire de paie (H/F),ŌDAS CONSEIL,posted,2026-07-11T15:43:46.964670,786
57cbf579ee66643b,https://fr.linkedin.com/jobs/view/peintre-h-f-at-groupe-barri%C3%A8re-4435671826,Peintre H/F,,scraped,2026-07-11T15:43:55.607507,
58a55b5a8ae244d0,https://fr.linkedin.com/jobs/view/business-analyst-%40exalt-sophia-antipolis-at-exalt-4420360358,Business Analyst @eXalt Sophia-Antipolis,,scraped,2026-07-11T15:44:09.170299,
4b6c3951bc2d7f72,https://fr.linkedin.com/jobs/view/assistant-comptable-clients-pme-h-f-at-%C5%8Ddas-conseil-4439378182,Assistant comptable clients PME (H/F),ŌDAS CONSEIL,posted,2026-07-11T15:44:23.281956,271
9760934f4eaf8d95,https://fr.linkedin.com/jobs/view/aide-%C3%A0-domicile-h-f-at-home-services-4437997647,AIDE À DOMICILE (H/F),,scraped,2026-07-11T15:44:25.859416,
ec7b676f57100187,https://mc.linkedin.com/jobs/view/artificial-intelligence-co-founder-head-of-product-100-%25-remote-m-f-d-at-ewor-4438359105,Artificial Intelligence Co-Founder / Head of Product (100 % remote) (m/f/d),,scraped,2026-07-11T15:44:39.639915,
174a8d79ba84ff77,https://fr.linkedin.com/jobs/view/aide-m%C3%A9nager-%C3%A8re-h-f-sur-villeneuve-loubet-at-groupe-proseniors-4439090354,Aide ménager(ère) H/F sur Villeneuve-Loubet,,scraped,2026-07-11T15:45:30.217840,
c65155accd3fb41a,https://fr.linkedin.com/jobs/view/responsable-thermique-satellite-f-h-at-thales-4402517655,Responsable Thermique Satellite-F/H,,scraped,2026-07-11T15:45:46.053955,
df5ebf947c55ea66,https://fr.linkedin.com/jobs/view/alternance-animateur-trice-de-vente-h-f-at-isim-4437065314,Alternance Animateur (trice) de Vente H/F,ISIM,posted,2026-07-11T15:46:04.541023,717
05b22936cee7dc4e,https://fr.linkedin.com/jobs/view/alternance-animateur-trice-de-vente-h-f-at-isim-4437054653,Alternance Animateur (trice) de Vente H/F,ISIM,scraped,2026-07-11T15:46:10.373510,
13f681660c1fa232,https://fr.linkedin.com/jobs/view/alternance-animateur-trice-de-vente-h-f-at-isim-4437051957,Alternance Animateur (trice) de Vente H/F,ISIM,scraped,2026-07-11T15:46:16.155006,
4281d1c866f1d2b6,https://fr.linkedin.com/jobs/view/aide-m%C3%A9nager-%C3%A8re-h-f-sur-cagnes-sur-mer-at-groupe-proseniors-4439079647,Aide ménager(ère) H/F sur Cagnes-sur-Mer,,scraped,2026-07-11T15:46:18.715379,
793c00af1f303919,https://fr.linkedin.com/jobs/view/alternant-marketing-e-commerce-h-f-at-olyos-group-4437055600,Alternant Marketing E-commerce H/F,,scraped,2026-07-11T15:46:29.915465,
d8dcb1513bb71873,https://fr.linkedin.com/jobs/view/charg%C3%A9-d%E2%80%99affaires-%E2%80%93-%C3%A9tanch%C3%A9it%C3%A9-couverture-h-f-%E2%80%93-antibes-at-batix-green-4438251676,Chargé d’Affaires – Étanchéité / Couverture  (H/F) – Antibes,,scraped,2026-07-11T15:46:41.185223,
cbe5a89a61ca5aea,https://fr.linkedin.com/jobs/view/responsable-de-rayon-fruits-et-l%C3%A9gumes-fresh-h-f-at-fresh-4435678464,Responsable de rayon fruits et légumes fresh.(H/F),,scraped,2026-07-11T15:46:55.950126,
d75588c474072d9f,https://fr.linkedin.com/jobs/view/technico-commercial-f-h-at-concepteur-vendeur-4439379145,Technico-commercial F/H,,scraped,2026-07-11T15:47:16.599561,
3dd9e3606dabb743,https://fr.linkedin.com/jobs/view/chef-de-cuisine-f-h-at-eleni-group-4438644559,Chef de cuisine F/H,Eleni Group,posted,2026-07-11T15:48:29.004229,788
6151756e95ef8f0d,https://fr.linkedin.com/jobs/view/agent-de-gestion-de-la-circulation-h-f-saison-juillet-et-ao%C3%BBt-2026-at-coop%C3%A9rative-u-4439545558,Agent de gestion de la circulation H/F - Saison Juillet et Août 2026,Coopérative U,posted,2026-07-11T15:48:48.990658,790
ff7adcaba4d9fdb9,https://fr.linkedin.com/jobs/view/vendeur-sport-running-f-h-at-magnitude-4439086250,Vendeur Sport Running F/H,,scraped,2026-07-11T15:48:51.651314,
f35a8f50d9f848a2,https://fr.linkedin.com/jobs/view/vendeur-demonstrateur-h-f-at-pandora-4428266141,Vendeur Demonstrateur H/F,,scraped,2026-07-11T15:49:07.383064,
f4728fa26d265099,https://fr.linkedin.com/jobs/view/alternant-assistant-commercial-h-f-nsa-at-otis-elevator-co-4434324166,Alternant - Assistant Commercial (H/F) - NSA,Otis Elevator Co.,posted,2026-07-11T15:49:26.253428,792
894bc6c0265f8903,https://fr.linkedin.com/jobs/view/chef-d-equipe-magasin-alimentaire-au-cannet-rocheville-at-gip-paca-4438398902,CHEF D'EQUIPE - MAGASIN ALIMENTAIRE AU CANNET ROCHEVILLE,,scraped,2026-07-11T15:49:32.961049,
eab973768f860c58,https://fr.linkedin.com/jobs/view/conseiller-client-%C3%A9volutif-manager-h-f-nice-at-enterprise-4388461525,Conseiller Client évolutif Manager (H/F) - Nice,Enterprise Rent-A-Car,posted,2026-07-11T15:50:20.092873,794
2caa20fbc212cffb,https://fr.linkedin.com/jobs/view/supply-planner-manager-at-vishay-intertechnology-inc-4439352067,Supply Planner Manager,"Vishay Intertechnology, Inc.",posted,2026-07-11T15:50:45.261153,796
1aa7e51d99d820fc,https://fr.linkedin.com/jobs/view/cadre-de-sante-en-ehpad-at-h%C3%B4pital-d-antibes-4435989659,CADRE DE SANTE EN EHPAD,,scraped,2026-07-11T15:50:47.999006,
56bad47b80bc11c1,https://fr.linkedin.com/jobs/view/assistant-commercial-immobilier-de-prestige-h-f-at-le-recruteur-immobilier%C2%AE-4428582679,Assistant commercial immobilier de prestige H/F,,scraped,2026-07-11T15:51:52.680911,
1420422809e5f520,https://fr.linkedin.com/jobs/view/alternance-%E2%80%93-ing%C3%A9nieur-e-ia-g%C3%A9n%C3%A9rative-d%C3%A9veloppement-h-f-at-engit-4439049452,Alternance – Ingénieur(e) IA générative & développement (H/F),,scraped,2026-07-11T15:52:01.384783,
827481ab3d68b696,https://fr.linkedin.com/jobs/view/animateur-kids-club-h-f-at-i-love-kids-club-4438924649,Animateur Kids Club H/F,I Love Kids Club,posted,2026-07-11T15:52:18.877970,393
278b382e83f8edff,https://fr.linkedin.com/jobs/view/auxiliaire-de-vie-h-f-sur-vallauris-at-groupe-proseniors-4439075832,Auxiliaire de Vie H/F sur Vallauris,,scraped,2026-07-11T15:52:23.611037,
0d913a48c683d36b,https://fr.linkedin.com/jobs/view/conseiller-e-de-vente-f-h-cap-3000-saint-laurent-du-var-cdi-35h-at-sephora-4439028707,Conseiller(e) de vente (F/H) - CAP 3000 Saint-Laurent-du-Var - CDI 35H,,scraped,2026-07-11T15:52:33.646325,
506090f6b858d128,https://fr.linkedin.com/jobs/view/vendeur-cuisine-sanitaire-dressing-h-f-nice-at-ciffr%C3%A9o-bona-4437985018,"Vendeur Cuisine, sanitaire, dressing H/F Nice",,scraped,2026-07-11T15:52:40.676101,
6fe77dfabc46f516,https://fr.linkedin.com/jobs/view/lounge-supervisor-h-f-at-plaza-premium-group-4436959832,Lounge Supervisor (H/F),,scraped,2026-07-11T15:52:50.213785,
fe1307e53ad13773,https://fr.linkedin.com/jobs/view/boucher-h-f-at-grand-frais-4438908503,BOUCHER H/F,,scraped,2026-07-11T15:53:00.483386,
d953fef5d74393a9,https://mc.linkedin.com/jobs/view/social-media-manager-at-the-agency-digital-marketing-4439576075,SOCIAL MEDIA MANAGER,,scraped,2026-07-11T18:41:41.262883,
ac353f6102169877,https://fr.linkedin.com/jobs/view/acheteur-%E2%80%94-h-f-at-univi-4436606687,Acheteur — H/F,,scraped,2026-07-11T18:41:51.663015,
0bc3ff4e86c7d0a0,https://fr.linkedin.com/jobs/view/store-manager-nice-at-tiffany-co-4435642295,Store Manager - Nice,Tiffany &amp; Co.,posted,2026-07-11T18:42:12.710188,798
713767621b34a5ab,https://fr.linkedin.com/jobs/view/ash-h-f-en-contrat-d-apprentissage-at-inhni-4437377007,ASH  (H/F) en contrat d'apprentissage,,scraped,2026-07-11T18:42:19.376013,
65be323915f4cc1c,https://mc.linkedin.com/jobs/view/fashion-advisor-at-elie-saab-4438644490,Fashion Advisor,,scraped,2026-07-11T20:58:40.779293,
32564dfa932eddc3,https://fr.linkedin.com/jobs/view/alternance-assistant-e-du-responsable-marketing-h-f-at-isim-4437056639,Alternance Assistant(e) du responsable marketing H/F,ISIM,posted,2026-07-11T20:59:09.064953,800
555afb17a129df0a,https://fr.linkedin.com/jobs/view/werken-bij-nps-yachting-at-lumipol-group-4439541283,Werken bij NPS Yachting,,scraped,2026-07-11T21:00:17.672937,
1a5417af7642143a,https://fr.linkedin.com/jobs/view/conseiller-location-et-d%C3%A9veloppement-h-f-at-citya-immobilier-4389758398,Conseiller location et développement H/F,,scraped,2026-07-11T21:00:30.971550,
e4fccd60c27e7ccc,https://fr.linkedin.com/jobs/view/alternance-assistant-e-du-directeur-rh-h-f-at-isim-4437052820,Alternance - Assistant(e) du Directeur RH H/F,ISIM,posted,2026-07-11T21:01:37.741784,802
b9ee6682cb42c329,https://fr.linkedin.com/jobs/view/gestionnaire-administrative-et-rh-h-f-at-admr-des-alpes-maritimes-4436201159,Gestionnaire administrative et RH H/F,ADMR des Alpes-Maritimes,posted,2026-07-11T21:02:35.748817,804
53401344b8937ef5,https://fr.linkedin.com/jobs/view/el-broche-de-oro-al-trabajo-del-electromercantil-gr100-ciclistas-en-mundiales-con-espa%C3%B1a-at-infoprovincia-4439554013,EL BROCHE DE ORO AL TRABAJO DEL ELECTROMERCANTIL-GR100: CICLISTAS EN MUNDIALES CON ESPAÑA,,scraped,2026-07-11T21:02:44.321653,
e2a79c185ce4faf5,https://fr.linkedin.com/jobs/view/responsable-bar-h-f-at-v-and-b-4437934542,Responsable Bar (H/F),,scraped,2026-07-11T21:03:13.906398,
d0ea711ecd97568f,https://fr.linkedin.com/jobs/view/chef-fe-de-partie-f-h-at-eleni-group-4438636811,Chef.fe de partie F/H,,scraped,2026-07-11T21:03:58.410430,
ecfee2929b3b7109,https://fr.linkedin.com/jobs/view/conseiller-client%C3%A8le-particuliers-h-f-at-lcl-4439558476,Conseiller clientèle Particuliers H/F,,scraped,2026-07-11T21:04:07.409858,
aac396e0f3d73395,https://fr.linkedin.com/jobs/view/collaborateur-comptable-confirm%C3%A9-h-f-at-%C5%8Ddas-conseil-4439365655,Collaborateur comptable confirmé (H/F),ŌDAS CONSEIL,posted,2026-07-11T21:04:43.446617,806
b42afdc1990ab406,https://fr.linkedin.com/jobs/view/stagiaire-charg%C3%A9-d-affaires-f-h-nice-btp-at-cr%C3%A9dit-coop%C3%A9ratif-4399996802,Stagiaire Chargé d'Affaires F/H- Nice- BTP,,scraped,2026-07-11T21:04:50.086593,
5d619f5d48927d91,https://fr.linkedin.com/jobs/view/vendeur-se-v%C3%A9hicules-d-occasion-h-f-at-volkswagen-group-retail-france-4438918690,Vendeur.se Véhicules d'Occasion (H/F),,scraped,2026-07-11T21:05:03.423005,
a12e7acdd0f464bd,https://fr.linkedin.com/jobs/view/auxiliaire-de-vie-h-f-sur-saint-laurent-du-var-at-groupe-proseniors-4439073814,Auxiliaire de Vie H/F sur Saint-Laurent-du-Var,,scraped,2026-07-11T21:05:18.193831,
0e5fff9e0b00f7a7,https://fr.linkedin.com/jobs/view/auxiliaire-de-vie-h-f-sur-saint-laurent-du-var-at-groupe-proseniors-4439084575,Auxiliaire de Vie H/F sur Saint-Laurent-du-Var,,scraped,2026-07-11T21:05:27.304784,
a43c61ace3c7b9ca,https://fr.linkedin.com/jobs/view/workplace-technical-manager-at-arm-4420964406,Workplace Technical Manager,,scraped,2026-07-11T21:05:38.362491,
b46b845fc1d5a3ba,https://it.linkedin.com/jobs/view/farmacista-a-sanremo-imperia-at-lafarmaciapunto-b-corp-4439311900,Farmacista a Sanremo (Imperia),Lafarmaciapunto | B Corp,posted,2026-07-11T21:05:59.101158,808
f27b2b588757f805,https://fr.linkedin.com/jobs/view/agent-planning-4438196629,Agent planning,FLASH AZUR VOYAGES,posted,2026-07-11T21:06:09.532739,810
7301fab86ac34e5a,https://fr.linkedin.com/jobs/view/coach-bricolage-%C3%A0-domicile-passionn%C3%A9-e-de-vis-et-de-bonne-humeur-%3F-at-mon-coach-brico-4439566595,Coach Bricolage à domicile - Passionné(e) de vis et de bonne humeur ?,,scraped,2026-07-11T21:06:16.191854,
066bbe62a4bb1055,https://fr.linkedin.com/jobs/view/foundations-architect-h-f-nb-at-keyrus-4437058998,Foundations Architect (H/F/NB),,scraped,2026-07-11T21:06:23.080908,
d1f597a2a244f80f,https://fr.linkedin.com/jobs/view/p%C3%A2tissier-f-h-at-carrefour-4436627829,Pâtissier (F/H),Carrefour,posted,2026-07-11T21:06:41.383398,812
0d3862469c26de59,https://fr.linkedin.com/jobs/view/vendeur-outillage-h-f-nice-centre-at-ciffr%C3%A9o-bona-4437973689,Vendeur outillage H/F Nice Centre,,scraped,2026-07-11T21:06:48.005010,
f6fba723c3e0dcfb,https://fr.linkedin.com/jobs/view/employ%C3%A9e-employ%C3%A9-de-caisse-accueil-at-monoprix-4438943067,"Employée, employé de caisse accueil",,scraped,2026-07-11T21:06:55.147186,
1a4de01b9b1b760f,https://fr.linkedin.com/jobs/view/apprentice-hr-legal-counsel-24-months-or-12-at-amadeus-4437978260,Apprentice HR legal counsel - 24 months (or 12),,scraped,2026-07-11T21:07:08.243888,
eed0054fbbb11f4f,https://fr.linkedin.com/jobs/view/auditeur-financier-exp%C3%A9riment%C3%A9-f-h-at-kpmg-france-4439577743,Auditeur financier expérimenté (F/H),,scraped,2026-07-11T21:07:15.557252,
b9109981da58fe23,https://fr.linkedin.com/jobs/view/alternance-responsable-de-secteur-aide-a-domicile-h-f-at-vitalliance-4430982269,Alternance Responsable de secteur aide a domicile H/F,,scraped,2026-07-11T21:07:25.142517,
3881841ae672fbc3,https://fr.linkedin.com/jobs/view/agent-d-entretien-plongeur-h-f-at-wink-4438932733,Agent d'entretien / Plongeur (H/F),,scraped,2026-07-11T21:07:34.871038,
275ace5eef2b9297,https://mc.linkedin.com/jobs/view/recruiter-research-consultant-at-white-castle-partners-4440007259,Recruiter - Research Consultant,,scraped,2026-07-13T12:26:07.070890,
4ec73fb924e7306c,https://mc.linkedin.com/jobs/view/graphic-designer-at-the-agency-digital-marketing-4439568252,GRAPHIC DESIGNER,,scraped,2026-07-13T12:26:47.488883,
cec58f9d622f1351,https://fr.linkedin.com/jobs/view/american-vintage-distribution-de-magazine-at-plany-4439001032,AMERICAN VINTAGE - DISTRIBUTION DE MAGAZINE,,scraped,2026-07-13T12:26:53.799264,
d89166be82673c68,https://fr.linkedin.com/jobs/view/airport-passenger-support-freelance-at-flighthelp-4438362252,Airport Passenger Support (Freelance),FlightHelp,posted,2026-07-13T12:27:18.645513,814
9551891c0238bc70,https://fr.linkedin.com/jobs/view/expert-en-gestion-d-entreprise-h-f-at-gcl-l-innovation-dans-l-accompagnement-des-entreprises-4439544557,EXPERT EN GESTION D'ENTREPRISE H/F,,scraped,2026-07-13T12:27:21.345318,
6d6295fe7d4b51d8,https://fr.linkedin.com/jobs/view/professeur-d%E2%80%99enseignement-artistique-h-f-formation-musicale-antenne-de-bastia-at-ffea-f%C3%A9d%C3%A9ration-fran%C3%A7aise-de-l-education-et-de-l-enseignement-artistique-4435978681,Professeur d’enseignement artistique (H/F) - Formation musicale - antenne de Bastia,FFEA - Fédération Française de l'Education et de l'Enseignement Artistique,posted,2026-07-13T12:27:46.565754,816
0c83b7b949813b32,https://fr.linkedin.com/jobs/view/alternance-%E2%80%94-infographiste-bat-pr%C3%A9presse-h-f-at-exhibit-group-4439050566,ALTERNANCE — Infographiste BAT & Prépresse (H/F),,scraped,2026-07-13T12:27:51.259518,
6786f12be13c83f2,https://mc.linkedin.com/jobs/view/collaborateur-juridique-droit-des-affaires-h-f-at-tercio-rh-4364415226,Collaborateur Juridique Droit des Affaires (h/f),,scraped,2026-07-13T12:28:03.323302,
5208835e2383889b,https://mc.linkedin.com/jobs/view/stage-coordinateur-coordinatrice-administratif-cuisine-6-mois-%C3%A0-partir-d-octobre-2026-at-fairmont-hotels-resorts-4437541932,Stage Coordinateur/ Coordinatrice Administratif Cuisine - 6 mois à partir d'octobre 2026,Fairmont Hotels &amp; Resorts,posted,2026-07-13T12:28:19.568460,818
bd109adfe1bf8906,https://mc.linkedin.com/jobs/view/assistant-conformit%C3%A9-h-f-at-lcl-4439551793,Assistant conformité H/F,,scraped,2026-07-13T12:28:26.196938,
7c2a23c3a45a6f4d,https://mc.linkedin.com/jobs/view/researcher-documentary-journalist-4439753100,researcher/documentary journalist,NLIGHT MONACO,posted,2026-07-13T12:28:40.178066,820
51e63c2e8476988b,https://mc.linkedin.com/jobs/view/stage-conseiller-de-vente-h-f-mode-mai-2026-monaco-at-chanel-4329479744,STAGE - Conseiller de Vente H/F (Mode) - Mai 2026 (Monaco),CHANEL,posted,2026-07-13T12:28:58.028605,822
dc57a60bbfaa68a4,https://mc.linkedin.com/jobs/view/compliance-officer-monaco-at-wealth-effect-management-4437274519,Compliance Officer / Monaco,,scraped,2026-07-13T12:29:00.692110,
4d161e524cc0364f,https://mc.linkedin.com/jobs/view/assistant-e-secr%C3%A9taire-de-direction-f-h-monaco-at-deloitte-4389805160,Assistant(e) / Secrétaire de Direction (F/H) - Monaco,Deloitte,posted,2026-07-13T12:29:27.865466,824
1f4cb2b963665ded,https://fr.linkedin.com/jobs/view/employe-polyvalent-de-restauration-h-f-at-mediance-4438213062,EMPLOYE POLYVALENT DE RESTAURATION H/F,Mediance,posted,2026-07-13T12:29:37.503975,826
59ebc8abe33cff9c,https://fr.linkedin.com/jobs/view/it-operations-manager-at-nikki-beach-hospitality-group-4439314968,IT Operations Manager,Nikki Beach Hospitality Group,posted,2026-07-13T12:29:49.477347,828
8c2341ef726e18d2,https://fr.linkedin.com/jobs/view/technicien-ne-m%C3%A9trologie-contr%C3%B4le-qualit%C3%A9-pcb-h-f-at-synergie-cad-group-4435955432,Technicien.ne Métrologie & Contrôle Qualité PCB H/F,,scraped,2026-07-13T12:29:58.234532,
8210467f1ef31264,https://fr.linkedin.com/jobs/view/responsable-unit%C3%A9-r%C3%A9seaux-equipements-d-information-h-f-at-a%C3%A9roports-de-la-c%C3%B4te-d-azur-4439005566,Responsable Unité Réseaux & Equipements d'Information H/F,,scraped,2026-07-13T12:30:06.282410,
0b2ec3a930d482c8,https://fr.linkedin.com/jobs/view/responsable-production-usine-eau-potable-nice-littoral-h-f-at-eau-d-azur-4439060283,RESPONSABLE PRODUCTION USINE EAU POTABLE NICE LITTORAL H/F,Eau d'Azur,posted,2026-07-13T12:30:33.625565,830
5b7c54e82d70c1c2,https://fr.linkedin.com/jobs/view/operateur-polyvalent-de-conditionnement%0A-h-f-at-pns-interim-4439717518,"OPERATEUR POLYVALENT DE CONDITIONNEMENT
(H/F)",PNS INTERIM,posted,2026-07-13T12:30:54.533716,832
940036ab2ee5fc3b,https://fr.linkedin.com/jobs/view/fr-specialist-fixed-term-contracts-full-time-and-part-time-at-apple-4414161427,"FR - Specialist: Fixed Term Contracts, Full-time and Part-time",Apple,posted,2026-07-13T12:31:07.537614,834
6b45add54f51d9d7,https://fr.linkedin.com/jobs/view/commercial-b2c-h-f-at-groupe-santiane-4437854034,Commercial B2C H/F,Groupe Santiane,posted,2026-07-13T12:31:32.215698,836
ae1aa77f1fdec0f5,https://fr.linkedin.com/jobs/view/pr%C3%A9parateur-de-commandes-h-f-cdd-saison-nice-06-at-the-heineken-company-4439143747,Préparateur de commandes H/F - CDD saison - Nice (06),The HEINEKEN Company,posted,2026-07-13T12:31:47.598406,838
54ce5328654daeac,https://fr.linkedin.com/jobs/view/assistant-comptable-%C3%A9volutif-h-f-at-%C5%8Ddas-conseil-4439361870,Assistant comptable évolutif (H/F),ŌDAS CONSEIL,posted,2026-07-13T12:31:58.257705,840
472f44ed8acf1f99,https://mc.linkedin.com/jobs/view/chef-de-section-cheffe-de-section-at-gouvernement-monaco-4440009023,Chef de section/Cheffe de section,,scraped,2026-07-13T12:32:04.889325,
7dd93d66a2cbbc3f,https://fr.linkedin.com/jobs/view/conseiller-commercial-en-alternance-f-h-at-walter-learning-4439597407,Conseiller commercial en alternance F/H,,scraped,2026-07-13T12:32:32.696574,
c9cbd963973a2534,https://fr.linkedin.com/jobs/view/vendeur-se-v%C3%A9hicules-neufs-h-f-at-volkswagen-group-retail-france-4419065954,Vendeur.se Véhicules Neufs (H/F),,scraped,2026-07-13T12:32:55.334983,
bfa2ab3b38560137,https://fr.linkedin.com/jobs/view/chauffeur-pl-h-f%0A-h-f-at-pns-interim-4439715539,"Chauffeur PL H/F
(H/F)",PNS INTERIM,posted,2026-07-13T12:33:43.654815,842
9717793b3bd4a419,https://fr.linkedin.com/jobs/view/agent-d-entretien-h-f-at-clinitex-groupe-4439544818,Agent d'entretien H/F,,scraped,2026-07-13T12:33:46.300121,
64ef2b1e1d1f8439,https://fr.linkedin.com/jobs/view/administrateur-commercial-f-h-at-kereis-solutions-4437990878,Administrateur commercial F/H,,scraped,2026-07-13T12:33:58.129423,
cc5531c7c3729fb7,https://mc.linkedin.com/jobs/view/chef-de-projet-g%C3%A9odata-h-f-cdd-monaco-at-inforca-4437969818,Chef de projet GéoData H/F - CDD - Monaco,,scraped,2026-07-13T12:34:04.561233,
eb71720598fea1ee,https://fr.linkedin.com/jobs/view/m%C3%A9canicien-automobile-h-f-at-retail-renault-group-4438989802,Mécanicien automobile H/F,Retail Renault Group,posted,2026-07-13T12:34:24.433934,844
4a55af94b0683bbc,https://fr.linkedin.com/jobs/view/responsable-marketing-communication-45-75k%E2%82%AC-at-mantra-jobs-4440010652,Responsable Marketing & Communication (45-75k€),,scraped,2026-07-13T12:34:29.102035,
10f577e0e87b1a51,https://fr.linkedin.com/jobs/view/auxiliaire-de-pu%C3%A9riculture-at-babilou-4437400336,Auxiliaire de puériculture,,scraped,2026-07-13T12:34:41.187948,
4ef5e1588b3d7fa0,https://mc.linkedin.com/jobs/view/intern-%E2%80%93-advisory-sales-a-s-%E2%80%93-6-months-at-ubs-4430967969,Intern – Advisory & Sales (A&S) – 6 months,UBS,posted,2026-07-13T12:34:59.301412,846
e4ca76e3222874ff,https://fr.linkedin.com/jobs/view/menuisier-bois-h-f%0A-h-f-at-pns-interim-4439721345,"Menuisier Bois H/F
(H/F)",PNS INTERIM,posted,2026-07-13T12:35:11.631156,848
4a8a999fc7a2e226,https://fr.linkedin.com/jobs/view/d%C3%A9veloppeur-fullstack-nodejs-reactjs-h-f-at-digway-4437327789,Développeur Fullstack NodeJS / ReactJS (H/F),,scraped,2026-07-13T12:35:22.453973,
20df4882a0b15605,https://fr.linkedin.com/jobs/view/charg%C3%A9-d-accueil-office-manager-at-atelier-allione-architects-4439790526,CHARGÉ D'ACCUEIL / OFFICE MANAGER,Atelier Allione Architects,posted,2026-07-13T12:35:41.498263,850
ec98ac506d24b6a3,https://fr.linkedin.com/jobs/view/alternant-e-commercial-e-b2b-at-prod%C3%A9pannage-4439546471,Alternant(e) Commercial(e) B2B,,scraped,2026-07-13T12:35:58.152112,
4665a81190b6e374,https://fr.linkedin.com/jobs/view/mecanicien-auto-h-f%0A-h-f-at-pns-interim-4439713521,"MECANICIEN AUTO H/F
(H/F)",PNS INTERIM,posted,2026-07-13T12:36:23.222960,852
d7abfc9ecef67ed3,https://fr.linkedin.com/jobs/view/responsable-adjoint-magasin-h-f-at-hema-france-4437998356,Responsable adjoint magasin H/F,HEMA FRANCE,posted,2026-07-13T12:36:40.370053,854
fa1f3038bdda6de9,https://fr.linkedin.com/jobs/view/assistant-ressources-humaines-en-alternance-f-h-at-walter-learning-4439396591,Assistant Ressources Humaines en alternance F/H,,scraped,2026-07-13T12:36:57.173055,
be151f25bbd302d0,https://fr.linkedin.com/jobs/view/alternance-charg%C3%A9-e-de-d%C3%A9veloppement-commercial-h-f-at-isim-4439156062,Alternance - Chargé(e) de Développement Commercial H/F,ISIM,posted,2026-07-13T12:37:27.557876,856
15f7d9ffaf53e7aa,https://fr.linkedin.com/jobs/view/alternance-vendeur-conseil-h-f-at-isim-4437374686,Alternance Vendeur Conseil H/F,ISIM,posted,2026-07-13T12:37:44.450577,323
9e8a9329d97ebb47,https://fr.linkedin.com/jobs/view/technicien-piscine-h-f%0A-h-f-at-pns-interim-4439729046,"Technicien piscine H/F
(H/F)",PNS INTERIM,posted,2026-07-13T12:37:56.628669,858
ed61a605d6086c37,https://fr.linkedin.com/jobs/view/conseiller-immobilier-at-marchal-immobilier-4440010052,Conseiller immobilier,MARCHAL IMMOBILIER,posted,2026-07-13T12:38:13.252724,860
1c74c2a4f00e0a98,https://fr.linkedin.com/jobs/view/alternance-assistant-e-gestion-du-b%C3%A2timent-at-in-li-paca-corse-4401930064,Alternance - Assistant(e) Gestion du Bâtiment,,scraped,2026-07-13T12:38:15.996191,
82e5f312c6d85071,https://fr.linkedin.com/jobs/view/spanish-sales-account-representative-sofia-bulgaria-hybrid-w-relocation-at-tavrion-dynamics-4437950165,"Spanish Sales Account Representative - Sofia, Bulgaria (Hybrid) w/ Relocation",Tavrion Dynamics,posted,2026-07-13T12:38:31.959165,862
7c991cff53a5d196,https://fr.linkedin.com/jobs/view/gestionnaire-de-paie-en-alternance-f-h-at-walter-learning-4439594556,Gestionnaire de Paie en alternance F/H,,scraped,2026-07-13T12:38:36.770986,
14f0fef287c78aff,https://fr.linkedin.com/jobs/view/alternance-animateur-trice-de-vente-h-f-at-isim-4437066393,Alternance Animateur (trice) de Vente H/F,ISIM,posted,2026-07-13T12:38:47.938400,717
5ee46a73945e9018,https://fr.linkedin.com/jobs/view/assistant-e-administratif-ve-fiscaliste-h-f-at-asd-group-4438604812,Assistant(e) Administratif(ve) Fiscaliste - H/F,,scraped,2026-07-13T12:38:50.679690,
b02110dfee45ae35,https://fr.linkedin.com/jobs/view/chef-magasin-principal-boucher-h-f-at-grand-frais-4438905550,CHEF MAGASIN PRINCIPAL BOUCHER - H/F,,scraped,2026-07-13T12:39:02.860241,
4c5e807fc8bf5b52,https://fr.linkedin.com/jobs/view/ing%C3%A9nieur-%C3%A9tudes-et-d%C3%A9veloppement-java-h-f-at-digway-4437350048,Ingénieur études et développement Java (H/F),,scraped,2026-07-13T12:39:26.529411,
c3aa1617c1ded40e,https://fr.linkedin.com/jobs/view/apprenti-e-technicien-ne-en-g%C3%A9nie-climatique-h-f-h-f-en-apprentissage-at-cfa-du-b%C3%A2timent-aix-en-provence-4438891862,Apprenti(e) Technicien(ne) en génie climatique H/F (H/F) en Apprentissage,,scraped,2026-07-13T12:39:33.812509,
4783e918e320d75f,https://mc.linkedin.com/jobs/view/french-speaking-customer-support-specialist-at-talentpop-app-4434890299,French-Speaking Customer Support Specialist,TalentPop App,posted,2026-07-13T12:39:45.564025,241
24fd9e772f48f78d,https://mc.linkedin.com/jobs/view/french-english-customer-support-associate-at-talentpop-app-4434872592,French-English Customer Support Associate,TalentPop App,posted,2026-07-13T12:40:13.054317,473
677f7278515638e7,https://fr.linkedin.com/jobs/view/plombier-h-f%0A-h-f-at-pns-interim-4439708863,"PLOMBIER H/F
(H/F)",PNS INTERIM,posted,2026-07-13T12:40:31.437626,864
e4ced92df8d609c1,https://fr.linkedin.com/jobs/view/chef-de-mission-expertise-comptable-h-f-at-%C5%8Ddas-conseil-4439370389,Chef de Mission expertise comptable (H/F),ŌDAS CONSEIL,posted,2026-07-13T12:40:37.111554,723
36e151a1bcdab61d,https://fr.linkedin.com/jobs/view/babysitter-%C3%A0-domicile-f-h-at-babychou-services-4439795689,Babysitter à domicile F/H,,scraped,2026-07-13T12:40:39.714117,
db9d082520d208df,https://fr.linkedin.com/jobs/view/animateur-kids-club-h-f-at-i-love-kids-club-4438913963,Animateur Kids Club H/F,I Love Kids Club,posted,2026-07-13T12:40:50.465087,393
cce6af2bb6486eec,https://fr.linkedin.com/jobs/view/aide-m%C3%A9nager-aide-m%C3%A9nag%C3%A8re-h-f-at-centre-services-4437985877,Aide ménager / aide ménagère (H/F),,scraped,2026-07-13T12:40:59.096953,
88aa5043419617b7,https://fr.linkedin.com/jobs/view/agent-d-entretien-plongeur-h-f-at-wink-4438972989,Agent d'entretien / Plongeur (H/F),,scraped,2026-07-13T12:41:16.569297,
371ca806c6c35065,https://fr.linkedin.com/jobs/view/vendeur-polyvalent-h-f-cannes-at-ciffr%C3%A9o-bona-4437978190,Vendeur polyvalent H/F Cannes,,scraped,2026-07-13T12:41:27.326714,
e05be2b638284fa2,https://fr.linkedin.com/jobs/view/ing%C3%A9nieur-e-d%C3%A9veloppement-c%2B%2B-sophia-antipolis-f-h-at-randstad-digital-france-4438302911,Ingénieur(e) Développement C++ - Sophia Antipolis (F/H),,scraped,2026-07-13T12:41:36.653869,
32e52676c5e87b94,https://fr.linkedin.com/jobs/view/agent-de-location-bateaux-at-rent-my-boat-4440011541,Agent de location bateaux,RENT MY BOAT,posted,2026-07-13T12:41:56.953570,866
47cda5652667958e,https://fr.linkedin.com/jobs/view/conseiller-vente-immobilier-h-f-mouans-sartoux-at-guy-hoquet-l-immobilier-4438595739,Conseiller vente immobilier (H/F) Mouans-Sartoux,,scraped,2026-07-13T12:41:59.670160,
da3108dcdd0103b7,https://fr.linkedin.com/jobs/view/assistant-store-manager-nice-at-joe-the-juice-4439103749,Assistant Store Manager - Nice,,scraped,2026-07-13T12:42:08.676107,
69cface25ed39fb9,https://fr.linkedin.com/jobs/view/m%C3%A9decin-g%C3%A9riatre-ou-g%C3%A9n%C3%A9raliste-%E2%80%94-h-f-at-univi-4437223512,Médecin Gériatre ou Généraliste — H/F,,scraped,2026-07-13T12:42:15.208949,
b7072fc11aa0d105,https://fr.linkedin.com/jobs/view/store-manager-nice-at-joe-the-juice-4439102913,Store Manager - Nice,,scraped,2026-07-13T12:42:24.760656,
47eb1972844bb84c,https://fr.linkedin.com/jobs/view/gouvernant-e-ville-d%C3%A9partement-h-f-at-emeis-4381668242,Gouvernant.e - Ville (département) H/F,emeis,posted,2026-07-13T12:42:42.645269,868
74df6b926184a2e5,https://fr.linkedin.com/jobs/view/carrossier-peintre-h-f%0A-h-f-at-pns-interim-4439715542,"CARROSSIER/ PEINTRE H/F
(H/F)",PNS INTERIM,posted,2026-07-13T12:42:52.426143,870
974fea77df1ef66d,https://fr.linkedin.com/jobs/view/aide-m%C3%A9dico-psychologique-accompagnant-educatif-et-social-h-f-en-cdd-3-mois-at-apreh-4438343823,Aide Médico-Psychologique/Accompagnant Educatif et Social (H/F) en CDD (3 mois),,scraped,2026-07-13T12:43:07.059145,
1d54d648173bb7ec,https://fr.linkedin.com/jobs/view/alternance-communication-%E2%80%93-r%C3%A9seaux-sociaux-%E2%80%93-secr%C3%A9tariat-h-f-at-openclassrooms-4430972793,Alternance COMMUNICATION – RÉSEAUX SOCIAUX – SECRÉTARIAT (H/F),OpenClassrooms,posted,2026-07-13T12:43:30.538340,872
ac0511346fc17922,https://fr.linkedin.com/jobs/view/ferronnier-menuisier-h-f-h-f-en-apprentissage-at-cfa-du-b%C3%A2timent-aix-en-provence-4439006153,Ferronnier / Menuisier (H/F) (H/F) en Apprentissage,,scraped,2026-07-13T12:43:39.188593,
70af806bda60fa1f,https://fr.linkedin.com/jobs/view/field-support-specialist-freelance-dispatch-at-teceze-4439147229,Field Support Specialist  ( Freelance / Dispatch),TECEZE,posted,2026-07-13T12:43:49.314677,563
0968e8c902d902d0,https://fr.linkedin.com/jobs/view/chef-de-partie-h-f-x-at-novotel-hotels-4438900310,Chef de Partie (H/F/X),,scraped,2026-07-13T12:43:52.107345,
0ce49754dddc8ee2,https://fr.linkedin.com/jobs/view/contr%C3%B4leur-de-gestion-international-cdd-h-f-at-olyos-group-4437564168,Contrôleur de Gestion international CDD H/F,,scraped,2026-07-13T12:43:59.947763,
8ddeef96dd11e2e1,https://fr.linkedin.com/jobs/view/job-etudiant-temps-partiel-vendeur-h-f-at-feu-vert-france-4439146350,Job Etudiant Temps partiel - Vendeur H/F,,scraped,2026-07-13T12:44:10.993145,
3700fe557b50d849,https://fr.linkedin.com/jobs/view/alternant-expertise-comptable-conseil-f-h-at-rydge-conseil-4439339575,Alternant Expertise Comptable Conseil F/H,RYDGE Conseil,posted,2026-07-13T12:44:28.089034,874
05ab55a7cc3b3bfb,https://fr.linkedin.com/jobs/view/acheteur-f-h-randstad-professional-at-aerocontact-4438629715,ACHETEUR (F/H) - Randstad professional,AEROCONTACT.COM,posted,2026-07-13T12:44:44.397195,876
6eabc890b94f7723,https://fr.linkedin.com/jobs/view/dentiste-st-laurent-du-var-cap-3000-6-at-wink-4438932785,Dentiste - St. Laurent du Var Cap 3000 6,,scraped,2026-07-13T12:44:47.023610,
f5098f19cb742442,https://mc.linkedin.com/jobs/view/operations-hsse-manager-at-sbm-offshore-4429321193,Operations HSSE Manager,,scraped,2026-07-13T12:44:53.667093,
bbf08dae522ab471,https://fr.linkedin.com/jobs/view/expert-comptable-stagiaire-ou-m%C3%A9morialiste-h-f-at-%C5%8Ddas-conseil-4438830785,Expert comptable stagiaire ou mémorialiste (H/F),ŌDAS CONSEIL,posted,2026-07-13T12:45:11.791643,878
0a1fce45e4f339be,https://fr.linkedin.com/jobs/view/receptionnaire-atelier-h-f-at-feu-vert-france-4439137533,RECEPTIONNAIRE ATELIER H/F,,scraped,2026-07-13T12:45:14.638993,
5350b27457696fab,https://fr.linkedin.com/jobs/view/stock-keeper-at-boggi-milano-4438945532,Stock Keeper,,scraped,2026-07-13T12:45:21.637011,
083161ed2a26966c,https://fr.linkedin.com/jobs/view/alternance-assistant-charg%C3%A9-de-gestion-planification-f-h-at-france-televisions-svod-4439756427,Alternance - Assistant Chargé de gestion - Planification (F-H),FRANCE TELEVISIONS SVOD,posted,2026-07-13T12:45:42.755643,880
4fa78a5d750dc4cb,https://mc.linkedin.com/jobs/view/consultant-conformit%C3%A9-pki-h-f-at-infotel-monaco-sam-4440525409,Consultant conformité PKI H/F,,scraped,2026-07-15T09:36:42.202296,
cc0288d4aec47bfa,https://mc.linkedin.com/jobs/view/contr%C3%B4leur-de-gestion-industriel-at-novahunt-4429933206,Contrôleur de Gestion Industriel,NovaHunt,posted,2026-07-15T09:37:04.566545,882
61650df7f48c6b65,https://mc.linkedin.com/jobs/view/technicien-plombier-qualifie-h-f-at-institut-oc%C3%A9anographique-fondation-albert-ier-prince-de-monaco-4437537887,Technicien plombier qualifie H/F,,scraped,2026-07-15T09:37:07.201624,
08be84cadf015288,https://mc.linkedin.com/jobs/view/sr-lead-port-services-at-royal-caribbean-group-4440307539,"Sr. Lead, Port Services",Royal Caribbean Group,posted,2026-07-15T09:37:21.725775,884
fa02cee6046cbad7,https://mc.linkedin.com/jobs/view/redacteur-analyste-pki-h-f-%E2%80%93-monaco-%E2%80%93-cdi-at-inforca-4440941795,REDACTEUR-ANALYSTE-PKI - H/F – Monaco – CDI,,scraped,2026-07-15T09:37:24.317244,
4539bd2b113bd007,https://mc.linkedin.com/jobs/view/offshore-installation-engineer-m-w-at-parlym-4437242308,Offshore Installation Engineer - M/W,,scraped,2026-07-15T09:37:33.740621,
643399fce8039d1f,https://mc.linkedin.com/jobs/view/r%C3%A9dacteur-analyste-pki-h-f-%E2%80%93-monaco-%E2%80%93-cdi-at-inforca-4440201171,Rédacteur Analyste PKI - H/F – Monaco – CDI,,scraped,2026-07-15T09:37:40.204072,
942df15f6db5727f,https://mc.linkedin.com/jobs/view/collaborateur-comptable-confirm%C3%A9-h-f-at-tercio-rh-4437254663,collaborateur comptable confirmé (h/f),,scraped,2026-07-15T09:37:49.729315,
4de2de1df22f34ef,https://mc.linkedin.com/jobs/view/billing-coordinator-8%E2%80%939-month-contract-at-v-group-4412108448,Billing Coordinator (8–9 Month Contract),,scraped,2026-07-15T09:37:57.339316,
910089223be5c20c,https://mc.linkedin.com/jobs/view/avocat-at-frahi-avocats-4437615064,AVOCAT,,scraped,2026-07-15T09:38:03.878136,
e0ff008beb7668ea,https://mc.linkedin.com/jobs/view/alternance-assistant-e-boutique-monaco-at-cartier-4431242316,Alternance - Assistant(e) Boutique - Monaco,Cartier,posted,2026-07-15T09:38:25.035268,886
3cbc9805c80ed381,https://mc.linkedin.com/jobs/view/senior-frontend-developer-react-remote-work-at-bairesdev-4439910018,Senior Frontend Developer (React) - Remote Work,BairesDev,posted,2026-07-15T09:38:32.044862,89
857ba6b874494baf,https://mc.linkedin.com/jobs/view/juriste-junior-en-droit-des-affaires-%E2%80%93-anglais-courant-at-giraudi-group-4440011805,Juriste Junior en Droit des Affaires – Anglais courant,,scraped,2026-07-15T09:38:36.664646,
b1722d4858b1dcc7,https://fr.linkedin.com/jobs/view/professeur-d%E2%80%99enseignement-artistique-h-f-discipline-piano-antenne-d%E2%80%99ajaccio-at-ffea-f%C3%A9d%C3%A9ration-fran%C3%A7aise-de-l-education-et-de-l-enseignement-artistique-4435985376,Professeur d’enseignement artistique (H/F) - discipline piano - antenne d’Ajaccio,FFEA - Fédération Française de l'Education et de l'Enseignement Artistique,posted,2026-07-15T09:38:51.241462,888
351548502f7531f0,https://fr.linkedin.com/jobs/view/responsable-de-production-m%C3%A9canique-h-f-at-groupement-des-concessionnaires-renault-4439439026,Responsable de Production Mécanique H/F,,scraped,2026-07-15T09:38:53.891794,
fa7dd8a018de5946,https://fr.linkedin.com/jobs/view/responsable-de-d%C3%A9veloppement-commercial-h-f-at-api-restauration-4439719883,Responsable de développement commercial H/F,,scraped,2026-07-15T09:39:02.346793,
44f9b00ed26ed228,https://fr.linkedin.com/jobs/view/plongeur-en-restauration%0A-h-f-at-pns-interim-4440013231,"Plongeur en restauration
(H/F)",PNS INTERIM,posted,2026-07-15T09:39:20.608148,890
0b3ea172dd8882dd,https://fr.linkedin.com/jobs/view/secr%C3%A9taire-m%C3%A9dicale-cdd-%E2%80%94-h-f-at-univi-4436607637,Secrétaire médicale CDD — H/F,,scraped,2026-07-15T09:39:27.202091,
2cf16eb4bcb565a9,https://mc.linkedin.com/jobs/view/french-customer-support-specialist-bilingual-fr-en-non-voice-blended-remote-at-talentpop-app-4437658052,French Customer Support Specialist (Bilingual FR/EN | Non-Voice/Blended | Remote),TalentPop App,posted,2026-07-15T09:39:43.393006,389
44001bc9d7a1cf38,https://mc.linkedin.com/jobs/view/french-customer-support-specialist-bilingual-fr-en-non-voice-blended-remote-at-talentpop-app-4437649702,French Customer Support Specialist (Bilingual FR/EN | Non-Voice/Blended | Remote),TalentPop App,posted,2026-07-15T09:39:54.453527,389
3c34175f72141845,https://mc.linkedin.com/jobs/view/remote-french-bilingual-customer-support-representative-at-talentpop-app-4437656113,Remote French Bilingual Customer Support Representative,TalentPop App,posted,2026-07-15T09:40:05.709545,669
0c9abbbcfb2309eb,https://mc.linkedin.com/jobs/view/rejoignez-l-%C3%A9lite-du-support-client-bilingue-fran%C3%A7ais-anglais-%E2%80%93-100-%25-t%C3%A9l%C3%A9travail-%21-at-talentpop-app-4437645705,Rejoignez l'élite du support client bilingue (Français/Anglais) – 100 % Télétravail !,TalentPop App,posted,2026-07-15T09:40:19.754834,892
b7c6141e44241da2,https://mc.linkedin.com/jobs/view/french-bilingual-customer-service-specialist-at-talentpop-app-4437646694,French Bilingual Customer Service Specialist,TalentPop App,posted,2026-07-15T09:40:32.914117,894
3b69c2a5bb7b7de6,https://mc.linkedin.com/jobs/view/rejoignez-l-%C3%A9lite-du-support-client-bilingue-fran%C3%A7ais-anglais-%E2%80%93-100-%25-t%C3%A9l%C3%A9travail-%21-at-talentpop-app-4437642781,Rejoignez l'élite du support client bilingue (Français/Anglais) – 100 % Télétravail !,TalentPop App,posted,2026-07-15T09:40:43.168121,896
99f560b481af3f88,https://mc.linkedin.com/jobs/view/remote-french-bilingual-customer-support-representative-at-talentpop-app-4437633986,Remote French Bilingual Customer Support Representative,TalentPop App,posted,2026-07-15T09:40:48.030962,669
1f43a3a7ead1db3b,https://mc.linkedin.com/jobs/view/french-bilingual-customer-service-specialist-at-talentpop-app-4437641857,French Bilingual Customer Service Specialist,TalentPop App,posted,2026-07-15T09:40:53.144300,894
ba51fa7276733a6f,https://fr.linkedin.com/jobs/view/jardinier-paysagiste-h-f%0A-h-f-at-pns-interim-4439722324,"JARDINIER PAYSAGISTE H/F
(H/F)",PNS INTERIM,posted,2026-07-15T09:41:04.911626,898
f7151393357b6025,https://fr.linkedin.com/jobs/view/responsable-d-agence-de-travail-temporaire%0A-h-f-at-pns-interim-4440004525,"Responsable d'agence de travail temporaire
(H/F)",PNS INTERIM,posted,2026-07-15T09:41:20.632719,900
11797ce3776719c6,https://fr.linkedin.com/jobs/view/stagiaire-assistant-e-event-manager-h-f-at-groupe-barri%C3%A8re-4437284337,Stagiaire Assistant(e) Event Manager (H/F),,scraped,2026-07-15T09:41:29.362520,
1336ec639fdf8faa,https://fr.linkedin.com/jobs/view/cariste-h-f%0A-h-f-at-pns-interim-4439724243,"Cariste H/F
(H/F)",PNS INTERIM,posted,2026-07-15T09:41:43.344533,902
69474194707b193b,https://fr.linkedin.com/jobs/view/h%C3%B4te-service-client-magasin-h-f-at-leroy-merlin-4438031945,Hôte service client magasin (H/F),,scraped,2026-07-15T09:41:46.061458,
768410c9a088fb17,https://fr.linkedin.com/jobs/view/responsable-de-magasin-h-f-at-mr-bricolage-4437660835,RESPONSABLE DE MAGASIN (H/F),Mr.Bricolage,posted,2026-07-15T09:42:08.894830,904
e40cb0e4bc934397,https://mc.linkedin.com/jobs/view/internship-customer-support-customer-success-operations-monaco-on-site-at-carlo-4440040377,"INTERNSHIP: Customer Support, Customer Success & Operations (Monaco, on site)",,scraped,2026-07-15T09:42:21.460343,
e02888bdcd815c95,https://fr.linkedin.com/jobs/view/assistant-de-direction-assistante-de-direction-at-it-solutions-factory-4440053464,Assistant de direction/Assistante de direction,,scraped,2026-07-15T09:42:32.818063,
c58faeb6b8d35de8,https://fr.linkedin.com/jobs/view/responsable-de-secteur-chr-prestige-%C2%A0-r%C3%A9gion-paca-h-f-at-vidal-associates-consulting-search-4437243689,Responsable de secteur CHR Prestige  - Région PACA (H/F),,scraped,2026-07-15T09:42:46.094934,
77f1a8d4b4195f06,https://fr.linkedin.com/jobs/view/surveillant-de-nuit-h-f-at-fondation-perce-neige-4439414438,Surveillant de nuit (H/F),,scraped,2026-07-15T09:43:09.214239,
06fafac32f821432,https://fr.linkedin.com/jobs/view/r%C3%A9ceptionnaire-apr%C3%A8s-vente-carrosserie-h-f-at-retail-renault-group-4439812609,Réceptionnaire après-vente carrosserie H/F,Retail Renault Group,posted,2026-07-15T09:43:30.763171,906
8f3e9f05e2313a60,https://fr.linkedin.com/jobs/view/p%C3%A9diatre-h-f-en-compl%C3%A9ment-d-activit%C3%A9-at-talent-sourcing-4440344331,Pédiatre H/F en complément d'activité,Talent Sourcing,posted,2026-07-15T09:43:40.589668,908
889ba8237703f877,https://fr.linkedin.com/jobs/view/owner-at-learn-to-get-hired-4440952066,Owner,Learn to Get Hired,posted,2026-07-15T09:43:52.722571,910
4f8f2a557041cb34,https://fr.linkedin.com/jobs/view/commis-de-cuisine-pizza-h-f-bijou-plage-experimental-at-experimental-4439489605,Commis de cuisine Pizza H/F - Bijou Plage Experimental,,scraped,2026-07-15T09:43:55.389227,
3bee5812e36ddd1f,https://fr.linkedin.com/jobs/view/conseiller-de-vente-h-f-35h-at-oka%C3%AFdi-4439581948,Conseiller de vente h/f 35h,OKAÏDI,posted,2026-07-15T09:44:14.151341,912
02f41f8fef562de9,https://fr.linkedin.com/jobs/view/r%C3%A9ceptionniste-tournant-saisonnier-h-f-at-accor-4439452641,Réceptionniste Tournant Saisonnier H/F,Accor,posted,2026-07-15T09:44:32.133639,914
18ef9311e5e6a841,https://fr.linkedin.com/jobs/view/ing%C3%A9nieur-qualit%C3%A9-en9100-h-f-at-l-usine-nouvelle-4437666203,Ingénieur Qualité EN9100 (H/F),L'Usine Nouvelle,posted,2026-07-15T09:44:54.772990,916
ac274f9228db1d7b,https://fr.linkedin.com/jobs/view/aide-m%C3%A9nager%0A-h-f-at-pns-interim-4439726185,"Aide ménager
(H/F)",PNS INTERIM,posted,2026-07-15T09:45:14.870934,918
a35c11bba4c9109b,https://fr.linkedin.com/jobs/view/monteur-cableur-h-f%0A-h-f-at-pns-interim-4439727175,"MONTEUR CABLEUR H/F
(H/F)",PNS INTERIM,posted,2026-07-15T09:45:26.745950,920
b76a6a78320232dd,https://fr.linkedin.com/jobs/view/responsable-r%C3%A9gional-commercial-nsa-h-f-at-otis-elevator-co-4438917508,Responsable Régional Commercial - NSA (H/F),Otis Elevator Co.,posted,2026-07-15T09:45:44.388311,922
6d89c877c438baa4,https://fr.linkedin.com/jobs/view/employe-de-rayon-epicerie-h-f-at-grand-frais-4438334231,EMPLOYE DE RAYON EPICERIE H/F,,scraped,2026-07-15T09:45:49.036641,
ffe0f7d868b28305,https://fr.linkedin.com/jobs/view/chauffeur-pl-bras-de-grue-h-f%0A-h-f-at-pns-interim-4439719370,"Chauffeur PL Bras de Grue H/F
(H/F)",PNS INTERIM,posted,2026-07-15T09:46:06.361219,924
fdd6063fc6125035,https://fr.linkedin.com/jobs/view/architecte-d%C3%A9corateur-int%C3%A9rieur-concepteur-espace-de-vie-f-h-at-concepteur-vendeur-4440538200,Architecte décorateur intérieur / concepteur espace de vie F/H,,scraped,2026-07-15T09:46:09.072448,
d642051dfdb626f7,https://fr.linkedin.com/jobs/view/french-customer-specialist-in-lisbon-relocation-package-at-blueview-talent-4439968323,French Customer Specialist in Lisbon | Relocation Package,BlueView Talent,posted,2026-07-15T09:46:27.663107,926
1542f972bc181918,https://fr.linkedin.com/jobs/view/night-auditor-r%C3%A9ceptionniste-de-nuit-h-f-at-accor-4439104257,Night Auditor / Réceptionniste de Nuit H/F,Accor,posted,2026-07-15T09:46:41.678964,928
501e37f776afcf04,https://mc.linkedin.com/jobs/view/stage-ev%C3%A8nementiel-6-mois-%C3%A0-partir-d-ao%C3%BBt-2026-at-fairmont-hotels-resorts-4439456397,Stage Evènementiel - 6 mois à partir d'août 2026,Fairmont Hotels &amp; Resorts,posted,2026-07-15T09:46:53.907653,930
8255d889a808d6cf,https://fr.linkedin.com/jobs/view/professeur-e-clarinette-at-ffea-f%C3%A9d%C3%A9ration-fran%C3%A7aise-de-l-education-et-de-l-enseignement-artistique-4435977674,PROFESSEUR(E) CLARINETTE,FFEA - Fédération Française de l'Education et de l'Enseignement Artistique,posted,2026-07-15T09:47:04.407754,932
e415f1fa9bdaa0f6,https://fr.linkedin.com/jobs/view/chef-de-r%C3%A9ception-h-f-at-accor-4439470076,Chef de Réception H/F,Accor,posted,2026-07-15T09:47:20.205436,934
fb64a0b3f5743ca3,https://fr.linkedin.com/jobs/view/auxiliaire-de-cr%C3%A8che-en-alternance-f-h-at-walter-learning-4439594551,Auxiliaire de Crèche en alternance F/H,,scraped,2026-07-15T09:47:46.916900,
aaaac3d8607f3cee,https://fr.linkedin.com/jobs/view/recrutement-saison-2026-at-mfr-cfa-argentonnay-79-deux-s%C3%A8vres-4439479609,RECRUTEMENT SAISON 2026,,scraped,2026-07-15T09:47:59.529698,
4d2e3d5472a6977e,https://mc.linkedin.com/jobs/view/repr%C3%A9sentant-e-du-service-%C3%A0-la-client%C3%A8le-bilingue-fran%C3%A7ais-anglais-%E2%80%94-t%C3%A9l%C3%A9travail-at-talentpop-app-4437641799,Représentant(e) du Service à la Clientèle Bilingue (Français/Anglais) — Télétravail,TalentPop App,posted,2026-07-15T09:48:19.006153,936
51ba8e91f93cfb04,https://fr.linkedin.com/jobs/view/business-manager-it-h-f-at-klanik-4429035379,Business Manager IT H/F,,scraped,2026-07-15T09:48:35.675270,
d7f0d252526dda8f,https://fr.linkedin.com/jobs/view/vendeur-se-en-rayon-charcuterie-fromagerie-h-f-at-leclerc-le-poire-sur-vie-4440534191,VENDEUR(SE) EN RAYON CHARCUTERIE-FROMAGERIE - H/F,,scraped,2026-07-15T09:48:43.586382,
34c1aaedf7f3d39b,https://mc.linkedin.com/jobs/view/gouvernante-d-%C3%A9tage-at-fairmont-hotels-resorts-4439452644,Gouvernante d'étage,Fairmont Hotels &amp; Resorts,posted,2026-07-15T09:48:58.291515,938
c25c16141c01fb9c,https://fr.linkedin.com/jobs/view/vendeuse-%C3%A0-domicile-beaut%C3%A9-t%C3%A9l%C3%A9travail-e-commerce-et-vente-directe-h-f-at-reseau-everest-4440072277,Vendeuse à domicile beauté  Télétravail E-commerce et vente directe h/f,RESEAU EVEREST,posted,2026-07-15T09:49:11.192346,940
167d4649f37e29dc,https://fr.linkedin.com/jobs/view/stagiaire-charg%C3%A9-e-de-communication-et-marque-at-ogc-nice-4315811606,Stagiaire Chargé(e) de Communication et Marque,,scraped,2026-07-15T09:49:15.871029,
a59af6a120dbef47,https://fr.linkedin.com/jobs/view/cordiste-h-f%0A-h-f-at-pns-interim-4439725213,"Cordiste H/F
(H/F)",PNS INTERIM,posted,2026-07-15T09:49:34.152694,942
9d3efc65e7b00443,https://it.linkedin.com/jobs/view/farmacista-a-sanremo-imperia-at-lafarmaciapunto-b-corp-4439316661,Farmacista a Sanremo (Imperia),Lafarmaciapunto | B Corp,posted,2026-07-15T09:49:41.046568,808
bf4597f9ea4285a0,https://fr.linkedin.com/jobs/view/agent-commercial-ind%C3%A9pendant-at-cap-martin-properties-4440009710,Agent commercial indépendant,CAP MARTIN PROPERTIES,posted,2026-07-15T09:49:52.968153,944
f90d419b75b1e52d,https://fr.linkedin.com/jobs/view/animateur-trice-de-camping-at-ecg-4440036871,Animateur(trice) de camping,,scraped,2026-07-15T09:49:55.580294,
6b5fe60e969be8d1,https://fr.linkedin.com/jobs/view/conseiller-vente-immobilier-h-f-mouans-sartoux-at-guy-hoquet-argenteuil-4435968284,Conseiller vente immobilier (H/F) Mouans-Sartoux,,scraped,2026-07-15T09:50:02.423033,
7abd66f0399d2cf7,https://fr.linkedin.com/jobs/view/gestionnaire-de-paie-confirm%C3%A9-et-conseil-social-h-f-at-%C5%8Ddas-conseil-4439378206,Gestionnaire de paie confirmé et conseil social (H/F),ŌDAS CONSEIL,posted,2026-07-15T09:50:21.275383,946
a1933f7a70f850b9,https://mc.linkedin.com/jobs/view/stage-6-mois-assistant-commercial-equipementier-sportif-septembre-2026-at-ekinsport-4440511262,STAGE 6 MOIS ASSISTANT COMMERCIAL EQUIPEMENTIER SPORTIF |  SEPTEMBRE 2026,,scraped,2026-07-15T09:50:25.905085,
bee15593e91606bf,https://fr.linkedin.com/jobs/view/boucher-en-rayon-traditionnel-libre-service-h-f-at-leclerc-le-poire-sur-vie-4440521576,BOUCHER EN RAYON TRADITIONNEL & LIBRE-SERVICE - H/F,,scraped,2026-07-15T09:50:32.735614,
a34596c55d738227,https://fr.linkedin.com/jobs/view/conseiller-commercial-vefa-cdi-h-f-nice-at-m%C3%A9dicis-immobilier-neuf-4429873146,Conseiller commercial VEFA - CDI H/F - Nice,,scraped,2026-07-15T09:50:45.061340,
d0187abc78984f3b,https://fr.linkedin.com/jobs/view/ing%C3%A9nieur-e-d%C3%A9veloppement-java-sophia-antipolis-f-h-at-randstad-digital-france-4438304812,Ingénieur(e) Développement Java - Sophia Antipolis (F/H),,scraped,2026-07-15T09:50:54.003808,
58dab42f936c8f09,https://fr.linkedin.com/jobs/view/conseiller-%C3%A8re-de-vente-30h-cdd-6-semaines-h-f-x-at-cos-4440061064,Conseiller(ère) de vente - 30h CDD (6 semaines) h/f/x,COS,posted,2026-07-15T09:51:14.560462,948
b89266c69de6378b,https://fr.linkedin.com/jobs/view/boucher-h-f-at-grand-frais-4439865986,BOUCHER - H/F,,scraped,2026-07-15T09:51:17.267798,
1033f9ae5166042c,https://fr.linkedin.com/jobs/view/hydraulicien-h-f%0A-h-f-at-pns-interim-4439724253,"Hydraulicien H/F
(H/F)",PNS INTERIM,posted,2026-07-15T09:51:36.742809,950
01136b85742bacb0,https://fr.linkedin.com/jobs/view/alternance-assistant-charg%C3%A9-de-gestion-planification-f-h-at-france-t%C3%A9l%C3%A9visions-4435975352,Alternance - Assistant Chargé de gestion - Planification (F-H),,scraped,2026-07-15T09:51:51.417059,
a2d51e1403fe5227,https://fr.linkedin.com/jobs/view/assistant-store-manager-cannes-at-joe-the-juice-4439109531,Assistant Store Manager - Cannes,,scraped,2026-07-15T09:51:58.835490,
2066d2e1866744e2,https://fr.linkedin.com/jobs/view/directeur-adjoint-conception-achats-techniques-promotion-immobili%C3%A8re-f-h-at-kaufman-and-broad-4420903919,Directeur Adjoint Conception & Achats techniques Promotion Immobilière - F/H,,scraped,2026-07-15T09:52:07.485209,
25873ea7b69c6270,https://fr.linkedin.com/jobs/view/employ%C3%A9-commercial-rayon-epicerie-h-f-saison-juillet-%C3%A0-ao%C3%BBt-2026-at-coop%C3%A9rative-u-4439556222,Employé commercial rayon Epicerie H/F - Saison Juillet à Août 2026,Coopérative U,posted,2026-07-15T09:52:28.307713,952
0ea288673ba4188d,https://fr.linkedin.com/jobs/view/ing%C3%A9nieur-spatial-h-f-at-alten-4439984254,Ingénieur spatial H/F,ALTEN,posted,2026-07-15T09:52:41.325876,954
77d5a051edb11554,https://fr.linkedin.com/jobs/view/stage-conseiller-beaut%C3%A9-h-f-juin-2026-nice-at-chanel-4362100460,STAGE - Conseiller Beauté (H/F) - Juin 2026 / Nice,CHANEL,posted,2026-07-15T09:52:54.346315,956
222bc7c380c890c4,https://fr.linkedin.com/jobs/view/chef-cheffe-de-projet-de-projet-b%C3%A2timent-at-artelia-4411415928,Chef / Cheffe de projet de projet bâtiment,,scraped,2026-07-15T09:52:56.972481,
97bf7b0b92f19e7b,https://fr.linkedin.com/jobs/view/shift-manager-nice-at-joe-the-juice-4439102912,Shift Manager - Nice,,scraped,2026-07-15T09:53:04.478112,
1a811e510f20765e,https://fr.linkedin.com/jobs/view/collaborateur-charge-des-ventes-h-f-at-foot-locker-4316241645,Collaborateur Charge Des Ventes H/F,Foot Locker,posted,2026-07-15T09:53:15.562546,227
46fc602a3bc0e5a3,https://fr.linkedin.com/jobs/view/tech-lead-php-h-f-at-proelan-sophia-antipolis-4437854708,Tech Lead PHP H/F,,scraped,2026-07-15T09:53:20.268825,
016c2f4d2bbd6405,https://mc.linkedin.com/jobs/view/physics-phd-research-specialist-at-mercor-4439767976,Physics PhD - Research Specialist,Mercor,posted,2026-07-15T09:53:36.247036,958
fd752657d11ecaa6,https://fr.linkedin.com/jobs/view/medecin-generaliste-at-pharmacie-saint-philippe-4439006931,Medecin generaliste,PHARMACIE SAINT PHILIPPE,posted,2026-07-15T09:53:45.574088,960
fbf704f3688d81dc,https://mc.linkedin.com/jobs/view/lead-cost-estimator-at-sbm-offshore-4412957639,Lead Cost Estimator,,scraped,2026-07-17T09:32:47.729517,
abbdc267797ae3f3,https://mc.linkedin.com/jobs/view/senior-reward-specialist-at-sbm-offshore-4432640668,Senior Reward Specialist,,scraped,2026-07-17T09:32:55.146940,
20a29e09ca927720,https://mc.linkedin.com/jobs/view/category-buyer-indirect-spend-at-the-ritz-carlton-yacht-collection-4431443218,Category Buyer Indirect Spend,The Ritz-Carlton Yacht Collection,posted,2026-07-17T09:33:14.660932,962
01fa616389c1d548,https://mc.linkedin.com/jobs/view/community-manager-at-tendances-mc-4440987122,Community manager,Tendances.mc,posted,2026-07-17T09:33:27.666998,964
98de3efef0336848,https://mc.linkedin.com/jobs/view/chauffeur-monaco-at-madameestservie-net-recrutement-de-personnel-de-maison-de-luxe-4440782486,Chauffeur Monaco,,scraped,2026-07-17T09:33:32.334670,
c42d765fe60293da,https://mc.linkedin.com/jobs/view/responsable-sourcing-et-achats-mati%C3%A8res-at-bettina-4440668617,Responsable Sourcing et Achats Matières,,scraped,2026-07-17T09:33:40.285153,
57cffe773c8a32bc,https://fr.linkedin.com/jobs/view/charg%C3%A9-qhse-f-h-at-veolia-4441448711,Chargé QHSE F/H,,scraped,2026-07-17T09:33:50.365277,
16f7dfabd9a4c54d,https://fr.linkedin.com/jobs/view/responsable-de-production-h-f-at-laboratoire-shadeline-4441218845,Responsable de production H/F,,scraped,2026-07-17T09:33:57.535199,
ac3292801abd8486,https://fr.linkedin.com/jobs/view/vendeur-h-f-cdd-35h-at-carr%C3%A9-blanc-4441472384,Vendeur H/F CDD 35h,Carré Blanc,posted,2026-07-17T09:34:15.709900,966
e8f74c0e0b5128cf,https://mc.linkedin.com/jobs/view/stagiaire-marketing-et-brand-at-as-monaco-4440755648,Stagiaire marketing et brand,,scraped,2026-07-17T09:34:18.317665,
45e2cc9a8d586039,https://fr.linkedin.com/jobs/view/assistant-d%E2%80%99enseignement-artistique-h-f-discipline-guitare-antenne-de-ajaccio-at-ffea-f%C3%A9d%C3%A9ration-fran%C3%A7aise-de-l-education-et-de-l-enseignement-artistique-4435971798,Assistant d’enseignement artistique (H/F) - Discipline guitare - Antenne de Ajaccio,FFEA - Fédération Française de l'Education et de l'Enseignement Artistique,posted,2026-07-17T09:34:36.707080,968
086f74d8c775c0a2,https://fr.linkedin.com/jobs/view/expert-en-gestion-d-entreprise-h-f-at-gcl-l-innovation-dans-l-accompagnement-des-entreprises-4439557179,EXPERT EN GESTION D'ENTREPRISE H/F,,scraped,2026-07-17T09:34:41.707021,
c966148fa206b218,https://fr.linkedin.com/jobs/view/charg%C3%A9-e-d-exp%C3%A9rience-client-at-centre-porsche-antibes-4441957401,Chargé(e) d'Expérience Client,Centre Porsche Antibes,posted,2026-07-17T09:35:02.369779,970
ab6edb7b82727d4e,https://mc.linkedin.com/jobs/view/coordinatrice-rh-et-communication-rh-test-at-accor-4440605899,Coordinatrice RH et Communication RH (test),Accor,posted,2026-07-17T09:35:14.368744,972
32bcb9980d20c750,https://mc.linkedin.com/jobs/view/gouvernant-e-g%C3%A9n%C3%A9ral-e-adjoint-e-at-monte-carlo-soci%C3%A9t%C3%A9-des-bains-de-mer-4440754755,Gouvernant.e Général.e Adjoint.e,,scraped,2026-07-17T09:35:17.123382,
bc75ab8ff7ae4bf5,https://fr.linkedin.com/jobs/view/charg%C3%A9-qhse-f-h-at-veolia-4441450581,Chargé QHSE F/H,,scraped,2026-07-17T09:35:24.034211,
a89b3bf709e0ddcc,https://fr.linkedin.com/jobs/view/expert-en-gestion-d-entreprise-h-f-at-gcl-l-innovation-dans-l-accompagnement-des-entreprises-4439538762,EXPERT EN GESTION D'ENTREPRISE H/F,,scraped,2026-07-17T09:35:31.196676,
a49a2fe25a5780e0,https://fr.linkedin.com/jobs/view/stagiaire-alternance-supply-chain-h-f-at-quantificare-4440083279,Stagiaire / Alternance supply chain H/F,Quantificare,posted,2026-07-17T09:35:46.370732,974
414ae3095604a3e6,https://fr.linkedin.com/jobs/view/agent-de-production-d-eau-potable-h-f-at-eau-d-azur-4439054462,AGENT DE PRODUCTION D'EAU POTABLE H/F,Eau d'Azur,posted,2026-07-17T09:36:04.262755,976
1e98f0ed52e8812a,https://fr.linkedin.com/jobs/view/office-manager-h-f-at-arteris-4431499022,Office Manager H/F,Arteris,posted,2026-07-17T09:36:13.521946,978
6849aa7908689f35,https://mc.linkedin.com/jobs/view/finance-manager-french-speaking-relocation-to-africa-at-obt-group-4429932517,Finance Manager - French Speaking (relocation to Africa),OBT Group,posted,2026-07-17T09:36:26.016387,980
0244fe22dded1fbb,https://mc.linkedin.com/jobs/view/assistant-e-social-media-manager-h-f-at-studio-julie-monaco-4438492298,Assistant(e) Social Media Manager (H/F),,scraped,2026-07-17T09:36:28.576651,
7d99b2f4557ede2e,https://mc.linkedin.com/jobs/view/commercial-e-junior-at-monaco-sport-business-4440657457,Commercial(e) junior,,scraped,2026-07-17T09:36:38.989380,
e4450ead39b25cdd,https://mc.linkedin.com/jobs/view/stagiaire-communication-marketing-at-orphic-4440560122,Stagiaire communication marketing,,scraped,2026-07-17T09:36:46.040697,
93adfc0065e97ab8,https://mc.linkedin.com/jobs/view/assistant-e-de-production-h-f-at-bettina-4441644672,Assistant(e) de Production H/F,,scraped,2026-07-17T09:36:53.178280,
9202ccfc828afdd2,https://mc.linkedin.com/jobs/view/assistant-e-directrice-de-production-at-bettina-4440674678,Assistant(e) - Directrice de Production,,scraped,2026-07-17T09:37:00.630314,
9875277130c22c86,https://mc.linkedin.com/jobs/view/hsse-engineer-at-sbm-offshore-4430594869,HSSE Engineer,,scraped,2026-07-17T09:37:08.074986,
e06e6661d6ccad3e,https://mc.linkedin.com/jobs/view/responsable-bureau-d-%C3%A9tudes-f-h-at-eiffage-%C3%A9nergie-syst%C3%A8mes-4347021995,Responsable bureau d'études F/H,,scraped,2026-07-17T09:37:15.678683,
c8e8fb84f09a2620,https://mc.linkedin.com/jobs/view/responsable-point-de-vente-bar-at-monte-carlo-soci%C3%A9t%C3%A9-des-bains-de-mer-4440751897,Responsable Point de Vente / Bar,,scraped,2026-07-17T09:37:22.801719,
1b334a0d2842310c,https://mc.linkedin.com/jobs/view/french-customer-support-specialist-bilingual-fr-en-non-voice-blended-remote-at-talentpop-app-4438788510,French Customer Support Specialist (Bilingual FR/EN | Non-Voice/Blended | Remote),TalentPop App,posted,2026-07-17T09:37:31.697742,389
9c4293da67a49c03,https://mc.linkedin.com/jobs/view/work-from-home-customer-support-%E2%80%93-french-speaking-at-talentpop-app-4438438710,Work-from-Home Customer Support – French Speaking,TalentPop App,posted,2026-07-17T09:37:36.752902,379
7d15ce2b38a207d8,https://mc.linkedin.com/jobs/view/work-from-home-customer-support-%E2%80%93-french-speaking-at-talentpop-app-4438452001,Work-from-Home Customer Support – French Speaking,TalentPop App,scraped,2026-07-17T09:37:40.866968,
421012464772a4b1,https://mc.linkedin.com/jobs/view/french-customer-support-specialist-bilingual-fr-en-non-voice-blended-remote-at-talentpop-app-4438792402,French Customer Support Specialist (Bilingual FR/EN | Non-Voice/Blended | Remote),TalentPop App,posted,2026-07-17T09:37:47.777311,389
0917c8f7df3db092,https://mc.linkedin.com/jobs/view/work-from-home-customer-support-%E2%80%93-french-speaking-at-talentpop-app-4438702738,Work-from-Home Customer Support – French Speaking,TalentPop App,posted,2026-07-17T09:37:52.462197,379
7664d8ff8adb8011,https://mc.linkedin.com/jobs/view/work-from-home-customer-support-%E2%80%93-french-speaking-at-talentpop-app-4438440637,Work-from-Home Customer Support – French Speaking,TalentPop App,scraped,2026-07-17T09:37:56.557553,
8d20bb299b50c81b,https://mc.linkedin.com/jobs/view/french%2Benglish-bilingual-customer-service-representative-at-talentpop-app-4438444183,French+English Bilingual Customer Service Representative,TalentPop App,posted,2026-07-17T09:38:05.984752,982
9cbe664c008081d9,https://mc.linkedin.com/jobs/view/french%2Benglish-bilingual-customer-service-representative-at-talentpop-app-4438438700,French+English Bilingual Customer Service Representative,TalentPop App,scraped,2026-07-17T09:38:10.164812,
f2713b509e7befc3,https://mc.linkedin.com/jobs/view/rejoignez-l-%C3%A9lite-du-support-client-bilingue-fran%C3%A7ais-anglais-%E2%80%93-100-%25-t%C3%A9l%C3%A9travail-%21-at-talentpop-app-4437654131,Rejoignez l'élite du support client bilingue (Français/Anglais) – 100 % Télétravail !,TalentPop App,posted,2026-07-17T09:38:19.773212,984
218211fe05edff3c,https://fr.linkedin.com/jobs/view/garde-d-enfants-%C3%A0-domicile-h-f-at-family-sphere-4438415475,Garde d'enfants à domicile (H/F),Family Sphere,posted,2026-07-17T09:38:34.570098,986
bd2467d207e4c9d0,https://fr.linkedin.com/jobs/view/menuisier-bois-h-f%0A-h-f-at-pns-interim-4439712566,"Menuisier Bois H/F
(H/F)",PNS INTERIM,posted,2026-07-17T09:38:45.416478,988
4b1d773686dd39fc,https://fr.linkedin.com/jobs/view/h%C3%B4te-sse-de-caisse-h-f-at-leclerc-le-poire-sur-vie-4440533147,HÔTE(SSE) DE CAISSE - H/F,,scraped,2026-07-17T09:38:51.970002,
d7cba24ff12587db,https://fr.linkedin.com/jobs/view/travaillez-remote-au-portugal-sp%C3%A9cialiste-support-logement-inclus-at-global-people-sphere-4439959565,Travaillez Remote au Portugal: Spécialiste Support (Logement inclus),Global People Sphere,posted,2026-07-17T09:39:06.582092,990
b378b14029dcc7b0,https://fr.linkedin.com/jobs/view/comptable-f-h-at-apreh-4440610606,Comptable F/H,,scraped,2026-07-17T09:39:11.236557,
50118c1ae684db04,https://fr.linkedin.com/jobs/view/employ%C3%A9-e-commercial-e-frais-libre-service-h-f-at-leclerc-le-poire-sur-vie-4440534193,EMPLOYÉ(E) COMMERCIAL(E) FRAIS LIBRE SERVICE - H/F,,scraped,2026-07-17T09:39:21.796995,
69a59fd8d282a954,https://fr.linkedin.com/jobs/view/vendeuse-grands-magasin-h-f-cdd-25h-at-aubade-paris-4438089621,Vendeuse grands magasin H/F (CDD 25H),,scraped,2026-07-17T09:39:30.400686,
1e0fe75c8d7a9833,https://fr.linkedin.com/jobs/view/garde-d-enfants-%C3%A0-domicile-h-f-at-family-sphere-4438415491,Garde d'enfants à domicile (H/F),Family Sphere,scraped,2026-07-17T09:39:42.589308,
7101b28d5c55ac1c,https://fr.linkedin.com/jobs/view/m%C3%A9canicien-automobile-h-f-at-retail-renault-group-4439984259,Mécanicien automobile H/F,,scraped,2026-07-17T09:39:47.341801,
2549f23bdbca82d1,https://fr.linkedin.com/jobs/view/economiste-de-la-construction-at-vertical-sea-4440608785,Economiste de la construction,,scraped,2026-07-17T09:39:54.986559,
48325fd6056373e9,https://mc.linkedin.com/jobs/view/sales-assistant-at-santoni-4440955808,Sales Assistant,SANTONI,posted,2026-07-17T09:40:09.918114,425
329bb9a7111c631a,https://fr.linkedin.com/jobs/view/cdi-h%C3%B4te-sse-%E2%80%93-charg%C3%A9-e-exp%C3%A9rience-clients-f-b-at-h%C3%B4tel-palais-de-la-m%C3%A9diterran%C3%A9e-4440968927,CDI : Hôte(sse) – Chargé(e) Expérience Clients F&B,Hôtel Palais de la Méditerranée,posted,2026-07-17T09:40:24.517279,992
25af8daa46a433df,https://fr.linkedin.com/jobs/view/preparateur-convoyeur-pl-vl-h-f-at-fraikin-ltd-4439360569,PREPARATEUR-CONVOYEUR PL / VL H/F,,scraped,2026-07-17T09:40:27.449642,
384d335829ca8ef1,https://fr.linkedin.com/jobs/view/agent-technique-h-f-at-inicea-4441468015,Agent technique H/F,Inicea,posted,2026-07-17T09:40:45.707100,994
48a9e5e5208929ad,https://fr.linkedin.com/jobs/view/operation-manager-%E2%80%93-nice-%E2%80%93-temps-plein-at-oneur-4441477702,Operation Manager – Nice – Temps plein,,scraped,2026-07-17T09:40:48.378349,
3605bd965834ab2e,https://fr.linkedin.com/jobs/view/garde-d-enfants-%C3%A0-domicile-h-f-at-family-sphere-4438742010,Garde d'enfants à domicile (H/F),Family Sphere,posted,2026-07-17T09:41:05.171677,996
59f415ce88c839ec,https://fr.linkedin.com/jobs/view/h-f-attach%C3%A9-e-commercial-e-at-axelion-group-4439155050,(H/F) ATTACHÉ(E) COMMERCIAL(E),AXELION GROUP,posted,2026-07-17T09:41:18.045564,998
7d71d539650763f2,https://fr.linkedin.com/jobs/view/employ%C3%A9-commercial-rayon-cuisine-snacking-h-f-at-leclerc-le-poire-sur-vie-4441276422,EMPLOYÉ COMMERCIAL RAYON CUISINE / SNACKING - H/F,,scraped,2026-07-17T09:41:20.846050,
1a757dc4336b065c,https://fr.linkedin.com/jobs/view/chauffeur-pl-h-f%0A-h-f-at-pns-interim-4439727176,"Chauffeur PL H/F
(H/F)",PNS INTERIM,posted,2026-07-17T09:41:33.774884,1000
8706993dfa55438f,https://fr.linkedin.com/jobs/view/conseiller-client%C3%A8le-professionnels-h-f-at-lcl-4439563068,Conseiller clientèle Professionnels H/F,,scraped,2026-07-17T09:41:36.524115,
5febbc65af73361a,https://fr.linkedin.com/jobs/view/responsable-adjointe-nice-cap-3000-35h-sem-cdi-at-maison-123-4436095052,Responsable Adjointe - Nice Cap 3000 - 35h/sem - CDI,,scraped,2026-07-17T09:41:44.315389,
96decf231f58ae71,https://fr.linkedin.com/jobs/view/vendeur-projets-h-f-at-saint-maclou-4441625823,Vendeur Projets H/F,,scraped,2026-07-17T09:41:50.798091,
1a04bfbd5b6226e2,https://fr.linkedin.com/jobs/view/alternance-assistant-e-administratif-h-f-at-isim-4441182002,Alternance Assistant(e) administratif H/F,ISIM,posted,2026-07-17T09:42:06.052211,1002
167bec3e40eac0dc,https://fr.linkedin.com/jobs/view/h%C3%B4te-sse-d%E2%80%99accueil-secteur-d%E2%80%99activit%C3%A9-du-client-at-p%C3%A9n%C3%A9lope-groupe-4439443963,Hôte(sse) d’accueil - [secteur d’activité du client],,scraped,2026-07-17T09:42:10.684810,
7e282affaea6ed9e,https://fr.linkedin.com/jobs/view/chef-de-service-h-f-en-cdi-%C3%A0-temps-plein-pour-ses-services-uema-emas-pas-at-apreh-4440611698,"Chef de Service (H/F) en CDI à temps plein pour ses services UEMA, EMAS, PAS",,scraped,2026-07-17T09:42:19.793989,
5468a7898c5f73a3,https://fr.linkedin.com/jobs/view/responsable-de-portefeuille-expertise-comptable-h-f-at-%C5%8Ddas-conseil-4439383000,Responsable de portefeuille expertise comptable (H/F),ŌDAS CONSEIL,posted,2026-07-17T09:42:33.174183,141
f05b9266caa6c895,https://fr.linkedin.com/jobs/view/social-media-manager-with-ai-at-worklatam-4440917129,Social Media Manager with AI,workLATAM,posted,2026-07-17T09:42:43.011231,1004
f863750a2d04adea,https://fr.linkedin.com/jobs/view/h%C3%B4te-sse-d-accueil-lobby-ambassador-f-h-at-jw-marriott-cannes-4441665022,Hôte(sse) d'accueil / Lobby Ambassador F/H,JW Marriott Cannes,posted,2026-07-17T09:42:55.991287,1006
876dfacc32783768,https://fr.linkedin.com/jobs/view/demand-generation-manager-at-station-f-4438301937,DEMAND GENERATION MANAGER,,scraped,2026-07-17T09:42:59.001010,
3b907263dd29f499,https://fr.linkedin.com/jobs/view/conseiller-e-client-apr%C3%A8s-vente-automobile-h-f-at-volkswagen-group-retail-france-4413590190,Conseiller.e client Après-Vente automobile (H/F),,scraped,2026-07-17T09:43:06.113116,
6cdb0aeea84ed41b,https://fr.linkedin.com/jobs/view/alternance-%E2%80%93-commercial-e-terrain-h-f-at-ascenseurs-emr-4441459363,Alternance – Commercial(e) Terrain H/F,,scraped,2026-07-17T09:43:13.360954,
e631f5640bc6c51f,https://fr.linkedin.com/jobs/view/vendeur-concepteur-de-cuisine-et-salle-de-bain-h-f-at-proesa-cabinet-de-conseil-recrutement-et-formation-4441161890,Vendeur Concepteur de cuisine et salle de bain H/F,,scraped,2026-07-17T09:43:21.001710,
d873488392b01943,https://mc.linkedin.com/jobs/view/ing%C3%A9nieur-r%C3%A9seau-cisco-at-inforca-4437265539,Ingénieur réseau Cisco,,scraped,2026-07-17T09:43:27.834890,
4f29017bc3f878a0,https://fr.linkedin.com/jobs/view/business-development-origination-manager-fr-%E2%80%93-responsable-d%C3%A9veloppement-commercial-origination-france-at-infradeutschland-4437280079,Business Development / Origination Manager (Fr) – Responsable Développement Commercial / Origination (France),,scraped,2026-07-17T09:43:36.292737,
303fd5aba90f86c6,https://fr.linkedin.com/jobs/view/business-manager-h-f-at-exalt-4440254041,Business Manager H/F),,scraped,2026-07-17T09:43:46.850995,
6385495966eaf7b3,https://fr.linkedin.com/jobs/view/secr%C3%A9taire-m%C3%A9dical-en-alternance-f-h-at-walter-learning-4441410442,Secrétaire Médical en alternance F/H,,scraped,2026-07-17T09:43:54.331313,
7c67bda0eb0e2542,https://fr.linkedin.com/jobs/view/garde-d-enfants-babysitting-h-f-at-yoopala-4439925335,"Garde d'enfants, Babysitting (H/F)",,scraped,2026-07-17T09:44:00.997423,
b634f0151ecc3bcc,https://fr.linkedin.com/jobs/view/stagiaire-commercial-externe-f-h-at-jw-marriott-cannes-4440991166,Stagiaire commercial externe F/H,JW Marriott Cannes,posted,2026-07-17T09:44:19.715649,1008
426e6f9e6c998766,https://fr.linkedin.com/jobs/view/directeur%C2%B7rice-de-site-directeur%C2%B7rice-de-production-f-h-x-at-equans-france-4439110035,Directeur·rice de Site & Directeur·rice de Production (F/H/X),,scraped,2026-07-17T09:44:22.413631,
ee55a4c55bc9f2f6,https://fr.linkedin.com/jobs/view/business-manager-h-f-at-exalt-4440764330,Business Manager (H/F),,scraped,2026-07-17T09:44:31.793217,
c853443ba9762508,https://fr.linkedin.com/jobs/view/econome-at-accor-4440270595,Econome,Accor,posted,2026-07-17T09:44:48.210942,1010
14e973bd130fe4c1,https://fr.linkedin.com/jobs/view/collaborateur-comptable-h-f-at-%C5%8Ddas-conseil-4440335620,Collaborateur comptable (H/F),ŌDAS CONSEIL,posted,2026-07-17T09:44:53.125710,451
ecb48f612a4d959a,https://fr.linkedin.com/jobs/view/gestionnaire-de-paie-en-alternance-f-h-at-walter-learning-4441410433,Gestionnaire de Paie en alternance F/H,,scraped,2026-07-17T09:44:56.164903,
49f63cfe8a3b291e,https://fr.linkedin.com/jobs/view/aide-soignant-h-f-at-smart-sant%C3%A9-conseil-4440616429,Aide-soignant (H/F),Smart Santé Conseil,posted,2026-07-17T09:45:42.988791,195
32f985afce65261c,https://fr.linkedin.com/jobs/view/business-development-origination-manager-fr-responsable-d%C3%A9veloppement-commercial-origination-france-at-unison-infrastructure-4440352368,Business Development / Origination Manager (Fr) - Responsable Développement Commercial / Origination (France),Unison Infrastructure,posted,2026-07-17T09:45:52.380016,1012
9b798b437cc777d0,https://fr.linkedin.com/jobs/view/agent-s-commercial-aux-ind%C3%A9pendant-en-immobilier-neuf-%C3%A0-nice-at-mapetiteagence-4440288997,Agent(s) commercial(aux) indépendant en immobilier neuf à Nice,MaPetiteAgence,posted,2026-07-17T09:46:39.200447,1014
6fed9432902a1ce5,https://fr.linkedin.com/jobs/view/staybridge-suites-cannes-femme-de-chambre-valet-de-chambre-at-sohoma-4441222680,STAYBRIDGE SUITES CANNES - Femme de chambre/Valet de chambre,,scraped,2026-07-17T09:46:45.934909,
a2dba3065652ad0c,https://fr.linkedin.com/jobs/view/stagiaire-p%C3%A2tisserie-h-f-at-the-maybourne-riviera-4441621920,Stagiaire Pâtisserie - H/F,,scraped,2026-07-17T09:46:52.933603,
79fd1ef4fb7daf46,https://fr.linkedin.com/jobs/view/ouvrier-de-fabrication-boucherie-saucisserie-h-f-at-leclerc-le-poire-sur-vie-4440534190,OUVRIER DE FABRICATION BOUCHERIE - SAUCISSERIE - H/F,,scraped,2026-07-17T09:46:59.679182,
b2d878143f5308bd,https://fr.linkedin.com/jobs/view/monteur-cableur-h-f%0A-h-f-at-pns-interim-4439713525,"MONTEUR CABLEUR H/F
(H/F)",PNS INTERIM,posted,2026-07-17T09:47:12.959849,1016
9410ec90cb6f6753,https://fr.linkedin.com/jobs/view/comptable-unique-responsable-administratif-et-financier-h-f-%E2%80%94-deeptech-at-smartbot-parking-4440997213,Comptable Unique / Responsable Administratif et Financier (H/F) — DeepTech,Smartbot Parking,posted,2026-07-17T09:47:24.852737,1018
2b5d62f0988961b7,https://fr.linkedin.com/jobs/view/service-delivery-manager-h-f-nb-at-keyrus-4439998613,Service Delivery Manager (H/F/NB),,scraped,2026-07-17T09:47:29.678497,
ff80b81180b82faa,https://fr.linkedin.com/jobs/view/patissier-h-f%0A-h-f-at-pns-interim-4439711566,"PATISSIER H/F
(H/F)",PNS INTERIM,posted,2026-07-17T09:47:44.002632,1020
8a4d18a0c5226b92,https://fr.linkedin.com/jobs/view/moniteur-educateur-h-f-cdi-mougins-at-apreh-4440614577,Moniteur Educateur H/F CDI - MOUGINS,,scraped,2026-07-17T09:47:46.576011,
d09cb5b139a63a3b,https://mc.linkedin.com/jobs/view/francophone-customer-support-representative-%E2%80%93-remote-at-talentpop-app-4438718000,Francophone Customer Support Representative – Remote,TalentPop App,posted,2026-07-17T09:48:03.346579,1022
e71f42acb6168022,https://mc.linkedin.com/jobs/view/francophone-customer-support-representative-%E2%80%93-remote-at-talentpop-app-4438708651,Francophone Customer Support Representative – Remote,TalentPop App,posted,2026-07-17T09:48:07.967092,1022
4f1044148c7127db,https://fr.linkedin.com/jobs/view/commercial-admissions-placement-f-h-at-oktogone-group-4441467701,Commercial Admissions & Placement (F/H),,scraped,2026-07-17T09:48:16.621525,
7caaf80a0444f66c,https://fr.linkedin.com/jobs/view/infirmier-h-f-at-smart-sant%C3%A9-conseil-4440616417,Infirmier (H/F),Smart Santé Conseil,posted,2026-07-17T09:49:03.458175,203
7c476ca3393154ae,https://fr.linkedin.com/jobs/view/business-manager-it-ing%C3%A9nieur-d-affaires-h-f-at-new-slot-recrutement-4441134474,Business Manager IT / Ingénieur d'Affaires - H/F,New-slot Recrutement,posted,2026-07-17T09:49:13.241829,1024
ab6a3e632ab89907,https://fr.linkedin.com/jobs/view/program-management-analyst-at-nxp-semiconductors-4441913524,Program Management Analyst,NXP Semiconductors,posted,2026-07-17T09:49:25.440023,1026
eb02a87edef7b8b8,https://fr.linkedin.com/jobs/view/responsable-de-magasin-f-h-at-normal-a-s-4441485306,Responsable de magasin (f/h),,scraped,2026-07-17T09:49:30.161744,
d974404ea5bfccb5,https://fr.linkedin.com/jobs/view/aide-m%C3%A9nager-aide-m%C3%A9nag%C3%A8re-h-f-at-centre-services-4438950032,Aide ménager / aide ménagère (H/F),,scraped,2026-07-17T09:49:39.064458,
8eb0af326a6fbe5b,https://fr.linkedin.com/jobs/view/recrutement-saison-2026-at-mfr-cfa-argentonnay-79-deux-s%C3%A8vres-4440610213,RECRUTEMENT SAISON 2026,,scraped,2026-07-17T09:49:48.887014,
749fe939fe75698b,https://fr.linkedin.com/jobs/view/ing%C3%A9nieur-e-de-recherche-en-agro%C3%A9cologie-et-protection-des-cultures-at-inrae-4440956297,Ingénieur-e de recherche en agroécologie et protection des cultures,,scraped,2026-07-17T09:49:57.075075,
de11a649e44cba69,https://fr.linkedin.com/jobs/view/office-assistant-4440651763,Office Assistant,Corinne Blesius,posted,2026-07-17T09:50:09.402625,1028
b5e2cccbb5fbabbd,https://fr.linkedin.com/jobs/view/technicien-support-helpdesk-at-dcs-easyware-4441602148,Technicien support helpdesk,,scraped,2026-07-17T09:50:12.363082,
4186f1a9b89e8c41,https://fr.linkedin.com/jobs/view/group-communication-manager-h-f-at-olyos-group-4431437064,Group Communication Manager H/F,,scraped,2026-07-17T09:50:22.804168,
828a86f218c62f35,https://fr.linkedin.com/jobs/view/veilleur-aide-soignant-de-nuit-h-f-cdi-at-apreh-4440611599,Veilleur Aide-Soignant de Nuit (H/F) CDI,,scraped,2026-07-17T09:50:29.904163,
d741f2af28a45c6c,https://fr.linkedin.com/jobs/view/charg%C3%A9-de-client%C3%A8le-senior-h-f-at-franco-anglaise-d-assurances-4440998085,Chargé de clientèle SENIOR H/F,,scraped,2026-07-17T09:50:42.922547,
f94cf0b78b6b5776,https://fr.linkedin.com/jobs/view/accompagnant-educatif-et-social-cdd-temps-plein-la-marcelline-fdv-saj-at-apreh-4440619357,Accompagnant Educatif et Social  - CDD - Temps plein - LA MARCELLINE FDV/SAJ,,scraped,2026-07-17T09:50:53.506414,
de6dbb0a8ef93036,https://mc.linkedin.com/jobs/view/stage-assistant-ing%C3%A9nieur-tissage-septembre-2026-at-bettina-4440272607,Stage Assistant Ingénieur Tissage - Septembre 2026,,scraped,2026-07-17T09:51:18.024312,
de47828518d4b6a1,https://fr.linkedin.com/jobs/view/ing%C3%A9nieur-be-documentation-technique-h-f-at-cts-consulting-technical-support-4440266356,Ingénieur BE Documentation Technique (H/F),CTS Consulting & Technical Support,posted,2026-07-17T09:51:38.855203,1030
ca9baa4031a5257a,https://fr.linkedin.com/jobs/view/n%C3%A9gociateur-transaction-h-f-at-citya-immobilier-4370537613,Négociateur transaction H/F,,scraped,2026-07-17T09:51:41.410473,
443b99b819b72c54,https://mc.linkedin.com/jobs/view/technicien-maintenance-technicienne-maintenance-at-monte-carlo-soci%C3%A9t%C3%A9-des-bains-de-mer-4440768373,Technicien maintenance/Technicienne maintenance,,scraped,2026-07-17T09:51:49.712479,
a3dab727257cc63a,https://fr.linkedin.com/jobs/view/ing%C3%A9nieur-concepteur-m%C3%A9canique-at-augier-energy-4439204283,INGÉNIEUR CONCEPTEUR MÉCANIQUE,,scraped,2026-07-17T09:51:56.494634,
3f306ba5ac2ceaff,https://mc.linkedin.com/jobs/view/french-bilingual-customer-service-specialist-at-talentpop-app-4438792418,French Bilingual Customer Service Specialist,TalentPop App,posted,2026-07-17T09:52:07.420527,894
40d3bd9afdfaa626,https://fr.linkedin.com/jobs/view/auxiliaire-de-vie-h-f-at-groupe-zephyr-4440950904,Auxiliaire de vie H/F,,scraped,2026-07-17T09:52:10.030768,
41550025b80b3d3b,https://fr.linkedin.com/jobs/view/growth-sales-executive-at-wallester-4437277928,Growth Sales Executive,,scraped,2026-07-17T09:52:17.603951,
c49ad803647271f7,https://mc.linkedin.com/jobs/view/french-speaking-customer-support-specialist-at-talentpop-app-4439203099,French-Speaking Customer Support Specialist,TalentPop App,posted,2026-07-17T09:52:29.177090,241
a087a8d7bc0a1984,https://fr.linkedin.com/jobs/view/agent-de-securite-evenementiel-saint-jean-cap-ferrat-at-gip-paca-4440669630,AGENT DE SECURITE EVENEMENTIEL SAINT JEAN CAP FERRAT,,scraped,2026-07-17T09:52:31.910851,
656f94aac0aa1132,https://fr.linkedin.com/jobs/view/animateur-kids-club-h-f-at-i-love-kids-club-4441130127,Animateur Kids Club H/F,I Love Kids Club,posted,2026-07-17T09:52:41.115457,393
288b84de80fb973e,https://fr.linkedin.com/jobs/view/animateur-kids-club-h-f-at-i-love-kids-club-4441111881,Animateur Kids Club H/F,I Love Kids Club,posted,2026-07-17T09:52:49.951852,393
ee5623d296facb79,https://fr.linkedin.com/jobs/view/directeur-agence-f-h-at-camif-habitat-4431239349,Directeur agence F/H,,scraped,2026-07-17T09:52:54.564810,
488aa8ca4cc2199c,https://fr.linkedin.com/jobs/view/alternance-ing%C3%A9nieur-data-ia-h-f-at-thales-4402524408,Alternance - Ingénieur Data & IA H/F,,scraped,2026-07-17T09:53:01.308208,
2db2afb36639b546,https://fr.linkedin.com/jobs/view/employ%C3%A9-de-m%C3%A9nage-h-f-at-centre-services-4438931691,Employé de ménage (H/F),,scraped,2026-07-17T09:53:08.617373,
62a1682930448e75,https://fr.linkedin.com/jobs/view/conducteur-moniteur-de-train-h-f-at-transdev-4440242464,Conducteur moniteur de train (H/F),Transdev,posted,2026-07-17T09:53:24.771649,1032
51178d59f894097c,https://fr.linkedin.com/jobs/view/equipier-equipi%C3%A8re-at-hotel-du-cap-eden-roc-4438001519,Equipier/Equipière,Hotel du Cap-Eden-Roc,posted,2026-07-17T09:53:37.506137,1034
ac309e4fcb6830dc,https://fr.linkedin.com/jobs/view/stage-6-mois-communication-client-h-f-at-cr%C3%A9dit-agricole-provence-c%C3%B4te-d-azur-4413746661,Stage 6 mois : Communication Client H/F,,scraped,2026-07-17T09:53:40.196379,
58f64bfabd4e0b8e,https://mc.linkedin.com/jobs/view/econome-h-f-at-novotel-hotels-4441383703,ECONOME (H/F),,scraped,2026-07-19T09:34:39.170738,
9d295ceebc710437,https://mc.linkedin.com/jobs/view/unix-engineer-at-barclays-4439257007,Unix engineer,,scraped,2026-07-19T09:34:54.717900,
7622dfa1eea243a4,https://mc.linkedin.com/jobs/view/technicien-ne-de-maintenance-h-f-at-bettina-4440692076,Technicien(ne) de Maintenance H/F,,scraped,2026-07-19T09:35:01.798915,
d53871335a681e79,https://mc.linkedin.com/jobs/view/metteur-au-point-f-h-at-eiffage-%C3%A9nergie-syst%C3%A8mes-4388087744,Metteur au point F/H,,scraped,2026-07-19T09:35:10.846704,
fbdb17cf62e8a491,https://mc.linkedin.com/jobs/view/cdd-magasinier-r%C3%A9ceptionnaire-h-f-at-ocp-r%C3%A9partition-4433888183,CDD - Magasinier réceptionnaire (H/F),,scraped,2026-07-19T09:35:17.472055,
d554848379e476a1,https://mc.linkedin.com/jobs/view/peintre-polyvalent-h-f-at-novotel-hotels-4441307101,Peintre polyvalent (H/F),,scraped,2026-07-19T09:35:27.293785,
48fd377cba96e2db,https://fr.linkedin.com/jobs/view/expert-en-gestion-d-entreprise-h-f-at-gcl-l-innovation-dans-l-accompagnement-des-entreprises-4442439907,EXPERT EN GESTION D'ENTREPRISE H/F,,scraped,2026-07-19T09:35:34.097149,
42c5bf112f88a0c4,https://fr.linkedin.com/jobs/view/prada-team-manager-h-f-cannes-at-prada-group-4440241393,PRADA Team Manager (h/f) Cannes,,scraped,2026-07-19T09:35:44.848921,
edcbfbd533df35a2,https://fr.linkedin.com/jobs/view/chef-d-atelier-h-f-at-retail-renault-group-4439805804,Chef d'atelier H/F,,scraped,2026-07-19T09:35:57.754795,
9e49897f0dc2491a,https://mc.linkedin.com/jobs/view/juriste-compliance-h-f-at-masalex-conseil-4441981278,Juriste compliance H/F,,scraped,2026-07-19T09:36:05.485486,
69130e79f574b3ee,https://fr.linkedin.com/jobs/view/educateur-specialise-h-f-cdi-at-association-paje-pasteur-avenir-jeunesse-4441345528,EDUCATEUR SPECIALISE H/F CDI,,scraped,2026-07-19T09:36:11.804442,
d77a73cdb7c3d744,https://fr.linkedin.com/jobs/view/responsable-adjoint-e-de-magasin-h-f-cdi-guess-nicecap3000-at-guess-europe-sagl-4441440167,Responsable Adjoint(e) de magasin H/F - CDI - Guess NiceCap3000,,scraped,2026-07-19T09:36:19.089958,
1347d832cadd4c32,https://fr.linkedin.com/jobs/view/courtier-en-cr%C3%A9dits-et-assurances-f-h-at-empruntis-nice-est-jean-medecin-4442511281,Courtier en crédits et assurances - F/H,,scraped,2026-07-19T09:36:26.184734,
9793b885dca8d89b,https://fr.linkedin.com/jobs/view/courtier-en-cr%C3%A9dits-et-assurances-f-h-at-empruntis-nice-est-jean-medecin-4442506561,Courtier en crédits et assurances - F/H,,scraped,2026-07-19T09:36:32.991452,
7ecf1b4df8bc67a5,https://mc.linkedin.com/jobs/view/stage-assistant-achats-et-mati%C3%A8res-h-f-at-bettina-4440668631,Stage Assistant Achats et Matières (H/F),,scraped,2026-07-19T09:36:39.797042,
a33bcc2be0a87546,https://it.linkedin.com/jobs/view/farmacista-collaboratore-collaboratrice-ventimiglia-at-farma-acquisition-holding-farmacie-boots-4440224473,Farmacista Collaboratore/Collaboratrice - Ventimiglia,,scraped,2026-07-19T09:36:47.089496,
51add662eb1a8145,https://fr.linkedin.com/jobs/view/technicien-polyvalent-h-f-at-sebach-strasbourg-kabbloc-4438987485,TECHNICIEN POLYVALENT H/F,,scraped,2026-07-19T09:36:55.056719,
ecdf2b4b4863065c,https://fr.linkedin.com/jobs/view/concessionnaire-directeur-d-agence-stores-de-france-at-stores-de-france-r%C3%A9seau-4439979045,Concessionnaire Directeur d'agence Stores de France,Stores de France Réseau,posted,2026-07-19T09:37:10.576962,1036
230f5a947dd6e185,https://fr.linkedin.com/jobs/view/consultant-immobilier-f-h-%E2%80%93-salari%C3%A9-e-vrp-at-emeria-technologies-4442122125,Consultant immobilier F/H – salarié.e VRP,,scraped,2026-07-19T09:37:15.204040,
ee8d7ef5d257b87c,https://fr.linkedin.com/jobs/view/chef-de-secteur-chr-musketeer-nice-h-f-at-red-bull-4433395575,Chef de Secteur CHR (Musketeer) - NICE (H/F),,scraped,2026-07-19T09:37:22.291464,
aeca43fb924f84a3,https://fr.linkedin.com/jobs/view/educateur-specialise-h-f-cdi-at-association-paje-pasteur-avenir-jeunesse-4441376852,EDUCATEUR SPECIALISE H/F CDI,,scraped,2026-07-19T09:37:28.749529,
cae0364d1185295f,https://fr.linkedin.com/jobs/view/secr%C3%A9taire-m%C3%A9dical-en-alternance-f-h-at-walter-learning-4442497559,Secrétaire Médical en alternance F/H,,scraped,2026-07-19T09:37:36.639315,
aa21e7116f221843,https://fr.linkedin.com/jobs/view/vendeur-se-cdi-24h-at-primadonna-s-p-a-4440070893,VENDEUR/SE CDI 24H,,scraped,2026-07-19T09:37:43.522671,
62b13f7bf72858b3,https://fr.linkedin.com/jobs/view/equipier-technique-at-novotel-hotels-4441394349,Equipier Technique,,scraped,2026-07-19T09:37:50.329405,
545530c461cd78b9,https://fr.linkedin.com/jobs/view/employe-polyvalent-en-restauration-h-f-at-mediance-4442446886,EMPLOYE POLYVALENT EN RESTAURATION H/F,Mediance,posted,2026-07-19T09:38:03.837847,1038
8701713f850efea9,https://fr.linkedin.com/jobs/view/directeur-trice-d-agence-at-polo-properties-4439302779,Directeur(trice) d'Agence,,scraped,2026-07-19T09:38:08.407238,
3b3021bcc5c5f9b8,https://fr.linkedin.com/jobs/view/head-of-ops-at-leonar-4439840087,Head of Ops,,scraped,2026-07-19T09:38:16.865504,
592fd57ea24d7096,https://fr.linkedin.com/jobs/view/vendeur-h-f-cdd-35h-at-subdued-4439224642,Vendeur H/F - CDD 35h,,scraped,2026-07-19T09:38:25.011974,
d03e9a8d188543a6,https://fr.linkedin.com/jobs/view/electrom%C3%A9canicien-technicien-assainissement-h-f-at-sapian-4441230526,Electromécanicien - Technicien Assainissement (H/F),,scraped,2026-07-19T09:38:31.401715,
02cf2485df5d35dd,https://fr.linkedin.com/jobs/view/stagiaire-h-f-at-nestl%C3%A9-nespresso-sa-4440973061,Stagiaire (H/F),Nestlé Nespresso SA,posted,2026-07-19T09:38:48.074458,1040
7df1b0f8062b2130,https://fr.linkedin.com/jobs/view/courtier-en-cr%C3%A9dits-et-assurances-f-h-at-empruntis-nice-est-jean-medecin-4442519033,Courtier en crédits et assurances - F/H,,scraped,2026-07-19T09:38:50.786463,
b2e70367d67e1b7b,https://fr.linkedin.com/jobs/view/stage-assistant-ressources-humaines-h-f-x-at-inwood-hotels-4440669587,Stage Assistant Ressources Humaines - H/F/X,,scraped,2026-07-19T09:38:57.516448,
61ff087557037e9b,https://fr.linkedin.com/jobs/view/responsable-de-portefeuille-expertise-comptable-h-f-at-%C5%8Ddas-conseil-4441682327,Responsable de portefeuille expertise comptable (H/F),ŌDAS CONSEIL,posted,2026-07-19T09:39:08.011813,141
08988f8eeb8dd54f,https://fr.linkedin.com/jobs/view/conseiller-%C3%A8re-de-vente-en-alternance-nice-cap-3000-at-adopt%E2%80%8B-parfums-4441690439,Conseiller.ère de Vente en alternance Nice Cap 3000,,scraped,2026-07-19T09:39:10.648649,
5cedb2975dc41e6e,https://fr.linkedin.com/jobs/view/comptable-confirm%C3%A9-at-sofica-4439212140,Comptable confirmé,GROUPE SOFICA,posted,2026-07-19T09:39:59.612602,1042
a0a8dee4be53fe6b,https://fr.linkedin.com/jobs/view/chef-de-r%C3%A9ception-h-f-x-at-accor-4441759483,Chef de réception (H/F/X),Accor,posted,2026-07-19T09:40:12.389822,1044
9337fa85163c4bbb,https://fr.linkedin.com/jobs/view/educateur-specialise-h-f-at-association-paje-pasteur-avenir-jeunesse-4441393229,EDUCATEUR SPECIALISE H/F,,scraped,2026-07-19T09:40:15.013494,
b25b1a6c9e9f327f,https://fr.linkedin.com/jobs/view/agent-d-entretien-h-f-at-clinitex-groupe-4440656024,Agent d'entretien H/F,,scraped,2026-07-19T09:40:25.639040,
3a4546af3a4375be,https://fr.linkedin.com/jobs/view/apprenti-e-menuisier-%C3%A8re-ou-%C3%A9b%C3%A9niste-h-f-h-f-en-apprentissage-at-cfa-du-b%C3%A2timent-aix-en-provence-4441629408,Apprenti(e) Menuisier(ère) ou Ébéniste (H/F) (H/F) en Apprentissage,,scraped,2026-07-19T09:40:41.463690,
f9ee34f37771318c,https://fr.linkedin.com/jobs/view/alternance-assistant-e-du-directeur-rh-h-f-at-isim-4441176319,Alternance - Assistant(e) du Directeur RH H/F,ISIM,posted,2026-07-19T09:40:58.487648,1046
e901383ac8a4a86c,https://fr.linkedin.com/jobs/view/gestionnaire-administratif-at-atelier-allione-architects-4439787614,Gestionnaire Administratif,Atelier Allione Architects,posted,2026-07-19T09:41:07.350993,1048
434d976c7ef0eac1,https://fr.linkedin.com/jobs/view/responsable-de-portefeuille-comptable-h-f-at-%C5%8Ddas-conseil-4441681349,Responsable de portefeuille comptable (H/F),ŌDAS CONSEIL,posted,2026-07-19T09:41:12.219960,265
ec31dc925ae0b461,https://fr.linkedin.com/jobs/view/technicien-de-maintenance-itin%C3%A9rant-06-h-f-at-hako-france-4438427046,Technicien de maintenance itinérant 06 H/F,,scraped,2026-07-19T09:41:14.796668,
764fa8dedba5b9f6,https://fr.linkedin.com/jobs/view/collaborateur-comptable-f-h-at-kapitan-4438479769,Collaborateur comptable F/H,,scraped,2026-07-19T09:41:21.852354,
45ce7728bacdf148,https://fr.linkedin.com/jobs/view/employe-fruits-et-legumes-h-f-at-bricomarch%C3%A9-segr%C3%A9-en-anjou-bleu-4439657531,EMPLOYE FRUITS ET LEGUMES (H/F),,scraped,2026-07-19T09:41:28.429017,
ddf6ce9bf1702421,https://fr.linkedin.com/jobs/view/secr%C3%A9taire-m%C3%A9dical-en-alternance-f-h-at-walter-learning-4442195971,Secrétaire Médical en alternance F/H,,scraped,2026-07-19T09:41:35.065338,
0314962cc60b4cce,https://fr.linkedin.com/jobs/view/chef-de-mission-expertise-comptable-h-f-at-%C5%8Ddas-conseil-4440337593,Chef de mission Expertise Comptable (H/F),ŌDAS CONSEIL,posted,2026-07-19T09:41:46.091244,723
dadcd14960508cf1,https://fr.linkedin.com/jobs/view/amp-aes-h-f-en-cdi-mas-des-fontaines-at-apreh-4440616580,AMP/AES  H/F en CDI - MAS DES FONTAINES,,scraped,2026-07-19T09:41:48.806116,
6ade87df030bc5c1,https://fr.linkedin.com/jobs/view/commis-sommelier-at-ch%C3%A2teau-saint-martin-spa-4431225707,Commis Sommelier,Château Saint-Martin & Spa,posted,2026-07-19T09:42:09.677939,1050
c0c60480b424c3cc,https://mc.linkedin.com/jobs/view/charg%C3%A9-de-client%C3%A8le-bilingue-anglais-fran%C3%A7ais-100%25-t%C3%A9l%C3%A9travail-at-talentpop-app-4439623360,Chargé de Clientèle Bilingue (Anglais/Français) - 100% Télétravail,TalentPop App,posted,2026-07-19T09:42:18.818227,1052
dbcd616e37802af2,https://fr.linkedin.com/jobs/view/conseiller-de-vente-vendeur-h-f-at-bricomarch%C3%A9-segr%C3%A9-en-anjou-bleu-4439291115,CONSEILLER DE VENTE - VENDEUR (H/F),,scraped,2026-07-19T09:42:21.474619,
c122bfbf41b7233d,https://fr.linkedin.com/jobs/view/assistant-administration-des-ventes-h-f-06-at-foussier-4441772150,Assistant Administration des Ventes H/F (06),FOUSSIER,posted,2026-07-19T09:42:35.387707,1054
22f715210c5fcf4b,https://it.linkedin.com/jobs/view/addetto-a-alle-vendite-sanremo-%C2%A0-new-opening%21-at-wycon-cosmetics-4439875095,Addetto\a alle vendite - Sanremo -  New Opening!,,scraped,2026-07-19T09:42:38.027759,
f22312ff54bb359a,https://fr.linkedin.com/jobs/view/directeur-adjoint-magasin-h-f-nb-at-kiabi-4440681421,_Directeur Adjoint Magasin (h/f/nb),KIABI,posted,2026-07-19T09:42:56.315716,1056
f588a2ae1d731757,https://fr.linkedin.com/jobs/view/vendeur-h-f-at-boulangerie-ange-4441994189,Vendeur H/F,,scraped,2026-07-19T09:43:04.929083,
f8914234b6ce4368,https://fr.linkedin.com/jobs/view/directeur-de-projets-digital-x-f-h-at-house-of-aby-4438732073,Directeur de projets digital X/ F/H,HOUSE OF ABY,posted,2026-07-19T09:43:20.275987,1058
c9bcde06094bef05,https://fr.linkedin.com/jobs/view/ai-engineer-h-f-nb-at-keyrus-4440212004,AI engineer (H/F/NB),,scraped,2026-07-19T09:43:22.991652,
f70ee06ff592c092,https://fr.linkedin.com/jobs/view/cuisinier-snackeur-h-f-at-wink-4439168167,"Cuisinier, snackeur H/F",,scraped,2026-07-19T09:43:29.404456,
be48bdde0745fb5c,https://fr.linkedin.com/jobs/view/conseiller-fun%C3%A9raire-h-f-at-funecap-groupe-4440648287,Conseiller Funéraire - H/F,,scraped,2026-07-19T09:43:36.130819,
b05a48d6bd03c065,https://fr.linkedin.com/jobs/view/testeur-logiciel-at-red-tic-4441473589,TESTEUR LOGICIEL,,scraped,2026-07-19T09:43:43.723137,
03a5040a7a356b89,https://fr.linkedin.com/jobs/view/vendeur-alimentaire-h-f-at-bricomarch%C3%A9-segr%C3%A9-en-anjou-bleu-4439651929,VENDEUR ALIMENTAIRE (H/F),,scraped,2026-07-19T09:43:51.791742,
cb2cd0b4701ec8ae,https://mc.linkedin.com/jobs/view/artificial-intelligence-co-founder-cmo-100-%25-remote-m-f-d-at-ewor-4441353077,Artificial Intelligence Co-Founder / CMO (100 % remote) (m/f/d),,scraped,2026-07-19T09:43:58.250042,
3de54d52c5cd7f06,https://fr.linkedin.com/jobs/view/employ%C3%A9-commercial-dph-h-f-at-coop%C3%A9rative-u-4440065601,Employé commercial DPH H/F,Coopérative U,posted,2026-07-19T09:44:11.361242,1060
7939943b2e892c83,https://fr.linkedin.com/jobs/view/ai-engineer-h-f-nb-at-keyrus-4439987974,AI engineer (H/F/NB),,scraped,2026-07-19T09:44:14.045644,
ab3ddcaa3c41ee53,https://fr.linkedin.com/jobs/view/cdd-6-mois-vendeur-en-animalerie-h-f-at-animalis-4441313544,CDD 6 mois - Vendeur en animalerie H/F,,scraped,2026-07-19T09:44:20.730121,
66929ea26a00280b,https://fr.linkedin.com/jobs/view/assistant-commercial-at-laforet-valbonne-exclusive-properties-4438410560,Assistant commercial,LAFORET VALBONNE - Exclusive Properties,posted,2026-07-19T09:44:35.418871,1062
7ea20b30419c62e9,https://mc.linkedin.com/jobs/view/sp%C3%A9cialiste-bilingue-fran%C3%A7ais-anglais-du-support-client-%E2%80%94-voix-et-chat-at-talentpop-app-4438435793,Spécialiste Bilingue (Français/Anglais) du Support Client — Voix et Chat,TalentPop App,posted,2026-07-19T09:44:43.692200,1064
98b0cb901924e17e,https://fr.linkedin.com/jobs/view/directeur-de-franchise-directrice-de-franchise-at-avenir-r%C3%A9novations-4441949739,Directeur de franchise/Directrice de franchise,,scraped,2026-07-19T09:44:46.321610,
fdfda1a58b30fd7b,https://fr.linkedin.com/jobs/view/aide-m%C3%A9nager-%C3%A8re-f-h-at-onela-etre-bien-chez-soi-4440663374,Aide-Ménager(ère) F/H,,scraped,2026-07-19T09:44:53.896302,
62e202114020dfe9,https://fr.linkedin.com/jobs/view/vendeur-cycle-h-f-06-alternance-at-alltricks-4440677068,Vendeur cycle (H/F) - (06) Alternance,,scraped,2026-07-19T09:45:01.384495,
5f3d355511934d00,https://fr.linkedin.com/jobs/view/fabricant-deviseur-%E2%80%93-imprimerie-num%C3%A9rique-grand-format-h-f-at-exhibit-group-4441976284,Fabricant Deviseur – Imprimerie Numérique Grand Format H/F,,scraped,2026-07-19T09:45:08.128511,
2c10465b39930f61,https://fr.linkedin.com/jobs/view/assistant-e-administratif-ve-des-enseignants-h-f-at-edhec-business-school-4440754377,Assistant(e) administratif(ve) des enseignants - H/F,EDHEC Business School,posted,2026-07-19T09:45:27.689595,1066
ace61937c3f7f4f0,https://mc.linkedin.com/jobs/view/charg%C3%A9-de-client%C3%A8le-bilingue-anglais-fran%C3%A7ais-100%25-t%C3%A9l%C3%A9travail-at-talentpop-app-4439624304,Chargé de Clientèle Bilingue (Anglais/Français) - 100% Télétravail,TalentPop App,posted,2026-07-19T09:45:35.620071,1068
e6e49c7bd113ca23,https://fr.linkedin.com/jobs/view/ouvrier-de-fabrication-boucherie-saucisserie-h-f-at-leclerc-le-poire-sur-vie-4442443563,OUVRIER DE FABRICATION BOUCHERIE - SAUCISSERIE - H/F,,scraped,2026-07-19T09:45:38.295175,
69d7f48b01da2a38,https://fr.linkedin.com/jobs/view/accompagnant-educatif-et-social-h-f-cdd-mecs-mougins-at-apreh-4440626069,Accompagnant Educatif et Social H/F - CDD - MECS MOUGINS,,scraped,2026-07-19T09:45:45.030318,
b521f776aee80c63,https://fr.linkedin.com/jobs/view/in-store-specialist-paris-h-f-at-essilorluxottica-4439024953,In-Store Specialist - Paris (H/F),,scraped,2026-07-19T09:45:55.921600,
397e98d563526fd8,https://fr.linkedin.com/jobs/view/product-owner-sophia-antipolis-h-f-at-exalt-4302721558,Product Owner / Sophia-Antipolis H/F,,scraped,2026-07-19T09:46:03.203196,
9186ae578589446c,https://mc.linkedin.com/jobs/view/francophone-customer-support-representative-%E2%80%93-remote-at-talentpop-app-4438498922,Francophone Customer Support Representative – Remote,TalentPop App,posted,2026-07-19T09:46:12.411599,1022
6faa32e99e99bbae,https://fr.linkedin.com/jobs/view/commis-de-cuisine-cuisinier-en-restauration-universitaire-nice-crous-nice-toulon-h-f-at-crous-nice-toulon-4441761388,Commis de cuisine - Cuisinier en restauration universitaire Nice - Crous Nice Toulon (H/F),Crous Nice-Toulon,posted,2026-07-19T09:46:25.999687,1070
90eaa740aa3aec46,https://mc.linkedin.com/jobs/view/french-bilingual-customer-service-specialist-at-talentpop-app-4438784922,French Bilingual Customer Service Specialist,TalentPop App,posted,2026-07-19T09:46:34.574933,894
9ad3d0cec73de86b,https://mc.linkedin.com/jobs/view/repr%C3%A9sentant-e-du-service-%C3%A0-la-client%C3%A8le-bilingue-fran%C3%A7ais-anglais-%E2%80%94-t%C3%A9l%C3%A9travail-at-talentpop-app-4438791349,Représentant(e) du Service à la Clientèle Bilingue (Français/Anglais) — Télétravail,TalentPop App,posted,2026-07-19T09:46:42.143635,1072
4828d9d67fee21b8,https://mc.linkedin.com/jobs/view/repr%C3%A9sentant-e-du-service-%C3%A0-la-client%C3%A8le-bilingue-fran%C3%A7ais-anglais-%E2%80%94-t%C3%A9l%C3%A9travail-at-talentpop-app-4438797199,Représentant(e) du Service à la Clientèle Bilingue (Français/Anglais) — Télétravail,TalentPop App,posted,2026-07-19T09:46:51.810775,1074
4b67cf80561d4aff,https://mc.linkedin.com/jobs/view/repr%C3%A9sentant-e-du-service-%C3%A0-la-client%C3%A8le-bilingue-fran%C3%A7ais-anglais-%E2%80%94-t%C3%A9l%C3%A9travail-at-talentpop-app-4438794266,Représentant(e) du Service à la Clientèle Bilingue (Français/Anglais) — Télétravail,TalentPop App,posted,2026-07-19T09:47:00.776684,1076
b8d813ee6e740b6d,https://fr.linkedin.com/jobs/view/stage-long-assistant-boutique-nice-septembre-2026-at-cartier-4430599008,"STAGE LONG - Assistant Boutique - Nice, Septembre 2026",Cartier,posted,2026-07-19T09:47:12.548661,1078
e299592f76f24d6a,https://mc.linkedin.com/jobs/view/french%2Benglish-bilingual-customer-service-representative-at-talentpop-app-4438428891,French+English Bilingual Customer Service Representative,TalentPop App,posted,2026-07-19T09:47:22.105636,1080
f1fbe84a9257d658,https://mc.linkedin.com/jobs/view/senior-sales-associate-%E2%80%93-monaco-cdi-at-mvip-consulting-4441303342,SENIOR SALES ASSOCIATE – MONACO (CDI),,scraped,2026-07-19T09:47:24.745100,
865f3141aeb82d26,https://fr.linkedin.com/jobs/view/employ%C3%A9-de-m%C3%A9nage-h-f-at-centre-services-4440727887,Employé de ménage (H/F),,scraped,2026-07-19T09:47:31.165540,
a92dbcee13704cb7,https://fr.linkedin.com/jobs/view/senior-business-manager-at-tmc-4437277128,Senior Business Manager,,scraped,2026-07-19T09:47:38.934205,
e1fa51e20a9adcfa,https://fr.linkedin.com/jobs/view/plongeur-h-f-at-joa-casinos-loisirs-4438432251,Plongeur H/F,,scraped,2026-07-19T09:47:46.671068,
8d1d782024e53255,https://fr.linkedin.com/jobs/view/ads-port-de-villefranche-at-groupe-protector-4439853841,"ADS, Port de Villefranche",GROUPE PROTECTOR,posted,2026-07-19T09:48:07.925591,1082
4374d14e6c68bfbd,https://fr.linkedin.com/jobs/view/directeur-de-franchise-directrice-de-franchise-at-avenir-r%C3%A9novations-4441956611,Directeur de franchise/Directrice de franchise,,scraped,2026-07-19T09:48:10.590687,
3638c645b63a0643,https://mc.linkedin.com/jobs/view/francophone-customer-support-representative-%E2%80%93-remote-at-talentpop-app-4439624338,Francophone Customer Support Representative – Remote,TalentPop App,posted,2026-07-19T09:48:21.849932,1022
e28dd645c0fdcb98,https://fr.linkedin.com/jobs/view/employ%C3%A9-de-m%C3%A9nage-h-f-at-centre-services-4439857208,Employé de ménage (H/F),,scraped,2026-07-19T09:48:24.533752,
d4b76520c57a7d38,https://mc.linkedin.com/jobs/view/agent-de-support-client%C3%A8le-international-h-f-at-talentpop-app-4437644732,Agent de Support Clientèle International (H/F),TalentPop App,posted,2026-07-19T09:48:37.359281,1084
8a2c7cf9f292144e,https://mc.linkedin.com/jobs/view/agent-de-support-client%C3%A8le-international-h-f-at-talentpop-app-4437649680,Agent de Support Clientèle International (H/F),TalentPop App,posted,2026-07-19T09:48:46.560763,1086
06e87c9e87d037e2,https://mc.linkedin.com/jobs/view/virtual-customer-support-agent-french-english-%E2%80%93-100%25-remote-at-talentpop-app-4438441624,Virtual Customer Support Agent (French/English) – 100% Remote,TalentPop App,posted,2026-07-19T09:48:51.256787,477
897fa9ff8f641612,https://mc.linkedin.com/jobs/view/virtual-customer-support-agent-french-english-%E2%80%93-100%25-remote-at-talentpop-app-4438716073,Virtual Customer Support Agent (French/English) – 100% Remote,TalentPop App,posted,2026-07-19T09:48:56.950861,477
db1f2d549505b9d5,https://mc.linkedin.com/jobs/view/virtual-customer-support-agent-french-english-%E2%80%93-100%25-remote-at-talentpop-app-4438446156,Virtual Customer Support Agent (French/English) – 100% Remote,TalentPop App,scraped,2026-07-19T09:49:00.871079,
85196538fd4bc48b,https://mc.linkedin.com/jobs/view/virtual-customer-support-agent-french-english-%E2%80%93-100%25-remote-at-talentpop-app-4438703744,Virtual Customer Support Agent (French/English) – 100% Remote,TalentPop App,scraped,2026-07-19T09:49:04.919482,
3e8c08faaa4d3b7e,https://mc.linkedin.com/jobs/view/virtual-customer-support-agent-french-english-%E2%80%93-100%25-remote-at-talentpop-app-4438705734,Virtual Customer Support Agent (French/English) – 100% Remote,TalentPop App,posted,2026-07-19T09:49:09.375607,477
d977ddd146017ebf,https://fr.linkedin.com/jobs/view/commis-de-cuisine-matin-h-f-at-inwood-hotels-4440292761,Commis de cuisine - Matin - H/F,,scraped,2026-07-19T09:49:12.112833,
d611c78a1646ccaf,https://fr.linkedin.com/jobs/view/directeur-%C3%A9tudes-h-f-at-fayat-batiment-4440751139,Directeur études H/F,,scraped,2026-07-19T09:49:19.874426,
add89db121247c04,https://fr.linkedin.com/jobs/view/m%C3%A9canicien-automobile-confirm%C3%A9-h-f-at-speedy-france-4440993064,Mécanicien automobile confirmé H/F,,scraped,2026-07-19T09:49:26.968276,
869ef1b6371a65e4,https://fr.linkedin.com/jobs/view/technico-commercial-fournitures-industrielles-m%C3%A9tal-h-f-06-at-foussier-4441766356,Technico commercial Fournitures industrielles - Métal H/F (06),FOUSSIER,posted,2026-07-19T09:49:39.810665,1088
d9554cdef4a88566,https://fr.linkedin.com/jobs/view/manager-de-rayon-boulangerie-at-bricomarch%C3%A9-segr%C3%A9-en-anjou-bleu-4439284506,MANAGER DE RAYON boulangerie,,scraped,2026-07-19T09:49:42.563075,
43f6bfcfa2d5ef6a,https://fr.linkedin.com/jobs/view/cordiste-h-f-h-f-at-pns-interim-4442438637,Cordiste H/F (H/F),PNS INTERIM,posted,2026-07-19T09:49:55.694478,1090
43776e0c70f61aba,https://fr.linkedin.com/jobs/view/scrum-ba-sophia-antipolis-0-it-freelance-at-free-work-4439653532,Scrum/BA - Sophia Antipolis/0 (IT) / Freelance,,scraped,2026-07-19T09:49:58.437827,
f49a7a8db9a1f9cc,https://mc.linkedin.com/jobs/view/francophone-customer-support-representative-%E2%80%93-remote-at-talentpop-app-4439623354,Francophone Customer Support Representative – Remote,TalentPop App,posted,2026-07-19T09:50:07.428376,1022
2553fd238f0197fb,https://fr.linkedin.com/jobs/view/responsable-exploitation-responsable-mat%C3%A9riaux-confirm%C3%A9-e-f-h-at-vinci-construction-4441989964,Responsable Exploitation / Responsable Matériaux confirmé(e) F/H,,scraped,2026-07-19T09:50:10.087443,
b662f6782b04db64,https://mc.linkedin.com/jobs/view/francophone-customer-support-representative-%E2%80%93-remote-at-talentpop-app-4439620454,Francophone Customer Support Representative – Remote,TalentPop App,posted,2026-07-19T09:50:20.158511,1022
fe133e6e32e8e6b8,https://fr.linkedin.com/jobs/view/technicien-ne-polyvalent-e-f-h-at-vinci-energies-4442167645,Technicien(ne) Polyvalent(e) F/H,,scraped,2026-07-19T09:50:22.925782,
f081b59185be038e,https://fr.linkedin.com/jobs/view/change-manager-en-projets-industriels-h-f-at-virbac-4441772547,Change Manager en projets industriels (H/F),,scraped,2026-07-19T09:50:30.085503,
164bbca577f11e66,https://fr.linkedin.com/jobs/view/solomeo-talent-academy-at-brunello-cucinelli-4439413822,Solomeo Talent Academy,Brunello Cucinelli,posted,2026-07-19T09:50:43.194502,1092
19e175fc459e2445,https://fr.linkedin.com/jobs/view/chef-d%E2%80%99agence-cheffe-d%E2%80%99agence-at-avenir-r%C3%A9novations-4441965229,Chef d’agence/Cheffe d’agence,,scraped,2026-07-19T09:50:45.824783,
55d9ff8844722bfe,https://fr.linkedin.com/jobs/view/conseiller-client%C3%A8le-premium-at-societe-generale-4438491922,Conseiller Clientèle Premium,,scraped,2026-07-19T09:50:53.170785,
84623f87ecdfa78b,https://fr.linkedin.com/jobs/view/data-analyst-at-vishay-intertechnology-inc-4433813009,Data Analyst,"Vishay Intertechnology, Inc.",posted,2026-07-19T09:51:07.224604,1094
d8b8377056e7d573,https://mc.linkedin.com/jobs/view/french-customer-support-specialist-bilingual-fr-en-non-voice-blended-remote-at-talentpop-app-4438789476,French Customer Support Specialist (Bilingual FR/EN | Non-Voice/Blended | Remote),TalentPop App,posted,2026-07-19T09:51:11.832989,389
c00f98ecb5c1da66,https://mc.linkedin.com/jobs/view/french-speaking-customer-support-specialist-at-talentpop-app-4438797231,French-Speaking Customer Support Specialist,TalentPop App,posted,2026-07-19T09:51:16.592688,241
de6968b8adc002ba,https://mc.linkedin.com/jobs/view/french-customer-support-specialist-bilingual-fr-en-non-voice-blended-remote-at-talentpop-app-4438784939,French Customer Support Specialist (Bilingual FR/EN | Non-Voice/Blended | Remote),TalentPop App,posted,2026-07-19T09:51:21.310430,389
3b355de27ead3a1f,https://mc.linkedin.com/jobs/view/femme-de-chambre-valet-de-chambre-h-f-at-novotel-hotels-4441376984,Femme de chambre/ Valet de chambre (H/F),,scraped,2026-07-19T09:51:23.906634,
0d6dcd443c900dd3,https://fr.linkedin.com/jobs/view/m%C3%A9decin-g%C3%A9n%C3%A9raliste-h-f-%E2%80%93-cdi-%E2%80%93-nice-06-at-wink-4439853567,Médecin Généraliste H/F – CDI – Nice (06),,scraped,2026-07-19T09:51:31.303889,
463a7a69147f3c68,https://fr.linkedin.com/jobs/view/ads-port-de-villefranche-at-groupe-protector-4440681268,"ADS, Port de Villefranche",GROUPE PROTECTOR,scraped,2026-07-19T09:51:39.309954,
9dd0647e530769fc,https://fr.linkedin.com/jobs/view/agent-technique-h-f-at-inicea-4440749181,Agent technique H/F,Inicea,posted,2026-07-19T09:51:47.844558,994
0d032485f90819c0,https://mc.linkedin.com/jobs/view/physics-expert-fully-remote-upto-%2490-hr-at-mercor-4442513083,Physics Expert - Fully Remote | Upto $90/hr,Mercor,posted,2026-07-19T09:51:56.470780,1096
dfb4d567d4b671e9,https://fr.linkedin.com/jobs/view/responsable-d%C3%A9veloppement-foncier-h-f-at-marignan-4438723289,Responsable Développement Foncier H/F,,scraped,2026-07-19T09:51:59.050782,
52599b414af862c1,https://fr.linkedin.com/jobs/view/n%C3%A9gociateur-immobilier-at-sophie-peirano-real-estate-4441217004,Négociateur immobilier,,scraped,2026-07-19T09:52:06.582577,
895efc0a13241ca2,https://fr.linkedin.com/jobs/view/ing%C3%A9nieur-e-travaux-f-h-at-vinci-energies-4442173443,Ingénieur.e travaux F/H,,scraped,2026-07-19T09:52:17.343624,
3363ae372c455b87,https://mc.linkedin.com/jobs/view/stage-commercial-e-6-mois-%C3%A0-partir-d-octobre-2026-at-fairmont-hotels-resorts-4431892391,Stage Commercial (e) - 6 mois à partir d'octobre 2026,Fairmont Hotels &amp; Resorts,posted,2026-07-19T09:52:30.881053,1098
96be3f6aa3479f97,https://fr.linkedin.com/jobs/view/technicien-ne-multitechnique-%E2%80%93-production-utilities-f-h-at-vinci-energies-4442129985,Technicien(ne) Multitechnique – Production & Utilities F/H,,scraped,2026-07-19T09:52:35.568544,
1a02bc3ac5a2aa83,https://fr.linkedin.com/jobs/view/technicien-planification-ordonnancement-lancement-f-h-randstad-professional-at-aerocontact-4438887997,TECHNICIEN PLANIFICATION/ORDONNANCEMENT/LANCEMENT (F/H) - Randstad professional,AEROCONTACT.COM,posted,2026-07-19T09:52:54.158541,1100
88dcdec4fc0bbc15,https://fr.linkedin.com/jobs/view/commercial-commerciale-at-camif-habitat-4438098691,Commercial/Commerciale,,scraped,2026-07-19T09:52:56.807553,
db8ad0aef73f2357,https://fr.linkedin.com/jobs/view/receptionnaire-atelier-h-f-at-feu-vert-france-4441771315,RECEPTIONNAIRE ATELIER H/F,,scraped,2026-07-19T09:53:05.593545,
4d821b3058cba405,https://fr.linkedin.com/jobs/view/qa-lead-h-f-at-synchrone-fr-4439247483,QA Lead (H/F),,scraped,2026-07-19T09:53:14.399147,
525941947504c3cd,https://fr.linkedin.com/jobs/view/stagiaire-assistant-production-logistique-studio-de-production-publicitaire-at-petit-studio-grands-boulevards-4440525192,Stagiaire Assistant Production & Logistique - Studio de production publicitaire,,scraped,2026-07-19T09:53:22.389122,
7fece2e9e5fa9290,https://fr.linkedin.com/jobs/view/urban-outfitters-sales-associate-conseiller-de-vente-nice-fr-at-urban-outfitters-europe-4392075401,"Urban Outfitters Sales Associate / Conseiller de vente - Nice, FR",Urban Outfitters Europe,posted,2026-07-19T09:53:41.528241,1102
b43359b35382aea5,https://mc.linkedin.com/jobs/view/segretario-a-157258-at-orienta-agenzia-per-il-lavoro-4437292242,| SEGRETARIO/A | 157258 |,,scraped,2026-07-19T09:53:46.066752,
89bd07a792d25672,https://fr.linkedin.com/jobs/view/dessinateur-projeteur-electricit%C3%A9-f-h-at-weeneo-consulting-4440606606,Dessinateur Projeteur Electricité F/H,,scraped,2026-07-19T09:53:53.760799,
501e01818b6cdbd3,https://fr.linkedin.com/jobs/view/chef-fe-de-chantier-f-h-at-vinci-construction-4442140512,Chef.fe de chantier F/H,,scraped,2026-07-19T09:54:04.018612,
e9cf68a5953867b3,https://fr.linkedin.com/jobs/view/ing%C3%A9nieur-r%C3%A9seau-h-f-at-matawan-services-4439029213,Ingénieur Réseau H/F,,scraped,2026-07-19T09:54:12.293844,
93e27a7bfa23170c,https://mc.linkedin.com/jobs/view/charg%C3%A9-d-affaires-cfo-cfa-h-f-at-fauch%C3%A9-4423358375,Chargé d'affaires CFO/CFA H/F,,scraped,2026-07-19T09:54:22.872883,
fc2004ad867115d0,https://fr.linkedin.com/jobs/view/chef-fe-de-chantier-f-h-at-vinci-4442105357,Chef.fe de chantier F/H,,scraped,2026-07-19T09:54:32.449342,
e704047da902dd89,https://fr.linkedin.com/jobs/view/fr-cuisinier-commis-de-cuisine-h-f-x-alternance-at-accor-4441199654,FR - Cuisinier / Commis de cuisine (H/F/X) ALTERNANCE,Accor,posted,2026-07-19T09:54:49.711368,1104
3d785feed565fa58,https://fr.linkedin.com/jobs/view/senior-data-centric-software-engineer-at-doriane-4440674343,Senior data-centric software engineer,,scraped,2026-07-19T09:54:52.467453,
78ef11010eebf5c4,https://fr.linkedin.com/jobs/view/conseiller-de-vente-h-f-at-wink-4439415766,Conseiller de vente (H/F),,scraped,2026-07-19T09:54:58.990523,
e0305ba7280b4da4,https://fr.linkedin.com/jobs/view/vendeur-en-tissus-et-d%C3%A9coration-int%C3%A9rieure-h-f-cannes-at-tdu-group-4440666983,Vendeur en tissus et décoration intérieure h/f - CANNES,,scraped,2026-07-19T09:55:05.433458,
d6b4912c8094a2f6,https://fr.linkedin.com/jobs/view/employ%C3%A9-e-de-caisse-en-restauration-nice-at-joe-the-juice-4439115377,Employé(e) de caisse en restauration - Nice,,scraped,2026-07-19T09:55:14.724160,
bfbee8b830e654da,https://fr.linkedin.com/jobs/view/ing%C3%A9nieur-e-%C3%A9tudes-de-prix-g%C3%A9nie-civil-et-travaux-maritimes-f-h-at-vinci-4442108070,Ingénieur.e études de prix Génie Civil et travaux Maritimes F/H,,scraped,2026-07-19T09:55:21.404677,
9630668e9b78a297,https://fr.linkedin.com/jobs/view/conseiller-de-vente-h-f-at-wink-4441188419,Conseiller de vente (H/F),,scraped,2026-07-19T09:55:28.141799,
553cb47ad6dbb37b,https://fr.linkedin.com/jobs/view/technicien-frigoriste-sav-h-f-at-azur-pro-cuisine-4439797161,TECHNICIEN FRIGORISTE - SAV (H/F),,scraped,2026-07-19T09:55:36.911783,
0ff7b3af0f230c07,https://mc.linkedin.com/jobs/view/chef-de-mission-comptable-at-fimexco-sam-4437196682,Chef de mission comptable,,scraped,2026-07-19T09:55:45.815151,
339e788e58e6b252,https://fr.linkedin.com/jobs/view/infirmier-ere-h-f-at-groupe-sos-4442115619,INFIRMIER.ERE H/F,,scraped,2026-07-19T09:55:59.827966,
988b29cd228a4350,https://fr.linkedin.com/jobs/view/business-developer-h-f-f-h-at-apixit-4437246189,Business Developer H-F F/H,,scraped,2026-07-19T09:56:07.634645,
2aea6ae0ed29640e,https://fr.linkedin.com/jobs/view/d%C3%A9veloppeur-java-angular-f-h-at-atos-4378974144,Développeur Java/Angular F/H,,scraped,2026-07-19T09:56:15.642855,
2c4a52a371dff0b8,https://fr.linkedin.com/jobs/view/conseiller-%C3%A8re-vente-omnicanal-h-f-at-decathlon-france-4438990970,Conseiller-ère Vente Omnicanal (H/F),,scraped,2026-07-19T09:56:23.371997,
7f86ff67c59ee925,https://fr.linkedin.com/jobs/view/alternance-sales-development-representative-sophia-antipolis-h-f-at-leyton-4404687515,Alternance Sales Development Representative SOPHIA-ANTIPOLIS (H/F),,scraped,2026-07-19T09:56:30.502039,
143da788d632adf3,https://fr.linkedin.com/jobs/view/cuisinier-h-f-at-wink-4440620002,Cuisinier (H/F),,scraped,2026-07-19T09:56:38.808370,
3b35b973147d274d,https://fr.linkedin.com/jobs/view/conseiller-de-vente-h-f-at-wink-4440297768,CONSEILLER DE VENTE (H/F),,scraped,2026-07-19T09:56:45.521492,
9fd4c613fa502101,https://fr.linkedin.com/jobs/view/aide-soignant-h-f-en-cdi-mas-des-fontaines-at-apreh-4440609794,Aide-soignant H/F en CDI - MAS DES FONTAINES,,scraped,2026-07-19T09:56:51.866875,
683bda6a6d2a86c4,https://fr.linkedin.com/jobs/view/packer-at-greif-4414642239,Packer,Greif,posted,2026-07-19T09:57:08.842212,1106
40f2128933521e03,https://fr.linkedin.com/jobs/view/projeteur-conception-%C3%A9lectrique-%E2%80%93-coffrets-multi-techniques-freelance-mission-freelance-h-f-at-yalink-4440602756,Projeteur Conception Électrique – Coffrets Multi-techniques (Freelance) - Mission freelance (H/F),,scraped,2026-07-19T09:57:11.484351,
db236e7b6ace262e,https://mc.linkedin.com/jobs/view/remote-french-bilingual-customer-support-representative-at-talentpop-app-4437642798,Remote French Bilingual Customer Support Representative,TalentPop App,posted,2026-07-19T09:57:21.547939,669
ea13096903bfcd5a,https://fr.linkedin.com/jobs/view/agent-technique-h-f-at-four-seasons-4412982688,Agent Technique (H/F),Four Seasons,posted,2026-07-19T09:57:30.053593,994
afe11915c848d605,https://fr.linkedin.com/jobs/view/m%C3%A9canicien-sur-engins-tp-travaux-publics-f-h-at-vinci-energies-4442167640,Mécanicien sur engins TP / Travaux Publics F/H,,scraped,2026-07-19T09:57:32.715630,
a6fcf6af26805fb7,https://fr.linkedin.com/jobs/view/technicien-de-maintenance-cfo-f-h-at-vinci-energies-4441993659,Technicien de maintenance CFO F/H,,scraped,2026-07-19T09:57:41.680560,
d6aaf993ce1ba256,https://fr.linkedin.com/jobs/view/stagiaire-business-developer-terrain-h-f-%E2%80%93-r%C3%A9gion-paca-at-santexpress-4441940649,Stagiaire Business Developer Terrain (H/F) – Région PACA,,scraped,2026-07-19T09:57:48.786187,
dc97b5d26a254574,https://fr.linkedin.com/jobs/view/technicien-ne-electricit%C3%A9-f-h-at-vinci-4442101314,Technicien(ne) Electricité F/H,,scraped,2026-07-19T09:57:55.008300,
3bffddcb2b72f4cb,https://fr.linkedin.com/jobs/view/infirmier-h-f-cannes-at-admr-des-alpes-maritimes-4440201098,Infirmier H/F - Cannes,ADMR des Alpes-Maritimes,posted,2026-07-19T09:58:11.244705,1108
19938e6b6510a2a1,https://fr.linkedin.com/jobs/view/carrossier-peintre-h-f-h-f-at-pns-interim-4442523206,CARROSSIER/ PEINTRE H/F (H/F),PNS INTERIM,posted,2026-07-19T09:58:20.192341,1110
348c26155f4a6456,https://fr.linkedin.com/jobs/view/d%C3%A9veloppeur-c%2B%2B-h-f-at-reel-it-groupe-4442130007,Développeur C++ (H/F),,scraped,2026-07-19T09:58:23.113672,
e5cd3057bc119e55,https://fr.linkedin.com/jobs/view/responsable-marketing-digital-acquisition-h-f-at-uptoo-4430548773,Responsable Marketing Digital & Acquisition (H/F),,scraped,2026-07-19T09:58:33.561011,
125248fdce95431d,https://fr.linkedin.com/jobs/view/cdd-vendeur-cycle-06-h-f-at-alltricks-4440617150,CDD - Vendeur cycle (06) - (H/F),,scraped,2026-07-19T09:58:40.616976,
6d4c03096543754d,https://fr.linkedin.com/jobs/view/commercial-b2b-f-h-at-oktogone-group-4441459888,Commercial B2B (F/H),,scraped,2026-07-19T09:58:47.389591,
2f8306dcaf28c66c,https://fr.linkedin.com/jobs/view/directeur-des-syst%C3%A8mes-d-information-h-f-at-olyos-group-4433432702,Directeur des Systèmes d'Information H/F,,scraped,2026-07-19T09:58:54.451615,
f97acc8dee49e7ae,https://fr.linkedin.com/jobs/view/infirmier-%C3%A8re-h-f-cdi-at-apreh-4440610639,Infirmier(ère) (H/F) CDI,,scraped,2026-07-19T09:59:01.345338,
fd45c126f833cb86,https://fr.linkedin.com/jobs/view/d%C3%A9veloppeur-java-full-stack-s%C3%A9nior-h-f-at-fenyx-consult-4441987801,Développeur Java full stack sénior H/F,FENYX Group,posted,2026-07-19T09:59:47.829802,1112
07d7982733b2dd7e,https://fr.linkedin.com/jobs/view/technicien-de-maintenance-cvc-f-h-at-vinci-energies-4442148052,Technicien de maintenance CVC F/H,,scraped,2026-07-19T09:59:50.483136,
56e8cbd6a2ce7549,https://fr.linkedin.com/jobs/view/employ%C3%A9-e-de-caisse-en-restauration-cannes-at-joe-the-juice-4439101905,Employé(e) de caisse en restauration - Cannes,,scraped,2026-07-19T09:59:57.456589,
ee9a1d701ad4cc31,https://fr.linkedin.com/jobs/view/chef-de-secteur-relation-client-pro-f-h-at-castorama-4432406364,Chef de secteur relation client Pro (F/H),,scraped,2026-07-19T10:00:03.860595,
9ade21f0bf53387f,https://fr.linkedin.com/jobs/view/technicien-ne-en-exp%C3%A9rimentation-animale-at-inrae-4440942699,Technicien-ne en expérimentation animale,,scraped,2026-07-19T10:00:11.055822,
9f7ecb83a38f21d7,https://mc.linkedin.com/jobs/view/shadow-dn3-at-boutsen-classic-cars-4442541407,Shadow DN3,,scraped,2026-07-21T10:40:07.191654,
cc269e123debf5c9,https://mc.linkedin.com/jobs/view/mercedes-c220d-break-at-boutsen-classic-cars-4442539499,Mercedes C220d Break,,scraped,2026-07-21T10:40:14.239462,
a185ba7c18b48287,https://mc.linkedin.com/jobs/view/waiter-butler-at-solid-sfo-sam-4443343066,Waiter / Butler,SOLID SFO SAM,posted,2026-07-21T10:40:36.041070,1114
2fd7556fdecbb8a0,https://mc.linkedin.com/jobs/view/slot-manager-at-royal-caribbean-group-4430881020,Slot Manager,Royal Caribbean Group,posted,2026-07-21T10:40:48.936866,1116
49220a1a00f2011d,https://fr.linkedin.com/jobs/view/ing%C3%A9nieur-e-p%C3%A9dagogique-apc-at-universit%C3%A9-c%C3%B4te-d-azur-4440191759,Ingénieur.e pédagogique APC,Université Côte d’Azur,posted,2026-07-21T10:40:59.534882,1118
cf9f592e723f9571,https://fr.linkedin.com/jobs/view/olivier-de-raeymaeker-s%E2%80%99installe-%C3%A0-la-direction-g%C3%A9n%C3%A9rale-du-groupe-rossel-at-the-media-leader-4442605807,Olivier de Raeymaeker s’installe à la direction générale du groupe Rossel,The Media Leader,posted,2026-07-21T10:41:08.314533,1120
c9a0813f8b3bc183,https://fr.linkedin.com/jobs/view/adjoint-administratif-h-f-ifsi-ifas-at-groupe-hospitalier-de-la-riviera-fran%C3%A7aise-4443009621,Adjoint administratif (H/F) IFSI-IFAS,,scraped,2026-07-21T10:41:11.020157,
536ecd8d3ab9ecbb,https://fr.linkedin.com/jobs/view/technicien-b%C3%A2timents-h-f-at-a%C3%A9roports-de-la-c%C3%B4te-d-azur-4441230843,Technicien Bâtiments H/F,,scraped,2026-07-21T10:41:19.867350,
747ef6eadec9ce19,https://mc.linkedin.com/jobs/view/banquier-priv%C3%A9-responsable-relations-g%C3%A9rants-d%E2%80%99actifs-at-societe-generale-private-banking-sgpb-4440166821,Banquier Privé / Responsable Relations Gérants d’Actifs,,scraped,2026-07-21T10:41:27.315199,
566460112e8fc132,https://mc.linkedin.com/jobs/view/alternance-conseiller-e-de-vente-monaco-at-christian-dior-couture-4384837626,Alternance Conseiller(e) de vente - Monaco,,scraped,2026-07-21T10:41:38.615227,
08e213b114ae730b,https://fr.linkedin.com/jobs/view/comptable-tr%C3%A9sorerie-h-f-at-a%C3%A9roports-de-la-c%C3%B4te-d-azur-4443556824,Comptable Trésorerie H/F,,scraped,2026-07-23T10:53:32.362538,
a728e64b88b72c74,https://fr.linkedin.com/jobs/view/directeur-adjoint-innovation-et-partenariats-at-universit%C3%A9-c%C3%B4te-d-azur-4440171390,Directeur adjoint - Innovation et Partenariats,Université Côte d’Azur,posted,2026-07-23T10:53:50.628097,1122
a7151b4e8ecd167a,https://mc.linkedin.com/jobs/view/monteur-%C3%A9lectricien-f-h-at-cegelec-sud-est-grands-projets-4441974498,Monteur électricien F/H,Cegelec Sud-Est Grands Projets,posted,2026-07-23T10:54:00.241233,1124
4442a35b4ab7f0d6,https://fr.linkedin.com/jobs/view/n%C3%A9gociateur-immobilier-at-cdc-immobilier-4440449576,Négociateur Immobilier,,scraped,2026-07-23T10:54:02.924040,
95322c185afe50c9,https://fr.linkedin.com/jobs/view/n%C3%A9gociateur-immobilier-at-cdc-immobilier-4440153809,Négociateur Immobilier,,scraped,2026-07-23T10:54:10.471062,
11f139d862c10966,https://mc.linkedin.com/jobs/view/electricien-d%C3%A9panneur-f-h-at-cegelec-sud-est-grands-projets-4441967855,Electricien dépanneur F/H,Cegelec Sud-Est Grands Projets,posted,2026-07-23T10:54:24.429530,1126
3d710722f698d9b9,https://fr.linkedin.com/jobs/view/charg%C3%A9-e-des-relations-entreprises-at-universit%C3%A9-c%C3%B4te-d-azur-4440406039,Chargé/e des Relations Entreprises,Université Côte d’Azur,posted,2026-07-23T10:54:35.779309,1128
acd784728ca92714,https://fr.linkedin.com/jobs/view/conseiller%C2%B7e-immobilier-transaction-at-orpi-4442429104,Conseiller·e immobilier transaction,,scraped,2026-07-23T10:54:38.460018,
edc9a1fed3ac93ae,https://fr.linkedin.com/jobs/view/assistant-polyvalent-f-h-at-idrac-business-school-4438723884,ASSISTANT POLYVALENT F/H,IDRAC Business School,posted,2026-07-23T10:54:54.737211,1130
0a522d508a2f8a36,https://fr.linkedin.com/jobs/view/charg%C3%A9-e-de-support-aux-outils-num%C3%A9riques-pour-la-scolarit%C3%A9-et-la-p%C3%A9dagogie-at-universit%C3%A9-c%C3%B4te-d-azur-4438720936,Chargé/e de support aux outils numériques pour la scolarité et la pédagogie,Université Côte d’Azur,posted,2026-07-23T10:55:06.671418,1132
834e37f58e6ddd3a,https://mc.linkedin.com/jobs/view/payroll-specialist-lead-netherlands-at-remote-4443959119,Payroll Specialist Lead - Netherlands,Remote,posted,2026-07-23T10:55:18.342867,1134
dfd04af228ab71e6,https://mc.linkedin.com/jobs/view/crew-coordinator-at-fraser-yachts-4440468260,Crew Coordinator,,scraped,2026-07-23T10:55:21.043392,
b228b284bf579c35,https://mc.linkedin.com/jobs/view/accounts-coordinator-at-fundamental-hospitality-4442708114,Accounts Coordinator,,scraped,2026-07-23T10:55:37.648320,
4747dcf3f92680aa,https://fr.linkedin.com/jobs/view/directeur-rice-de-magasin-flagship-h-f%E2%80%93-blue-box-nice-cap-3000-at-blue-box-4442127703,Directeur(rice) de Magasin Flagship H/F– Blue Box Nice (CAP 3000),,scraped,2026-07-23T10:55:48.660473,
abd4461ff47d0217,https://fr.linkedin.com/jobs/view/assistant-store-manager-at-jimmy-choo-4441047359,Assistant Store Manager,Jimmy Choo,posted,2026-07-23T10:56:07.637476,1136
1e8896f4e6cb1e6f,https://fr.linkedin.com/jobs/view/second-ex%C3%A9cutif-h-f-cdi-at-le-domaine-du-mas-de-pierre-4444420432,Second exécutif H/F - CDI,,scraped,2026-07-23T10:56:10.512230,
3df9f39f0f5de8ab,https://fr.linkedin.com/jobs/view/assistant-de-gestion-et-de-caisse-sophia-cannes-crous-nice-toulon-h-f-at-crous-nice-toulon-4441764262,Assistant de gestion et de caisse Sophia Cannes - Crous Nice-Toulon H/F,Crous Nice-Toulon,posted,2026-07-23T10:56:31.384924,1138
b4fdb14712b18c7d,https://fr.linkedin.com/jobs/view/expert-en-gestion-d-entreprise-h-f-at-gcl-l-innovation-dans-l-accompagnement-des-entreprises-4442458171,EXPERT EN GESTION D'ENTREPRISE H/F,,scraped,2026-07-23T10:56:33.966709,
c5b96b9c94220fdb,https://fr.linkedin.com/jobs/view/directeur-du-num%C3%A9rique-h-f-crous-de-nice-toulon-at-crous-nice-toulon-4441766177,Directeur du numérique H/F - Crous de Nice-Toulon,Crous Nice-Toulon,posted,2026-07-23T10:56:56.067888,1140
e6485012e4e4f13e,https://fr.linkedin.com/jobs/view/vendeur-h-f-cdi-35h-at-subdued-4438713650,Vendeur H/F - CDI 35h,,scraped,2026-07-23T10:56:58.904535,
d4708442dcec72bf,https://fr.linkedin.com/jobs/view/conseiller-de-vente-polyvalent-h-f-at-mr-bricolage-4439635040,CONSEILLER DE VENTE POLYVALENT (H/F),Mr.Bricolage,posted,2026-07-23T10:57:10.453782,47
8bfafd125082df8b,https://fr.linkedin.com/jobs/view/courtier-pr%C3%AAt-immobilier-at-mytotem-4441962614,Courtier prêt immobilier,,scraped,2026-07-23T10:57:13.052941,
902e14d956e83c16,https://fr.linkedin.com/jobs/view/directeur-adjoint-magasin-h-f-nb-at-kiabi-4441170839,_Directeur Adjoint Magasin (h/f/nb),KIABI,posted,2026-07-23T10:57:34.763608,1142
2bce0c4ce487b4e4,https://fr.linkedin.com/jobs/view/deux-nominations-chez-prisma-media-at-the-media-leader-4441783680,Deux nominations chez Prisma Media,The Media Leader,posted,2026-07-23T10:57:44.451563,1144
b8e6debb9370f582,https://fr.linkedin.com/jobs/view/job-saisonnier-garde-enfants-et-cours-particuliers-at-tus-media-4442617882,Job saisonnier - Garde enfants et cours particuliers,,scraped,2026-07-23T10:57:47.048242,
24b77963e1ba3187,https://fr.linkedin.com/jobs/view/technicien-support-informatique-solutions-bureautiques-h-f-at-groupe-infoleasys-4443119609,Technicien Support Informatique & Solutions Bureautiques (H/F),Groupe Infoleasys,posted,2026-07-23T10:58:09.893805,1146
a5445835a3f93f3d,https://fr.linkedin.com/jobs/view/%C3%A9quipier-de-nuit%E2%80%93-saint-paul-de-vence-%E2%80%93-cdd-at-le-domaine-du-mas-de-pierre-4444411969,Équipier de nuit– Saint Paul de Vence – CDD,,scraped,2026-07-23T10:58:12.453780,
99b5c49d9739ada0,https://mc.linkedin.com/jobs/view/inspecteur-d-%C3%A9tage-h-f-at-novotel-hotels-4441304291,Inspecteur d'étage (H/F),,scraped,2026-07-23T10:58:19.314972,
a23bca44ec857cea,https://fr.linkedin.com/jobs/view/expert-en-gestion-d-entreprise-h-f-at-gcl-l-innovation-dans-l-accompagnement-des-entreprises-4443521058,EXPERT EN GESTION D'ENTREPRISE H/F,,scraped,2026-07-23T10:58:26.862651,
fc0b24a5afdcecc8,https://fr.linkedin.com/jobs/view/expert-en-gestion-d-entreprise-h-f-at-gcl-l-innovation-dans-l-accompagnement-des-entreprises-4443516308,EXPERT EN GESTION D'ENTREPRISE H/F,,scraped,2026-07-23T10:58:35.856494,
95321c4b11bace24,https://fr.linkedin.com/jobs/view/conseiller-e-immobilier-at-era-immobilier-france-4438711633,Conseiller(e) immobilier,,scraped,2026-07-23T10:58:46.320794,
48653c1f45e2ac03,https://fr.linkedin.com/jobs/view/juriste-sp%C3%A9cialis%C3%A9-en-droit-de-la-sant%C3%A9-h-f-at-upsadi-union-des-prestataires-de-sant%C3%A9-%C3%A0-domicile-ind%C3%A9pendants-4442001046,Juriste spécialisé en droit de la Santé H/F,,scraped,2026-07-23T10:58:54.058742,
e833f09782e97dc0,https://mc.linkedin.com/jobs/view/responsable-relations-client%C3%A8le-at-monte-carlo-soci%C3%A9t%C3%A9-des-bains-de-mer-4443153014,Responsable relations clientèle,,scraped,2026-07-23T10:59:03.193981,
7ea67301c9a264a1,https://fr.linkedin.com/jobs/view/toutes-mains-m%C3%A9nage-at-ecg-4443310970,Toutes mains ménage,,scraped,2026-07-23T10:59:10.266714,
048dcebfc3083de1,https://fr.linkedin.com/jobs/view/charg%C3%A9-e-de-marketing-digital-alternance-at-miy%C3%A9-4444412134,Chargé.e de Marketing Digital (Alternance),,scraped,2026-07-23T10:59:17.626271,
a3a2219c99e2eb73,https://fr.linkedin.com/jobs/view/commis-de-salle-cdd-saisonnier-at-le-domaine-du-mas-de-pierre-4441622048,Commis de salle - CDD saisonnier,,scraped,2026-07-23T10:59:25.717156,
bfbce1cdf6d944d2,https://fr.linkedin.com/jobs/view/event-planner-event-concierge-m-f-at-ac-private-luxury-concierge-4443548913,Event Planner & Event Concierge (M/F),,scraped,2026-07-23T10:59:32.707638,
886441bde4f877b7,https://mc.linkedin.com/jobs/view/bookkeeping-consultant-%2480-hr-remote-at-crossing-hurdles-4442056686,Bookkeeping Consultant | $80/hr Remote,Crossing Hurdles,posted,2026-07-23T10:59:47.960867,1148
066655cf1d25edce,https://fr.linkedin.com/jobs/view/commis-e-de-cuisine-h-f-at-h%C3%B4tel-le-negresco-4442775398,Commis(e) de cuisine (H/F),Hôtel Le Negresco,posted,2026-07-23T11:00:01.205464,1150
50d99c4af6958b92,https://fr.linkedin.com/jobs/view/directeur-general-directrice-generale-at-bras-droit-des-dirigeants-4444420425,DIRECTEUR GENERAL / DIRECTRICE GENERALE,,scraped,2026-07-23T11:00:05.900014,
00f410c14a206b8b,https://fr.linkedin.com/jobs/view/employ%C3%A9-d-atelier-produits-frais-f-h-at-auchan-retail-4442082443,Employé d'atelier Produits frais F/H,,scraped,2026-07-23T11:00:13.006468,
2467ef6204aa6a92,https://fr.linkedin.com/jobs/view/alternance-n%C3%A9gociateur-technico-commercial-h-f-at-isim-4443105733,Alternance Négociateur technico commercial H/F,ISIM,posted,2026-07-23T11:00:31.448474,1152
851b7853797231bd,https://fr.linkedin.com/jobs/view/vendeur-at-le-temps-des-cerises-jeans-4440473821,VENDEUR,LE TEMPS DES CERISES JEANS,posted,2026-07-23T11:00:39.889025,353
33fccbdc3bf7cc74,https://fr.linkedin.com/jobs/view/directeur-d%E2%80%99agence-centre-de-profit-%E2%80%93-projet-entrepreneurial-accompagn%C3%A9-h-f-at-humanis-partners-4444413664,Directeur d’Agence / Centre de Profit – Projet Entrepreneurial Accompagné (H/F),,scraped,2026-07-23T11:00:42.738682,
7f953055d2636240,https://fr.linkedin.com/jobs/view/vendeur-at-le-temps-des-cerises-jeans-4440482455,VENDEUR,LE TEMPS DES CERISES JEANS,scraped,2026-07-23T11:00:56.404478,
c7412619bc5dc6a7,https://fr.linkedin.com/jobs/view/employ%C3%A9-e-commercial-e-frais-libre-service-h-f-at-leclerc-le-poire-sur-vie-4442550464,EMPLOYÉ(E) COMMERCIAL(E) FRAIS LIBRE SERVICE - H/F,,scraped,2026-07-23T11:00:59.001694,
9565252d1a777701,https://fr.linkedin.com/jobs/view/alternance-employ%C3%A9-e-commercial-e-h-f-at-isim-4441179218,Alternance - Employé(e) commercial(e)  (H/F),ISIM,posted,2026-07-23T11:01:14.633313,1154
0ad180652e81d941,https://fr.linkedin.com/jobs/view/femme-valet-de-chambre-cdi-at-le-domaine-du-mas-de-pierre-4444413892,Femme/ Valet de chambre - CDI,,scraped,2026-07-23T11:01:19.253672,
61bc770fe3e94d0c,https://fr.linkedin.com/jobs/view/maitre-maitresse-de-maison-h-f-at-association-paje-pasteur-avenir-jeunesse-4441345434,Maitre / Maitresse de maison H/F,,scraped,2026-07-23T11:01:26.046271,
7ef2a7f370d70af2,https://mc.linkedin.com/jobs/view/conseiller-de-vente-f-h-monaco-cdd-ete-2026-at-christian-dior-couture-4368690303,Conseiller de Vente (F/H) - Monaco - CDD Ete 2026,,scraped,2026-07-23T11:01:34.469541,
3826ab3b9a2f1f50,https://fr.linkedin.com/jobs/view/ing%C3%A9nieur-spatial-h-f-at-alten-4442055807,Ingénieur spatial H/F,ALTEN,posted,2026-07-23T11:01:52.377843,1156
ea223935632538f2,https://fr.linkedin.com/jobs/view/h%C3%B4te-sse-service-client-cdi-vallauris-h-f-at-leroy-merlin-4439293181,Hôte(sse) service client CDI Vallauris (H/F),,scraped,2026-07-23T11:01:55.017433,
1afc27f07e97187b,https://fr.linkedin.com/jobs/view/technicien-d-etudes-cliniques-h-f-stage-4-6-mois-at-qima-4442529883,"Technicien d'Etudes cliniques H/F - (Stage, 4 - 6 mois)",,scraped,2026-07-23T11:02:03.106716,
871173e7488b5b46,https://fr.linkedin.com/jobs/view/alternance-assistant-e-de-direction-h-f-at-isim-4443802736,Alternance - Assistant(e) de Direction H/F,ISIM,posted,2026-07-23T11:02:19.677441,1158
04e5a9cd1d49e166,https://mc.linkedin.com/jobs/view/stage-charg%C3%A9-d%E2%80%99affaires-risques-at-societe-generale-private-banking-sgpb-4439248781,STAGE - Chargé d’affaires Risques,,scraped,2026-07-23T11:02:22.391402,
54aaf29195c7872c,https://fr.linkedin.com/jobs/view/alternance-charg%C3%A9-e-de-client%C3%A8le-h-f-at-isim-4443812648,Alternance Chargé(e) de clientèle H/F,ISIM,posted,2026-07-23T11:02:37.453450,1160
aada6ff1b6fd5168,https://fr.linkedin.com/jobs/view/ophtalmologue-h-f-at-oxance-4443520951,Ophtalmologue H/F,,scraped,2026-07-23T11:02:40.191204,
a45eb6bd6c750536,https://mc.linkedin.com/jobs/view/ing%C3%A9nieur-mobile-h-f-at-digway-4442645381,Ingénieur Mobile (H/F),,scraped,2026-07-23T11:02:48.249992,
4964ff759104d8d2,https://fr.linkedin.com/jobs/view/juriste-en-droit-social-h-f-at-masalex-conseil-4443517196,Juriste en droit social h/f,,scraped,2026-07-23T11:02:55.709130,
41ceed0316d65f72,https://fr.linkedin.com/jobs/view/manager-commerce-h-f-at-decathlon-france-4441303638,Manager Commerce (H/F),,scraped,2026-07-23T11:03:02.304476,
7bef1d0dc0bc016c,https://mc.linkedin.com/jobs/view/cdi-conseiller-de-vente-h-f-at-vhernier-group-4425857730,CDI - Conseiller de Vente H/F,,scraped,2026-07-23T11:03:09.746913,
4b1de4c1ac5e6cd1,https://mc.linkedin.com/jobs/view/senior-analyst-3-at-panthera-insurance-partners-4442669520,Senior Analyst 3,Panthera Insurance Partners,posted,2026-07-23T11:03:23.518927,1162
96448c4c4ce61fb8,https://fr.linkedin.com/jobs/view/alternance-assistant-e-de-direction-h-f-at-isim-4442075514,Alternance - Assistant(e) de direction H/F,ISIM,posted,2026-07-23T11:03:35.073214,1164
d7360e49e0355fe3,https://fr.linkedin.com/jobs/view/pr%C3%A9parateur-livreur-e-commerce-h-f-at-coop%C3%A9rative-u-4443935941,Préparateur/livreur e-commerce H/F,Coopérative U,posted,2026-07-23T11:03:45.157600,1166
f6ea1e722f3dc904,https://fr.linkedin.com/jobs/view/employ%C3%A9-e-de-m%C3%A9nage-h-f-cdi-antibes-at-hubliss-4443573313,Employé (e) de ménage H/F CDI Antibes,,scraped,2026-07-23T11:03:47.806767,
897b7d5d91c127d2,https://fr.linkedin.com/jobs/view/alternance-vendeur-conseil-h-f-at-isim-4442637167,Alternance Vendeur Conseil H/F,ISIM,posted,2026-07-23T11:03:59.664878,323
c7db57e646cbcb04,https://fr.linkedin.com/jobs/view/n%C3%A9gociateur-commercial-at-guy-hoquet-l-immobilier-4442534260,Négociateur commercial,,scraped,2026-07-23T11:04:02.374403,
440fb6737435f58c,https://fr.linkedin.com/jobs/view/charge-de-d%C3%A9veloppement-commercial-assurance-h-f-at-allianz-4442537652,Charge de développement commercial Assurance H/F,,scraped,2026-07-23T11:04:13.782240,
367e6eb254b00c31,https://fr.linkedin.com/jobs/view/plagiste-h-f-at-groupe-barri%C3%A8re-4441039851,Plagiste (H/F),,scraped,2026-07-23T11:04:20.571440,
3306cfa0393bd13a,https://fr.linkedin.com/jobs/view/jean-baptiste-cumin-rejoint-vanksen-au-poste-d%E2%80%99international-business-partner-at-the-media-leader-4442694956,Jean-Baptiste Cumin rejoint Vanksen au poste d’International Business Partner,The Media Leader,posted,2026-07-23T11:04:35.403203,1168
8fe7cfd486aa5b4b,https://mc.linkedin.com/jobs/view/yacht-finance-manager-at-camper-nicholsons-4376581156,Yacht Finance Manager,,scraped,2026-07-23T11:04:38.124844,
34eeb7103dba2265,https://fr.linkedin.com/jobs/view/talent-acquisition-specialist-f-h-at-groupe-sii-4442112982,Talent Acquisition Specialist (F/H),Groupe SII,posted,2026-07-23T11:04:56.795276,1170
7933633a8257d02c,https://fr.linkedin.com/jobs/view/entrepreneur-immobilier-h-f-rejoignez-le-1er-r%C3%A9seau-de-conciergerie-en-france-at-alb-conciergerie-4442433511,Entrepreneur Immobilier (H/F) - Rejoignez le 1er réseau de Conciergerie en France,,scraped,2026-07-23T11:04:59.591096,
530b5971ad0edfcb,https://fr.linkedin.com/jobs/view/chef-de-rang-at-groupe-barri%C3%A8re-4439241556,Chef de Rang,,scraped,2026-07-23T11:05:07.038585,
eba22bfac5cf85f8,https://fr.linkedin.com/jobs/view/n%C3%A9gociateur-transaction-h-f-at-citya-immobilier-4375816313,Négociateur transaction H/F,,scraped,2026-07-23T11:05:14.197028,
ae8d3e0ccc3810d4,https://mc.linkedin.com/jobs/view/insurance-assistant-at-camper-nicholsons-4431676971,Insurance Assistant,,scraped,2026-07-23T11:05:22.646776,
e93799d208b38052,https://fr.linkedin.com/jobs/view/adjoint-responsable-d-affaires-ing%C3%A9nieur-g%C3%A9nie-%C3%A9lectrique-f-h-at-vinci-energies-4441994591,Adjoint responsable d'affaires - Ingénieur génie électrique F/H,,scraped,2026-07-23T11:05:32.439288,
0e9a787c16068f4c,https://fr.linkedin.com/jobs/view/assistant-ressources-humaines-en-alternance-f-h-at-walter-learning-4443453081,Assistant Ressources Humaines en alternance F/H,,scraped,2026-07-23T11:05:40.032776,
aef64b8abf4b5790,https://fr.linkedin.com/jobs/view/stage-assistant-e-commercial-e-publicit%C3%A9-at-navily-4441487843,Stage - Assistant.e commercial.e publicité,,scraped,2026-07-23T11:05:47.373481,
893a2bd56a190118,https://fr.linkedin.com/jobs/view/patissier-h-f-at-leclerc-le-poire-sur-vie-4443794408,PATISSIER - H/F,,scraped,2026-07-23T11:05:54.700576,
c522d672b436d7da,https://fr.linkedin.com/jobs/view/contr%C3%B4leur-euse-qualit%C3%A9-h-f-groupe-piment-at-aerocontact-4439571640,Contrôleur(euse) qualité H/F - GROUPE PIMENT,AEROCONTACT.COM,posted,2026-07-23T11:06:11.704535,1172
ffe345e650702f32,https://fr.linkedin.com/jobs/view/alternance-assistant-e-du-directeur-rh-h-f-at-isim-4443125040,Alternance - Assistant(e) du Directeur RH H/F,ISIM,posted,2026-07-23T11:06:23.839058,1174
5695741422cda3ff,https://fr.linkedin.com/jobs/view/aide-%C3%A0-domicile-grasse-h-f-at-admr-4443751385,Aide à domicile - Grasse (H/F),,scraped,2026-07-23T11:06:26.500228,
de7733327cab5073,https://fr.linkedin.com/jobs/view/artisan-at-mrcb-r%C3%A9novation-4443909947,Artisan,MRCB Rénovation,posted,2026-07-23T11:06:42.285026,1176
30dc49d8ab4d3d85,https://mc.linkedin.com/jobs/view/juriste-en-droit-social-h-f-at-masalex-conseil-4442759125,Juriste en droit social h/f,,scraped,2026-07-23T11:06:44.944578,
0b73fec5efae90ce,https://fr.linkedin.com/jobs/view/chef-g%C3%A9rant-h-f-at-api-restauration-4442788096,Chef-gérant H/F,,scraped,2026-07-23T11:06:51.273177,
899f8becd25cc102,https://fr.linkedin.com/jobs/view/alternance-vendeur-conseil-h-f-at-isim-4443153375,Alternance Vendeur Conseil H/F,ISIM,posted,2026-07-23T11:07:02.784684,323
29f45a4080530681,https://mc.linkedin.com/jobs/view/stagiaire-social-media-content-creator-at-ekinsport-4441980305,Stagiaire Social Media & Content Creator,,scraped,2026-07-23T11:07:05.417343,
056cdc1d81ea4f13,https://fr.linkedin.com/jobs/view/aide-soignant-e-h-f-at-apreh-4442222477,AIDE SOIGNANT(E) H/F,,scraped,2026-07-23T11:07:12.870876,
6dc93a0efbbf7745,https://fr.linkedin.com/jobs/view/comptable-fournisseurs-h-f-at-cvbtp-4444258702,Comptable fournisseurs (H/F),,scraped,2026-07-23T11:07:23.238614,
97012d286efba841,https://fr.linkedin.com/jobs/view/city-manager-luxury-concierge-services-property-development-m-f-at-ac-private-luxury-concierge-4443546889,City Manager Luxury Concierge Services & Property Development (M/F),,scraped,2026-07-23T11:07:30.075160,
98b2c616d66be1e1,https://fr.linkedin.com/jobs/view/stage-marketing-communication-at-d%C3%A9pil-tech%C2%AE-4443774752,Stage marketing/ communication,,scraped,2026-07-23T11:07:37.410203,
184df5581733bc2b,https://fr.linkedin.com/jobs/view/nice-cabin-crew-opportunities-dubai-based-relocation-provided-at-emirates-4441593563,"Nice Cabin Crew Opportunities (Dubai Based, Relocation Provided)",Emirates,posted,2026-07-25T09:27:03.550123,1178
d650d1e85308fb6f,https://fr.linkedin.com/jobs/view/g%C3%A9n%C3%A9raliste-ressources-humaines-f-h-cdd-14-mois-at-ikea-4442646401,Généraliste Ressources Humaines F/H - CDD 14 mois.,,scraped,2026-07-25T09:27:06.284703,
1421544b44271136,https://fr.linkedin.com/jobs/view/conseiller%C2%B7e-immobilier-transaction-at-orpi-4444488293,Conseiller·e immobilier transaction,,scraped,2026-07-25T09:27:15.182316,
bbb0014cebc455c7,https://fr.linkedin.com/jobs/view/chef-de-projets-events-f-h-nb-at-accor-4444320071,Chef de projets Events (F/H/NB),Accor,posted,2026-07-25T09:27:31.462062,1180
71e278e0c358f308,https://fr.linkedin.com/jobs/view/charg%C3%A9-e-mission-d%C3%A9veloppement-de-offre-de-formation-tout-au-long-de-la-vie-at-universit%C3%A9-c%C3%B4te-d-azur-4440187860,Chargé/e mission développement de offre de formation tout au long de la vie,Université Côte d’Azur,posted,2026-07-25T09:27:41.562128,1182
36cf99359793026d,https://mc.linkedin.com/jobs/view/junior-yacht-surveyor-at-mare-marine-experts-4438986620,Junior Yacht Surveyor,,scraped,2026-07-25T09:27:54.236174,
aab8706e6cae19db,https://mc.linkedin.com/jobs/view/yacht-accountant-at-fraser-yachts-4441816357,Yacht Accountant,,scraped,2026-07-25T09:28:06.110892,
6add18bf0698bd9f,https://mc.linkedin.com/jobs/view/acheteur-projet-offshore-h-f-at-parlym-4441550157,Acheteur Projet Offshore - H/F,,scraped,2026-07-25T09:28:14.776936,
68daafdacdc59611,https://fr.linkedin.com/jobs/view/head-of-ops-at-leonar-4442996800,Head of Ops,,scraped,2026-07-25T09:28:21.396113,
9e332ee3d63a22ae,https://fr.linkedin.com/jobs/view/courtier-en-cr%C3%A9dits-et-assurances-f-h-at-empruntis-nice-est-jean-medecin-4442507548,Courtier en crédits et assurances - F/H,,scraped,2026-07-25T09:28:27.884898,
4149ccc2c91e7c6d,https://fr.linkedin.com/jobs/view/alternance-%E2%80%93-assistant-e-manager-op%C3%A9rations-h-f-%E2%80%93-boutique-mode-cannes-%E2%80%93-juillet-ao%C3%BBt-2024-at-chanel-3928873726,ALTERNANCE – Assistant(e) Manager Opérations (H/F) – Boutique Mode Cannes – Juillet/Août 2024,CHANEL,posted,2026-07-25T09:28:46.753769,1184
36e50ee7031c0611,https://mc.linkedin.com/jobs/view/directeur-ice-de-magasin-monte-carlo-at-armand-thiery-4444967524,Directeur/ice de magasin - Monte Carlo,,scraped,2026-07-25T09:28:49.332789,
fa7c6835709c7f45,https://fr.linkedin.com/jobs/view/retail-zone-manager-sud-est-at-lovisa-pty-ltd-4442085644,Retail Zone Manager - Sud Est,,scraped,2026-07-25T09:28:56.479631,
a93b74e29be20e91,https://fr.linkedin.com/jobs/view/visiteur-m%C3%A9dical-freelance-at-realetee-4440460796,Visiteur médical freelance,,scraped,2026-07-25T09:29:03.233818,
5356bac79d538bc8,https://fr.linkedin.com/jobs/view/responsable-d%E2%80%99antenne-had-h-f-nice-est-at-had-nice-r%C3%A9gion-hospitalisation-a-domicile-4444347643,Responsable d’Antenne HAD (H/F) - Nice est,,scraped,2026-07-25T09:29:10.793458,
16d2497cd4551390,https://fr.linkedin.com/jobs/view/h%C3%B4te-h%C3%B4tesse-at-barri%C3%A8re-4440479279,Hôte/Hôtesse,,scraped,2026-07-25T09:29:19.197503,
28e6298e5ae1f662,https://fr.linkedin.com/jobs/view/r%C3%A9ceptionniste-tournant-at-accor-4441763338,Réceptionniste tournant,Accor,posted,2026-07-25T09:29:42.250675,1186
93e2fe65c5f34618,https://fr.linkedin.com/jobs/view/h%C3%B4te-h%C3%B4tesse-ev%C3%A9nementiel-nice-at-plany-4443968547,Hôte / Hôtesse Evénementiel - Nice,,scraped,2026-07-25T09:29:46.928808,
72df7b4c2077b557,https://fr.linkedin.com/jobs/view/expert-en-gestion-d-entreprise-h-f-at-gcl-l-innovation-dans-l-accompagnement-des-entreprises-4443507903,EXPERT EN GESTION D'ENTREPRISE H/F,,scraped,2026-07-25T09:29:56.798692,
ab89faeeae1ad365,https://fr.linkedin.com/jobs/view/expert-en-gestion-d-entreprise-h-f-at-gcl-l-innovation-dans-l-accompagnement-des-entreprises-4443512441,EXPERT EN GESTION D'ENTREPRISE H/F,,scraped,2026-07-25T09:30:07.374047,
a720c1394dc96c54,https://fr.linkedin.com/jobs/view/expert-en-gestion-d-entreprise-h-f-at-gcl-l-innovation-dans-l-accompagnement-des-entreprises-4443518211,EXPERT EN GESTION D'ENTREPRISE H/F,,scraped,2026-07-25T09:30:15.904947,
cf6558d08cf205a8,https://fr.linkedin.com/jobs/view/h%C3%B4tel-croisette-beach-cannes-femme-de-chambre-cdd-h-f-x-at-accor-4441792909,Hôtel Croisette Beach Cannes - Femme de chambre (CDD) H/F/X,Accor,posted,2026-07-25T09:30:34.718642,1188
2257beebfa5690e5,https://fr.linkedin.com/jobs/view/charg%C3%A9-ressources-humaines-f-h-at-veolia-recyclage-et-valorisation-des-d%C3%A9chets-4444488102,Chargé Ressources Humaines F/H,Veolia Recyclage et Valorisation des Déchets,posted,2026-07-25T09:30:43.631082,1190
809e62d5fd8ce277,https://mc.linkedin.com/jobs/view/assistant-marketing-packaging-serelys-h-f-stage-at-upsa-4441028390,Assistant Marketing Packaging Serelys H/F - Stage,,scraped,2026-07-25T09:30:46.240780,
3f7dc1057a40cd9d,https://fr.linkedin.com/jobs/view/charg%C3%A9-e-de-pr%C3%A9vention-formation-at-association-addictions-france-4444770325,Chargé(e) de prévention formation,,scraped,2026-07-25T09:30:53.087659,
8a69192353291f58,https://fr.linkedin.com/jobs/view/events-coordinator-h-f-cdi-rivera-marriott-hotel-la-porte-de-monaco-at-marriott-international-4444035395,Events Coordinator - H/F - CDI - Rivera Marriott Hotel la Porte de Monaco,Marriott International,posted,2026-07-25T09:31:07.885131,1192
089cfabfe4a4c05c,https://fr.linkedin.com/jobs/view/agent-d-entretien-h-f-at-clinitex-groupe-4443956893,Agent d'entretien H/F,,scraped,2026-07-25T09:31:12.509225,
3a3f20a97fb938ec,https://fr.linkedin.com/jobs/view/m%C3%A9diateur-rice-%C3%A9ducatif-ve-ter-at-association-paje-pasteur-avenir-jeunesse-4444654078,Médiateur(rice) éducatif(ve) TER,,scraped,2026-07-25T09:31:22.750265,
6a7db19e0db5555f,https://fr.linkedin.com/jobs/view/responsable-adjoint-de-magasin-at-le-temps-des-cerises-jeans-4440136147,Responsable adjoint de magasin,LE TEMPS DES CERISES JEANS,posted,2026-07-25T09:31:36.995249,465
7cbd3d7b3428f562,https://fr.linkedin.com/jobs/view/psychomotricienne-at-h%C3%B4pital-d-antibes-4440121665,Psychomotricienne,,scraped,2026-07-25T09:31:41.625053,
1479dd119dca73e8,https://fr.linkedin.com/jobs/view/responsable-de-portefeuille-comptable-h-f-at-%C5%8Ddas-conseil-4443026021,Responsable de portefeuille comptable (H/F),ŌDAS CONSEIL,posted,2026-07-25T09:32:58.140937,265
9f887fbbdcf84566,https://fr.linkedin.com/jobs/view/alternance-manager-commercial-h-f-at-isim-4443158405,Alternance - Manager Commercial (H/F),ISIM,posted,2026-07-25T09:33:06.618995,147
ccfbd7ffdc5e1203,https://mc.linkedin.com/jobs/view/ingenieur-systemes-d-ancrage-mecaniques-offshore-h-f-at-avantis-4440493050,INGENIEUR SYSTEMES D'ANCRAGE MECANIQUES OFFSHORE H/F,AVANTIS,posted,2026-07-25T09:33:21.055308,1194
4db7eae23141ee68,https://fr.linkedin.com/jobs/view/responsable-de-portefeuille-expertise-comptable-h-f-at-%C5%8Ddas-conseil-4443307285,Responsable de portefeuille expertise comptable (H/F),ŌDAS CONSEIL,posted,2026-07-25T09:33:26.081576,141
1ee89f5de9ca35c9,https://fr.linkedin.com/jobs/view/responsable-adjoint-e-nice-cdi-at-undiz-4444456644,Responsable adjoint.e Nice - CDI,,scraped,2026-07-25T09:33:30.745033,
1a647bdd76173dad,https://fr.linkedin.com/jobs/view/livreur-at-bricomarch%C3%A9-segr%C3%A9-en-anjou-bleu-4439651924,livreur,,scraped,2026-07-25T09:33:38.522470,
abf7ec76fe5eeed0,https://fr.linkedin.com/jobs/view/cdd-factrice-facteur-f-h-at-la-poste-groupe-4442906893,"CDD Factrice, facteur F/H",,scraped,2026-07-25T09:33:45.546335,
ffd4dfbefdedb9cb,https://fr.linkedin.com/jobs/view/ing%C3%A9nieur-e-projet-electronique-h-f-at-synergie-cad-group-4440480970,Ingénieur.e Projet Electronique H/F,,scraped,2026-07-25T09:33:52.927132,
275f169360d8e84a,https://fr.linkedin.com/jobs/view/alternance-%E2%80%93-assistant-gestion-locative-r%C3%A9sidentiel-f-h-at-altarea-solution-financement-4443954023,ALTERNANCE – Assistant Gestion Locative Résidentiel F/H,,scraped,2026-07-25T09:34:00.999323,
17b85fdd8aad5791,https://fr.linkedin.com/jobs/view/collaborateur-comptable-h-f-at-%C5%8Ddas-conseil-4444747411,Collaborateur comptable (H/F),ŌDAS CONSEIL,posted,2026-07-25T09:34:10.745494,451
e56df9fa6332fe56,https://fr.linkedin.com/jobs/view/gouvernant-e-at-barri%C3%A8re-4441024997,Gouvernant(e),,scraped,2026-07-25T09:34:13.584933,
065f855ff2c8b780,https://fr.linkedin.com/jobs/view/chef-de-mission-expertise-comptable-h-f-at-%C5%8Ddas-conseil-4443305331,Chef de mission Expertise Comptable (H/F),ŌDAS CONSEIL,posted,2026-07-25T09:34:25.671757,723
488105fb38e1420c,https://fr.linkedin.com/jobs/view/conseiller-client-bancaire-portugal-at-global-people-sphere-4444250607,Conseiller client bancaire - Portugal,Global People Sphere,posted,2026-07-25T09:34:38.795485,1196
d243f04efefce646,https://fr.linkedin.com/jobs/view/technicien-de-maintenance-industrielle-h-f-h-f-at-leclerc-le-poire-sur-vie-4443792538,TECHNICIEN DE MAINTENANCE INDUSTRIELLE H/F - H/F,,scraped,2026-07-25T09:34:41.499554,
a21e56cc329758ef,https://fr.linkedin.com/jobs/view/technicien-ne-analyses-environnementales-%E2%80%93-eaux-us%C3%A9es-boues-at-eau-d-azur-4443524426,Technicien(ne) analyses environnementales – eaux usées & boues,Eau d'Azur,posted,2026-07-25T09:35:01.047354,1198
1a15e103ddf9e637,https://fr.linkedin.com/jobs/view/care-expert-france-%F0%9F%87%AB%F0%9F%87%B7-at-alan-4442585788,Care Expert - France 🇫🇷,,scraped,2026-07-25T09:35:03.580054,
2e5a2b8473d3a0f8,https://fr.linkedin.com/jobs/view/conseiller-commercial-en-alternance-f-h-at-walter-learning-4444061396,Conseiller commercial en alternance F/H,,scraped,2026-07-25T09:35:10.028459,
2af46fb496a5fcec,https://fr.linkedin.com/jobs/view/city-manager-luxury-concierge-services-property-development-m-f-at-ac-private-luxury-concierge-4443546886,City Manager Luxury Concierge Services & Property Development (M/F),,scraped,2026-07-25T09:35:16.705225,
fac91d5ff588c2d4,https://fr.linkedin.com/jobs/view/senior-project-manager-at-capgemini-4438253212,Senior project manager,,scraped,2026-07-25T09:35:24.106870,
837c794739cc004d,https://fr.linkedin.com/jobs/view/contr%C3%B4leur-de-gestion-reporting-h-f-groupe-piment-at-aerocontact-4441989007,Contrôleur de Gestion Reporting H/F - GROUPE PIMENT,AEROCONTACT.COM,posted,2026-07-25T09:35:41.476677,1200
6cc13b2a21b8780a,https://fr.linkedin.com/jobs/view/collaborateur-comptable-confirm%C3%A9-h-f-at-%C5%8Ddas-conseil-4443019377,Collaborateur comptable confirmé (H/F),ŌDAS CONSEIL,posted,2026-07-25T09:35:50.230232,1202
2d563b849c364cac,https://fr.linkedin.com/jobs/view/garde-d-enfants-babysitting-h-f-at-yoopala-4444396958,"Garde d'enfants, Babysitting (H/F)",,scraped,2026-07-25T09:35:52.863743,
1e0e6769cc30455f,https://fr.linkedin.com/jobs/view/alternance-manager-de-rayon-h-f-at-isim-4443143140,Alternance Manager de Rayon H/F,ISIM,posted,2026-07-25T09:36:03.847962,315
b8115a142970141b,https://fr.linkedin.com/jobs/view/accompagnant-e-educatif-et-social-ou-aide-medico-psychologique-h-f-at-apreh-4442211800,ACCOMPAGNANT(E) EDUCATIF ET SOCIAL ou AIDE MEDICO-PSYCHOLOGIQUE H/F,,scraped,2026-07-25T09:36:08.386117,
e1f2b3f0bc27222a,https://fr.linkedin.com/jobs/view/%F0%9F%8C%90-care-ops-at-alan-4440947892,🌐 Care Ops,,scraped,2026-07-25T09:36:19.396503,
04bc741dd7b73be9,https://mc.linkedin.com/jobs/view/ingenieur-equipements-mecaniques-h-f-at-avantis-4441512358,INGENIEUR EQUIPEMENTS MECANIQUES H/F,AVANTIS,posted,2026-07-25T09:36:37.233954,1204
79f2aab0a0e1b8bc,https://fr.linkedin.com/jobs/view/commis-de-cuisine-f-h-at-grape-hospitality-4441817686,Commis de cuisine F/H,,scraped,2026-07-25T09:36:39.864155,
6fd1503d142d5edf,https://it.linkedin.com/jobs/view/stage-sales-assistant-wycon-sanremo-at-wycon-cosmetics-4442635832,Stage sales assistant Wycon - Sanremo,WYCON cosmetics,posted,2026-07-25T09:37:06.665503,1206
5d134dc24ac69e9d,https://fr.linkedin.com/jobs/view/alternance-manager-de-rayon-h-f-at-isim-4443499737,Alternance Manager de Rayon H/F,ISIM,scraped,2026-07-25T09:37:12.553230,
c3ca6b4f8d7fb1d5,https://mc.linkedin.com/jobs/view/work-from-home-customer-support-%E2%80%93-french-speaking-at-talentpop-app-4443811294,Work-from-Home Customer Support – French Speaking,TalentPop App,posted,2026-07-25T09:37:17.372949,379
3f937cd7fa72d684,https://fr.linkedin.com/jobs/view/stage-3-mois-conseiller-e-parfums-beaut%C3%A9-f-h-nice-juillet-2025-at-chanel-4259501536,STAGE 3 mois - Conseiller(e) Parfums Beauté F/H - Nice // juillet 2025,CHANEL,posted,2026-07-25T09:37:29.866507,1208
31eaff54462143af,https://fr.linkedin.com/jobs/view/employe-drive-h-f-at-leclerc-le-poire-sur-vie-4443790564,EMPLOYE DRIVE - H/F,,scraped,2026-07-25T09:37:32.519296,
0d2d23e136c7e17d,https://fr.linkedin.com/jobs/view/stage-marketing-automation-crm-at-groupe-santiane-4443954471,Stage Marketing Automation & CRM,Groupe Santiane,posted,2026-07-25T09:37:47.311427,1210
561852f695f95d99,https://fr.linkedin.com/jobs/view/juriste-en-droit-des-soci%C3%A9t%C3%A9s-h-f-at-masalex-conseil-4442749621,Juriste en droit des sociétés h/f,,scraped,2026-07-25T09:37:50.020487,
841b2ead2036d77a,https://fr.linkedin.com/jobs/view/conseill%C3%A8re-vendeuse-conseiller-vendeur-at-orange-store-4442563009,Conseillère vendeuse / Conseiller vendeur,,scraped,2026-07-25T09:37:58.154134,
7be56f7c06bf896f,https://fr.linkedin.com/jobs/view/technicien-de-maintenance-itin%C3%A9rant-h-f-at-faac-france-4444600301,Technicien de Maintenance Itinérant H/F,,scraped,2026-07-25T09:38:09.018413,
a80965ea6d176c5d,https://fr.linkedin.com/jobs/view/alternance-conseiller-e-de-vente-h-f-at-isim-4442033181,Alternance Conseiller(e) de vente  H/F,ISIM,posted,2026-07-25T09:38:23.416888,1212
f584e5f40f1aea0c,https://fr.linkedin.com/jobs/view/employe-commercial-polyvalent-rayon-pgc-h-f-at-leclerc-le-poire-sur-vie-4443902252,EMPLOYE COMMERCIAL POLYVALENT RAYON PGC - H/F,,scraped,2026-07-25T09:38:26.061866,
d546359ae72912f3,https://fr.linkedin.com/jobs/view/aide-m%C3%A9nager-%C3%A8re-f-h-at-onela-etre-bien-chez-soi-4443871074,Aide-Ménager(ère) F/H,,scraped,2026-07-25T09:38:32.461266,
9d796f9419397292,https://fr.linkedin.com/jobs/view/%F0%9F%8C%90-security-legal-specialist-customer-care-at-alan-4443343587,🌐 Security & Legal Specialist - Customer Care,,scraped,2026-07-25T09:38:42.141361,
b4a6160241125105,https://fr.linkedin.com/jobs/view/maitre-maitresse-de-maison-h-f-at-association-paje-pasteur-avenir-jeunesse-4444666066,Maitre / Maitresse de maison H/F,,scraped,2026-07-25T09:38:48.662846,
444b6470250e3336,https://fr.linkedin.com/jobs/view/cdd-responsable-de-secteur-nice-f-h-at-reckitt-4443442503,CDD - Responsable de Secteur - Nice F/H,,scraped,2026-07-25T09:38:57.303069,
61cefcea0e24152b,https://fr.linkedin.com/jobs/view/alternance-manager-des-caisses-h-f-at-isim-4443886074,Alternance Manager des Caisses H/F,ISIM,posted,2026-07-25T09:39:11.626892,1214
ff74c3162cd02b97,https://fr.linkedin.com/jobs/view/head-of-marketing-app-mobile-at-basta-app-4440425783,Head of Marketing App Mobile,BASTA APP,posted,2026-07-25T09:39:20.954374,1216
8abda6bf2a8c3349,https://fr.linkedin.com/jobs/view/technicien-climatisation-h-f-%0A-h-f-at-pns-interim-4442517369,"TECHNICIEN CLIMATISATION (H/F)
(H/F)",PNS INTERIM,posted,2026-07-25T09:39:30.131021,1218
1886865def64874e,https://fr.linkedin.com/jobs/view/cdd-femme-valet-de-chambre-h-f-at-alfred-hotels-4443832730,CDD - Femme / Valet de Chambre H/F,,scraped,2026-07-25T09:39:32.963393,
67c70d4e2b14880c,https://mc.linkedin.com/jobs/view/french%2Benglish-bilingual-customer-service-representative-at-talentpop-app-4443499383,French+English Bilingual Customer Service Representative,TalentPop App,posted,2026-07-25T09:39:47.715420,1220
1f2bda6376a7fe30,https://fr.linkedin.com/jobs/view/animateur-environnement-h-f-temps-partiel-at-association-graines-de-fermiers-4440435974,Animateur environnement H/F temps partiel,,scraped,2026-07-25T09:39:50.324530,
93792e3575b6b67b,https://mc.linkedin.com/jobs/view/sp%C3%A9cialiste-bilingue-fran%C3%A7ais-anglais-du-support-client-%E2%80%94-voix-et-chat-at-talentpop-app-4443100009,Spécialiste Bilingue (Français/Anglais) du Support Client — Voix et Chat,TalentPop App,posted,2026-07-25T09:40:04.412957,1222
9169327854f6d9cb,https://fr.linkedin.com/jobs/view/factotum-agent-de-maintenance-f-h-at-association-paje-pasteur-avenir-jeunesse-4444648580,Factotum agent de maintenance F/H,,scraped,2026-07-25T09:40:07.068205,
4e70fd42eef643e9,https://fr.linkedin.com/jobs/view/technicien-sav-automation-h-f-at-dushow-4442068708,Technicien SAV Automation H/F,,scraped,2026-07-25T09:40:16.063489,
d44862480a45fb15,https://fr.linkedin.com/jobs/view/marketing-expert-r%C3%A9seaux-sociaux-francophone-%C3%A0-lisbonne-at-global-people-sphere-4443730399,Marketing expert - Réseaux sociaux - Francophone à Lisbonne,Global People Sphere,posted,2026-07-25T09:40:29.434434,1224
d59b03fc2d9d0157,https://mc.linkedin.com/jobs/view/french-customer-support-specialist-bilingual-fr-en-non-voice-blended-remote-at-talentpop-app-4443807266,French Customer Support Specialist (Bilingual FR/EN | Non-Voice/Blended | Remote),TalentPop App,posted,2026-07-25T09:40:34.194826,389
b0bc31450ab60e4c,https://fr.linkedin.com/jobs/view/cuisinier-en-restauration-collective-h-f-at-newrest-4444926601,Cuisinier en Restauration Collective H/F,,scraped,2026-07-25T09:40:36.821352,
c204e33d78a67973,https://mc.linkedin.com/jobs/view/french-customer-support-specialist-bilingual-fr-en-non-voice-blended-remote-at-talentpop-app-4442985627,French Customer Support Specialist (Bilingual FR/EN | Non-Voice/Blended | Remote),TalentPop App,scraped,2026-07-25T09:40:45.619935,
7142b35c8e2d2c0d,https://mc.linkedin.com/jobs/view/francophone-customer-support-representative-%E2%80%93-remote-at-talentpop-app-4441899123,Francophone Customer Support Representative – Remote,TalentPop App,posted,2026-07-25T09:40:50.535517,1022
8dee757a9904cc3e,https://fr.linkedin.com/jobs/view/auxiliaire-socio-%C3%A9ductative-h-f-h-f-at-groupe-sos-4443507658,Auxiliaire socio-éductative H/F H/F,,scraped,2026-07-25T09:40:53.188385,
071d86bc6dc90789,https://fr.linkedin.com/jobs/view/agent-commercial-at-century-21%C2%AE-4442715193,Agent commercial,CENTURY 21®,posted,2026-07-25T09:41:07.962592,1226
ca8bc2c16d9c2e2b,https://mc.linkedin.com/jobs/view/agent-de-support-client%C3%A8le-international-h-f-at-talentpop-app-4441897178,Agent de Support Clientèle International (H/F),TalentPop App,posted,2026-07-25T09:41:16.819471,1228
c4948347ec04e80f,https://fr.linkedin.com/jobs/view/payroll-professional-hr-finance-accounting-at-prolific-4442614776,Payroll Professional (HR / Finance / Accounting),,scraped,2026-07-25T09:41:19.556171,
494051f7337bed8a,https://fr.linkedin.com/jobs/view/aide-medico-psychologique-ou-accompagnant-%C3%A9ducatif-et-social-h-f-at-apreh-4442210740,Aide Medico Psychologique ou Accompagnant Éducatif Et Social H/F,,scraped,2026-07-25T09:41:26.084957,
e5bb04ed5c8dac5f,https://fr.linkedin.com/jobs/view/accompagnant-educatif-et-social-cannes-h-f-at-admr-4443736775,Accompagnant Educatif et Social - Cannes (H/F),,scraped,2026-07-25T09:41:35.861230,
fdf1160d4932feed,https://mc.linkedin.com/jobs/view/french%2Benglish-bilingual-customer-service-representative-at-talentpop-app-4443494350,French+English Bilingual Customer Service Representative,TalentPop App,posted,2026-07-25T09:41:48.503559,1230
99a529bed044c389,https://fr.linkedin.com/jobs/view/garder-des-enfants-at-babychou-services-avignon-orange-mont%C3%A9limar-4444383748,Garder des enfants,,scraped,2026-07-25T09:41:50.968737,
6bfe79c616dc6453,https://mc.linkedin.com/jobs/view/french%2Benglish-bilingual-customer-service-representative-at-talentpop-app-4443812308,French+English Bilingual Customer Service Representative,TalentPop App,posted,2026-07-25T09:42:05.135476,1232
e137278c66c4daf8,https://fr.linkedin.com/jobs/view/directeur-d-agence-concessionnaire-natibox-at-natibox-studio-de-jardin-environnemental-4443150653,directeur d'agence concessionnaire NATIBOX,,scraped,2026-07-25T09:42:07.860298,
ce6ef20356741ade,https://fr.linkedin.com/jobs/view/ing%C3%A9nieur-syst%C3%A8mes-supervision-et-automatisme-h-f-at-fayat-group-4440186053,Ingénieur Systèmes Supervision et Automatisme H/F,,scraped,2026-07-25T09:42:15.291378,
fff190442772acb1,https://fr.linkedin.com/jobs/view/alternance-manager-d-affaires-h-f-at-isim-4443811711,Alternance - Manager d'Affaires  H/F,ISIM,posted,2026-07-25T09:42:30.497584,1234
2c280f364f11ed00,https://mc.linkedin.com/jobs/view/stage-assistant-web-marketing-at-rocher-blanc-4442577694,Stage Assistant Web Marketing,,scraped,2026-07-25T09:42:33.030424,
4fbf112ab6bbb338,https://mc.linkedin.com/jobs/view/charg%C3%A9-de-client%C3%A8le-bilingue-anglais-fran%C3%A7ais-100%25-t%C3%A9l%C3%A9travail-at-talentpop-app-4441895234,Chargé de Clientèle Bilingue (Anglais/Français) - 100% Télétravail,TalentPop App,posted,2026-07-25T09:42:45.648936,1236
77d60b6e47f78a13,https://fr.linkedin.com/jobs/view/ing%C3%A9nieur-e-d%C3%A9tude-en-biologie-exp%C3%A9rimentale-h-f-at-inserm-4442643273,Ingénieur(e) détude en biologie expérimentale - H/F,,scraped,2026-07-25T09:42:48.556835,
f6f3eba98b713a9a,https://fr.linkedin.com/jobs/view/services-supply-chain-design-lead-carros-f-h-at-schneider-electric-4442633046,Services supply chain design lead - Carros - F/H,Schneider Electric,posted,2026-07-25T09:43:06.291313,1238
2018e1882f70ef16,https://mc.linkedin.com/jobs/view/intern-finance-tendering-at-sbm-offshore-4426034957,Intern - Finance Tendering,,scraped,2026-07-25T09:43:08.853186,
f679346462089910,https://mc.linkedin.com/jobs/view/french-bilingual-customer-service-specialist-at-talentpop-app-4442976906,French Bilingual Customer Service Specialist,TalentPop App,posted,2026-07-25T09:43:18.494966,894
9f692579e40948be,https://fr.linkedin.com/jobs/view/aide-m%C3%A9nager-aide-m%C3%A9nag%C3%A8re-h-f-at-centre-services-4443889102,Aide ménager / aide ménagère (H/F),,scraped,2026-07-25T09:43:21.089404,
4a30108d77ba3f31,https://mc.linkedin.com/jobs/view/french-bilingual-customer-service-specialist-at-talentpop-app-4442985642,French Bilingual Customer Service Specialist,TalentPop App,posted,2026-07-25T09:43:30.923089,894
339f54eac3ebabe0,https://mc.linkedin.com/jobs/view/french-bilingual-customer-service-specialist-at-talentpop-app-4442998165,French Bilingual Customer Service Specialist,TalentPop App,posted,2026-07-25T09:43:35.697154,894
251ad342215219df,https://mc.linkedin.com/jobs/view/french-bilingual-customer-service-specialist-at-talentpop-app-4443814255,French Bilingual Customer Service Specialist,TalentPop App,scraped,2026-07-25T09:43:39.701029,
ddb59c19681cf802,https://fr.linkedin.com/jobs/view/ing%C3%A9nieur-e-structure-s%C3%A9nior-r%C3%A9f%C3%A9rent-technique-at-hugo-tech-4444432663,Ingénieur(e) Structure Sénior & Référent Technique,,scraped,2026-07-25T09:43:42.472340,
3b74817c24cb8a67,https://mc.linkedin.com/jobs/view/french-bilingual-customer-service-specialist-at-talentpop-app-4443802412,French Bilingual Customer Service Specialist,TalentPop App,scraped,2026-07-25T09:43:51.824292,
84eeefe47672d105,https://fr.linkedin.com/jobs/view/stagiaire-chef-de-secteur-h-f-6-mois-nice-06-at-lactalis-group-4442625865,Stagiaire Chef de Secteur (H/F) - 6 mois Nice (06),,scraped,2026-07-25T09:43:54.457482,
3decdec547dbbf91,https://fr.linkedin.com/jobs/view/alternant-gestionnaire-immobilier-h-f-at-citya-immobilier-4427943501,Alternant Gestionnaire Immobilier H/F,,scraped,2026-07-25T09:44:01.760079,
9426e70144444f68,https://fr.linkedin.com/jobs/view/commercial-agence-h-f-vallauris-06-at-rexel-france-4444949672,Commercial Agence H/F - Vallauris (06),,scraped,2026-07-25T09:44:09.457490,
6a6939128a81a41a,https://fr.linkedin.com/jobs/view/charg%C3%A9-de-relations-clients-f-h-at-foncia-4443789657,Chargé de Relations Clients F/H,FONCIA,posted,2026-07-25T09:44:29.047256,1240
9717831f850aa72f,https://mc.linkedin.com/jobs/view/bilingual-customer-support-specialist-french-english-100%25-remote-at-talentpop-app-4442300047,Bilingual Customer Support Specialist (French/English) - 100% Remote,TalentPop App,posted,2026-07-25T09:44:33.770570,231
5d699ac65e0315b8,https://fr.linkedin.com/jobs/view/shift-manager-cannes-at-joe-the-juice-4439121306,Shift Manager - Cannes,,scraped,2026-07-25T09:44:38.525909,
5e5b37c37b395169,https://fr.linkedin.com/jobs/view/technicien-qualit%C3%A9-f-h-randstad-professional-at-aerocontact-4439703780,TECHNICIEN QUALITÉ (F/H) - Randstad professional,AEROCONTACT.COM,posted,2026-07-25T09:44:54.429876,1242
37e61e977ba89c82,https://fr.linkedin.com/jobs/view/security-engineer-grc-at-alan-4442588689,Security Engineer - GRC,,scraped,2026-07-25T09:44:57.201592,
c4781bff8bad2bda,https://fr.linkedin.com/jobs/view/gestionnaire-copropri%C3%A9t%C3%A9-h-f-at-lamy-4444932799,Gestionnaire Copropriété H/F,Lamy,posted,2026-07-25T09:45:10.737203,1244
893a56ed0f8d4e03,https://fr.linkedin.com/jobs/view/conseiller-ventes-conseill%C3%A8re-ventes-at-dufry-france-4443815621,Conseiller ventes/Conseillère ventes,Dufry France,posted,2026-07-25T09:45:19.425598,1246
8646919759992307,https://mc.linkedin.com/jobs/view/francophone-customer-support-representative-%E2%80%93-remote-at-talentpop-app-4441888362,Francophone Customer Support Representative – Remote,TalentPop App,posted,2026-07-25T09:45:24.149088,1022
caa527d6350453c6,https://mc.linkedin.com/jobs/view/francophone-customer-support-representative-%E2%80%93-remote-at-talentpop-app-4441898160,Francophone Customer Support Representative – Remote,TalentPop App,posted,2026-07-25T09:45:29.383229,1022
80d3df78b4cc6cc1,https://fr.linkedin.com/jobs/view/commercial-terrain-b2b-h-f-%E2%80%93-nice-at-bien-ici-4443947050,Commercial Terrain B2B H/F – Nice,,scraped,2026-07-25T09:45:32.114376,
07fefed04c03eff5,https://fr.linkedin.com/jobs/view/team-leader-recrutement-antibes-france-h-f-at-astek-4403765225,"Team Leader Recrutement  - Antibes, France  (H/F)",Astek,posted,2026-07-25T09:45:50.459114,1248
19d7e9925223073d,https://fr.linkedin.com/jobs/view/logistics-supervisor-at-vishay-intertechnology-inc-4442572915,Logistics supervisor,"Vishay Intertechnology, Inc.",posted,2026-07-25T09:45:59.450265,1250
fc66634cd050fa9c,https://mc.linkedin.com/jobs/view/digital-solution-lead-at-sbm-offshore-4382462685,Digital Solution Lead,,scraped,2026-07-25T09:46:02.113552,
77ac261aae711c1d,https://fr.linkedin.com/jobs/view/ing%C3%A9nieur-fa%C3%A7ades-elioth-h-f-at-egis-en-france-4439066888,Ingénieur façades - Elioth - H/F,,scraped,2026-07-25T09:46:09.397214,
6dfa397106621e8f,https://fr.linkedin.com/jobs/view/garder-des-enfants-at-babychou-services-avignon-orange-mont%C3%A9limar-4444373889,Garder des enfants,,scraped,2026-07-25T09:46:17.084019,
65b4716707f47b79,https://mc.linkedin.com/jobs/view/animateurs-h-f-at-centre-culturel-de-la-providence-4442915845,Animateurs (H/F),Centre Culturel de la Providence,posted,2026-07-25T09:46:31.006173,1252
3ab82164abee6f54,https://fr.linkedin.com/jobs/view/chef-de-partie-confirm%C3%A9-h-f-at-barri%C3%A8re-4441086963,Chef de partie confirmé H/F,,scraped,2026-07-25T09:46:33.728411,
be9490d0489ce1fa,https://fr.linkedin.com/jobs/view/ergoth%C3%A9rapeute-pour-l-%C3%A9quipe-du-moindre-recours-%C3%A0-l-isolement-at-h%C3%B4pital-d-antibes-4439622678,Ergothérapeute pour l'équipe du moindre recours à l'isolement,,scraped,2026-07-25T09:46:41.292263,
8dcf60795d4e3504,https://fr.linkedin.com/jobs/view/alternance-conducteur-d-engins-h-f-at-nge-btp-4442025451,ALTERNANCE - Conducteur d'engins H/F,,scraped,2026-07-25T09:47:53.564185,
ee3dd1f949516f4e,https://fr.linkedin.com/jobs/view/chef-de-partie-f-h-at-jw-marriott-cannes-4443379626,Chef de partie F/H,JW Marriott Cannes,posted,2026-07-25T09:48:12.641745,1254
4269dec94b1b2e01,https://fr.linkedin.com/jobs/view/influence-%E2%80%93-d%C3%A9tection-d%C3%A9veloppement-de-cr%C3%A9ateurs-food-at-futures-4440424705,Influence – Détection & développement de créateurs food,,scraped,2026-07-25T09:48:15.317572,
55e622485316944e,https://mc.linkedin.com/jobs/view/french-bilingual-customer-service-specialist-at-talentpop-app-4443804341,French Bilingual Customer Service Specialist,TalentPop App,scraped,2026-07-25T09:48:23.993378,
0303602babc334fa,https://fr.linkedin.com/jobs/view/ing%C3%A9nieur-qualit%C3%A9-produits-process-h-f-at-schneider-electric-4444331717,Ingénieur Qualité Produits Process H/F,Schneider Electric,posted,2026-07-25T09:48:36.989916,1256
78f6b1878d3db211,https://mc.linkedin.com/jobs/view/global-process-lead-at-sbm-offshore-4381843227,Global Process Lead,,scraped,2026-07-25T09:48:39.548499,
04cf66d312336d31,https://fr.linkedin.com/jobs/view/auxiliaire-de-vie-h-f-sur-saint-laurent-du-var-at-groupe-proseniors-4444453648,Auxiliaire de Vie H/F sur Saint-Laurent-du-Var,,scraped,2026-07-25T09:48:46.829561,
70e5b05c5b80b81f,https://fr.linkedin.com/jobs/view/animateur-club-enfants-h-f-at-belambra-4443301088,Animateur Club Enfants H/F,,scraped,2026-07-25T09:48:56.379639,
4cfdb0367f0fed38,https://fr.linkedin.com/jobs/view/m%C3%A9decin-g%C3%A9n%C3%A9raliste-t%C3%A9l%C3%A9consultation-cdi-%F0%9F%87%AB%F0%9F%87%B7-at-alan-4443004762,Médecin généraliste - Téléconsultation (CDI) 🇫🇷,,scraped,2026-07-25T09:49:03.915569,
fe689736f5196a84,https://fr.linkedin.com/jobs/view/ing%C3%A9nieur-projet-industriel-f-h-%E2%80%93-secteur-d%C3%A9fense-at-migso-pcubed-4416174394,Ingénieur projet industriel (F/H) – Secteur Défense,MIGSO-PCUBED,posted,2026-07-25T09:49:20.290638,1258
8472e481ced2a597,https://fr.linkedin.com/jobs/view/d%C3%A9veloppeur-java-angular-h-f-at-meritis-4440440622,Développeur Java Angular (H/F),,scraped,2026-07-25T09:49:23.040475,
b962214afe99a544,https://fr.linkedin.com/jobs/view/chef-d%E2%80%99agence-cheffe-d%E2%80%99agence-at-avenir-r%C3%A9novations-4444295874,Chef d’agence/Cheffe d’agence,,scraped,2026-07-25T09:49:32.014607,
7f1d7b3ef8916978,https://fr.linkedin.com/jobs/view/directeur-de-franchise-directrice-de-franchise-at-pestaly-4431844459,Directeur de franchise/Directrice de franchise,,scraped,2026-07-25T09:49:39.929507,
bdc3716bfe5c4938,https://fr.linkedin.com/jobs/view/audioproth%C3%A9siste-d-e-zone-nice-est-menton-h-f-at-audition-conseil-4443020135,Audioprothésiste D.E. - Zone Nice-Est / Menton (H/F),,scraped,2026-07-25T09:49:47.304419,
959e86afe5cca95a,https://fr.linkedin.com/jobs/view/technicien-irve-h-f-at-dalkia-electrotechnics-4443967821,Technicien IRVE H/F,,scraped,2026-07-25T09:49:56.585311,
0c6ea6291e6f00c8,https://fr.linkedin.com/jobs/view/psychiatre-p%C3%A9dopsychiatre-h-f-at-ikiway-cabinet-de-recrutement-4444944343,Psychiatre / Pédopsychiatre h/F,,scraped,2026-07-25T09:50:04.250858,
7384c13a06e11457,https://mc.linkedin.com/jobs/view/bilingual-customer-support-specialist-french-english-100%25-remote-at-talentpop-app-4441888342,Bilingual Customer Support Specialist (French/English) - 100% Remote,TalentPop App,posted,2026-07-25T09:50:12.834410,231
94f71f6b1c95b085,https://fr.linkedin.com/jobs/view/employ%C3%A9-e-polyvalent-e-juicer-monaco-at-joe-the-juice-4443196069,Employé(e) Polyvalent(e) / Juicer - Monaco,,scraped,2026-07-25T09:50:17.457350,
91f5959eeded67e4,https://fr.linkedin.com/jobs/view/auxiliaire-de-vie-h-f-sur-saint-laurent-du-var-at-groupe-proseniors-4442934542,Auxiliaire de Vie H/F sur Saint-Laurent-du-Var,,scraped,2026-07-25T09:50:24.200466,
161c4a01443cf5ac,https://fr.linkedin.com/jobs/view/auxiliaire-de-vie-h-f-sur-saint-laurent-du-var-at-groupe-proseniors-4442932560,Auxiliaire de Vie H/F sur Saint-Laurent-du-Var,,scraped,2026-07-25T09:50:33.275781,
9b41cc7aa66e2aad,https://fr.linkedin.com/jobs/view/alternance-assistant-responsable-technique-h-f-at-kaufman-and-broad-4443322449,Alternance - Assistant Responsable Technique H/F,,scraped,2026-07-25T09:50:42.278408,
eca63f8e80f31148,https://fr.linkedin.com/jobs/view/conseiller-commercial-s%C3%A9dentaire-h-f-at-carac-4441092724,Conseiller Commercial Sédentaire (H/F),,scraped,2026-07-25T09:50:49.729389,
f0bc8446791ce999,https://fr.linkedin.com/jobs/view/ing%C3%A9nieur-charg%C3%A9-d-affaires-construction-h-f-at-socotec-4393894595,Ingénieur chargé d'affaires construction H/F,SOCOTEC,posted,2026-07-25T09:51:07.970340,1260
eaf2a6aa5a291859,https://fr.linkedin.com/jobs/view/aono-animation-mascotte-stand-bostik-nice-ao%C3%BBt-2026-at-plany-4444999891,AONO - Animation mascotte stand Bostik NICE - Août 2026,,scraped,2026-07-25T09:51:14.641906,
b633083550b23db0,https://fr.linkedin.com/jobs/view/infirmier-coordinateur-at-experf-sant%C3%A9-%C3%A0-domicile-4442719362,Infirmier coordinateur,,scraped,2026-07-25T09:51:22.320994,
d1e0ceb8ca8fc0bc,https://fr.linkedin.com/jobs/view/responsable-marketing-ingr%C3%A9dients-junior-h-f-at-mane-4442028810,Responsable Marketing Ingrédients Junior H/F,,scraped,2026-07-25T09:51:29.828249,
3522a835fe2d3af4,https://fr.linkedin.com/jobs/view/part-time-book-keeper-4444450216,Part time book keeper,Zindagi Advisory,posted,2026-07-25T09:51:41.829526,1262
12b89149954cb37b,https://fr.linkedin.com/jobs/view/employe-commercial-rayon-poissonnerie-h-f-at-leclerc-le-poire-sur-vie-4443799373,EMPLOYE COMMERCIAL RAYON POISSONNERIE - H/F,,scraped,2026-07-25T09:51:44.556977,
3a0fb9bbc1e5879c,https://fr.linkedin.com/jobs/view/psychologue-%C3%A0-ehpad-thiers-poste-%C3%A0-60%25-at-h%C3%B4pital-d-antibes-4439614828,Psychologue à EHPAD Thiers - Poste à 60%,,scraped,2026-07-25T09:51:50.987258,
b6105442b1edb929,https://fr.linkedin.com/jobs/view/vendeur-euse-polyvalent-at-mango-4444008164,VENDEUR/EUSE POLYVALENT,,scraped,2026-07-25T09:53:02.685538,
b7bbd642faa95cc9,https://fr.linkedin.com/jobs/view/staff-ai-software-engineer-h-f-at-arteris-4442084796,Staff AI Software Engineer H/F,Arteris,posted,2026-07-25T09:53:16.465689,1264
25b20f8ced0bb120,https://fr.linkedin.com/jobs/view/head-of-insurance-legal-counsel-at-alan-4442589608,Head of Insurance Legal Counsel,,scraped,2026-07-25T09:53:19.174377,
bc4fc0f14ba765ad,https://fr.linkedin.com/jobs/view/cheffe-chef-de-secteur-caisse-et-accueil-at-monoprix-4442089008,"Cheffe, Chef de secteur caisse et accueil",,scraped,2026-07-25T09:53:25.701860,
3d5d26a18a1c9171,https://fr.linkedin.com/jobs/view/technicien-ne-de-maintenance-ssi-h-f-at-eurofeu-4441040650,Technicien(ne) de maintenance SSI- H/F,,scraped,2026-07-25T09:53:33.154506,
230ffa3f0afe1971,https://fr.linkedin.com/jobs/view/charg%C3%A9-e-du-conseil-d%E2%80%99administration-at-universit%C3%A9-c%C3%B4te-d-azur-4442843067,Chargé/e du Conseil d’Administration,Université Côte d’Azur,posted,2026-07-27T13:32:36.159614,1266
10427176d41332ad,https://fr.linkedin.com/jobs/view/agent-e-de-proximit%C3%A9-h-f-nice-at-grand-delta-habitat-4444317580,Agent-e de Proximité H/F Nice,Grand Delta Habitat,posted,2026-07-27T13:33:01.468133,1268
90c0fa3a63ff254d,https://fr.linkedin.com/jobs/view/showroom-host-at-lloyd-motor-group-4444443077,Showroom Host,,scraped,2026-07-27T13:33:24.071205,
d4fd07ebb122f509,https://fr.linkedin.com/jobs/view/account-manager-%E2%80%93-paca-marseille-nice-at-sunday-4444880941,Account Manager – PACA (Marseille/Nice),sunday,posted,2026-07-27T13:33:40.655033,1270
a254c221f884e6c4,https://fr.linkedin.com/jobs/view/magasinier-f-h-x-at-but-4440154443,Magasinier F/H/X,BUT,posted,2026-07-27T13:33:53.594117,1272
5729f68fcba4dbc0,https://fr.linkedin.com/jobs/view/charg%C3%A9-de-communication-cdd-6-mois-at-palais-des-festivals-et-des-congr%C3%A8s-de-cannes-4445144262,Chargé de communication - CDD 6 mois,,scraped,2026-07-27T13:33:56.229023,
13127632ee2c9ba1,https://fr.linkedin.com/jobs/view/juriste-d-aide-aux-victimes-at-association-montjoye-4443111393,Juriste d'aide aux victimes,Association Montjoye,posted,2026-07-27T13:34:37.403376,1274
7fadf1512fceb1b2,https://fr.linkedin.com/jobs/view/m%C3%A9diateur-scolaire-h-f-at-association-paje-pasteur-avenir-jeunesse-4442687309,Médiateur scolaire H/F,,scraped,2026-07-27T13:34:40.079857,
bfe7e6432c1f3164,https://fr.linkedin.com/jobs/view/directeur-adjoint-h-f-at-babilou-4444240866,Directeur adjoint H/F,,scraped,2026-07-27T13:34:51.402455,
f097f60beef82aa2,https://fr.linkedin.com/jobs/view/gestionnaire-d-al%C3%A9as-et-de-flotte-f-h-nice-at-groupe-sncf-4444261549,Gestionnaire d'Aléas et de Flotte F/H - Nice,Groupe SNCF,posted,2026-07-27T13:35:11.742439,1276
243cf95c1b336ac5,https://fr.linkedin.com/jobs/view/masseur-kin%C3%A9sith%C3%A9rapeute-h-f-at-app-ines-4443177603,Masseur-kinésithérapeute (H/F),App'ines,posted,2026-07-27T13:35:30.531775,1278
39b39c0970f891e6,https://fr.linkedin.com/jobs/view/mougins-cabrieres-asv-accueil-en-cdi-h-f-at-ivc-evidensia-france-4442082118,MOUGINS - CABRIERES - ASV ACCUEIL EN CDI (H/F),,scraped,2026-07-27T13:35:33.292608,
d14732682256488f,https://fr.linkedin.com/jobs/view/assistant-e-ing%C3%A9nieur-e-en-biologie-exp%C3%A9rimentale-h-f-at-inserm-paris-%C3%AEle-de-france-4443577811,Assistant(e) ingénieur(e) en biologie expérimentale - H/F,,scraped,2026-07-27T13:35:41.850004,
dccfb7d507c1c485,https://fr.linkedin.com/jobs/view/ma%C3%AEtre-d-h%C3%B4tel-at-barri%C3%A8re-4441502707,Maître d'Hôtel,,scraped,2026-07-27T13:35:49.324510,
3211ad668e5a5757,https://fr.linkedin.com/jobs/view/secr%C3%A9taire-juridique-h-f-at-masalex-conseil-4442749618,Secrétaire juridique h/f,,scraped,2026-07-27T13:35:57.259215,
9408895f6c494d9b,https://fr.linkedin.com/jobs/view/expert-en-gestion-d-entreprise-h-f-at-gcl-l-innovation-dans-l-accompagnement-des-entreprises-4443505931,EXPERT EN GESTION D'ENTREPRISE H/F,,scraped,2026-07-27T13:36:12.019565,
443622202eec946e,https://fr.linkedin.com/jobs/view/standardiste-h-f-at-bymycar-4443107420,Standardiste H/F,,scraped,2026-07-27T13:36:22.326829,
d3ae928fe0df8219,https://fr.linkedin.com/jobs/view/chirurgien-de-la-main-h-f-%E2%80%93-exercice-lib%C3%A9ral-%C3%A0-nice-at-talent-sourcing-4443022136,Chirurgien de la main H/F – Exercice libéral à Nice,Talent Sourcing,posted,2026-07-27T13:36:36.986114,1280
43038b3aaf2d9f15,https://fr.linkedin.com/jobs/view/cuisinier-h-f-at-accor-4442931376,Cuisinier H/F,Accor,posted,2026-07-27T13:36:44.931958,569
689162806e98b674,https://fr.linkedin.com/jobs/view/campus-recruitment-at-ytot-corporation-4442378173,Campus recruitment,YTOT Corporation,posted,2026-07-27T13:36:54.373910,1282
d1ce17513bf9c629,https://mc.linkedin.com/jobs/view/ingenieur-calculs-de-structures-h-f-at-avantis-4441065249,INGENIEUR CALCULS DE STRUCTURES H/F,AVANTIS,posted,2026-07-27T13:37:09.345915,1284
b519f69f618a7004,https://fr.linkedin.com/jobs/view/barman-barmaid-at-barri%C3%A8re-4440164534,Barman/Barmaid,,scraped,2026-07-27T13:37:12.024467,
e6514996e9614af4,https://fr.linkedin.com/jobs/view/alternance-assistant-e-commercial-e-h-f-at-isim-4443128672,Alternance Assistant(e) Commercial(e) H/F,ISIM,posted,2026-07-27T13:37:30.339268,1286
26cd128eb81793b3,https://fr.linkedin.com/jobs/view/%C3%A9quipier-polyvalent-h-f-at-inwood-hotels-4444364951,Équipier Polyvalent H/F,,scraped,2026-07-27T13:37:33.047697,
5f190edf0879e399,https://fr.linkedin.com/jobs/view/alternance-communication-chef-de-projet-community-manager-h-f-at-ea-pharma-4444991986,Alternance Communication Chef de projet / Community Manager H/F,,scraped,2026-07-27T13:37:41.927982,
00e83b3f0197f6ee,https://fr.linkedin.com/jobs/view/responsable-de-conduite-d-unit%C3%A9-de-valorisation-%C3%A9nerg%C3%A9tique-f-h-at-veolia-%EF%BF%A8-hungary-4441594370,Responsable de Conduite d'Unité de Valorisation Énergétique F/H,,scraped,2026-07-27T13:37:56.224448,
ceefa3a9cb1c6d37,https://fr.linkedin.com/jobs/view/garde-d-enfant-%C3%A0-domicile-h-f-at-family-sphere-4441821498,Garde d'enfant à domicile (H/F),Family Sphere,posted,2026-07-27T13:38:14.686249,1288
40af2be9fa82b0b9,https://fr.linkedin.com/jobs/view/property-acquisition-manager-%E2%80%93-south-of-france-at-the-sun-secret-collection-4442808197,Property Acquisition Manager – South of France,,scraped,2026-07-27T13:38:17.421169,
287a4c712cdb63ff,https://fr.linkedin.com/jobs/view/charg%C3%A9-e-de-ventes-loisirs-h-f-at-novotel-hotels-4443103372,Chargé(e) de Ventes Loisirs (H/F),,scraped,2026-07-27T13:38:24.352023,
ea6a3ca937cdf1fb,https://fr.linkedin.com/jobs/view/auxiliaire-de-pu%C3%A9riculture-at-babilou-4443388251,Auxiliaire de puériculture,,scraped,2026-07-27T13:38:35.383501,
3434acd3086b4c42,https://fr.linkedin.com/jobs/view/travailleur-social-h-f-%E2%80%93-nice-06-at-association-isatis-4445285228,Travailleur social H/F – Nice (06),,scraped,2026-07-27T13:38:42.811227,
bbf314c3fa2bff2d,https://mc.linkedin.com/jobs/view/senior-sales-advisor-at-van-cal-fine-jewellery-4444409873,Senior Sales Advisor,,scraped,2026-07-27T13:38:52.210885,
e87b6632b4fb4bde,https://fr.linkedin.com/jobs/view/surveillant-de-nuit-h-f-at-association-paje-pasteur-avenir-jeunesse-4444653085,Surveillant de nuit H/F,,scraped,2026-07-27T13:38:59.320240,
a47dd6e3ab59a1f9,https://fr.linkedin.com/jobs/view/multilingual-customer-support-content-moderation-opportunities-at-ww-talents-4444851703,Multilingual Customer Support & Content Moderation Opportunities,WW Talents,posted,2026-07-27T13:39:17.603534,1290
fe784cf1e42d430a,https://fr.linkedin.com/jobs/view/menuisier-bois-h-f%0A-h-f-at-pns-interim-4445392785,"Menuisier Bois H/F
(H/F)",PNS INTERIM,posted,2026-07-27T13:39:29.012537,1292
bf5d088dbaae8d7b,https://fr.linkedin.com/jobs/view/garde-d-enfant-%C3%A0-domicile-h-f-at-family-sphere-4441852282,Garde d'enfant à domicile (H/F),Family Sphere,posted,2026-07-27T13:39:41.629319,1294
4ed32869744847f2,https://fr.linkedin.com/jobs/view/alternance-office-manager-h-f-at-isim-4443820119,Alternance - Office Manager H/F,ISIM,posted,2026-07-27T13:39:48.099190,311
9eaec15184c3c38f,https://fr.linkedin.com/jobs/view/alternance-relation-client-h-f-at-isim-4443874159,Alternance - Relation client H/F,ISIM,posted,2026-07-27T13:39:54.733946,259
f07bd52f438ccb5a,https://fr.linkedin.com/jobs/view/visual-merchandiser-manager-cdi-35h-at-mango-4444373518,"VISUAL MERCHANDISER MANAGER, CDI 35H",,scraped,2026-07-27T13:39:57.401610,
e9b1467898f3a626,https://fr.linkedin.com/jobs/view/surveillant-de-nuit-cdi-temps-complet-at-apreh-4442214644,Surveillant de Nuit - CDI temps complet,,scraped,2026-07-27T13:40:04.385151,
062a6c304c64e311,https://fr.linkedin.com/jobs/view/employ%C3%A9-de-production-laboratoire-alimentaire-f-h-at-areas-france-4442697764,Employé de production laboratoire alimentaire F/H,,scraped,2026-07-27T13:40:24.624140,
bf19d5e06b73fb36,https://fr.linkedin.com/jobs/view/superviseur-chantier-%C3%A9lectricit%C3%A9-h-f-at-domea-sas-4443312066,Superviseur Chantier Électricité (H/F),,scraped,2026-07-27T13:40:33.280057,
9af16132e15aceb1,https://fr.linkedin.com/jobs/view/vendeur-menuiseries-h-f-at-proesa-cabinet-de-conseil-recrutement-et-formation-4442628942,Vendeur Menuiseries H/F,,scraped,2026-07-27T13:40:40.970406,
d58ad274ca9eb048,https://fr.linkedin.com/jobs/view/gestionnaire-de-paie-confirm%C3%A9-et-conseil-social-h-f-at-%C5%8Ddas-conseil-4443004916,Gestionnaire de paie confirmé et conseil social (H/F),ŌDAS CONSEIL,posted,2026-07-27T13:40:54.991461,1296
ea6e13320dad825a,https://fr.linkedin.com/jobs/view/business-development-representative-at-postprocess-technologies-4443992284,Business Development Representative,PostProcess Technologies,posted,2026-07-27T13:41:04.577293,1298
dacb9486cecb54b7,https://fr.linkedin.com/jobs/view/vendeur-temps-plein-h-f-at-chaussea-4440448299,VENDEUR TEMPS PLEIN H/F,,scraped,2026-07-27T13:41:09.221205,
4a409e3788f7daf1,https://fr.linkedin.com/jobs/view/conseiller-de-vente-polyvalent-h-f-at-mr-bricolage-4441034237,CONSEILLER DE VENTE POLYVALENT (H/F),Mr.Bricolage,posted,2026-07-27T13:41:20.847142,47
63af5b365c40221c,https://fr.linkedin.com/jobs/view/m%C3%A9canicien-automobile-peugeot-h-f-at-groupe-ippolito-4444007943,Mécanicien Automobile Peugeot H/F,,scraped,2026-07-27T13:41:23.550229,
652cca41cf33ff60,https://fr.linkedin.com/jobs/view/alternance-community-manager-h-f-at-isim-4444893721,Alternance Community manager H/F,ISIM,posted,2026-07-27T13:41:36.388683,267
9785b60d49c783e4,https://fr.linkedin.com/jobs/view/assistant-manager-nice-at-pokawa-4441097741,Assistant Manager - Nice,,scraped,2026-07-27T13:41:39.175865,
44c20170cb997635,https://fr.linkedin.com/jobs/view/alternance-conseiller-%C3%A8re-de-vente-h-f-at-isim-4443169063,Alternance Conseiller(ère) de vente  H/F,ISIM,posted,2026-07-27T13:41:56.266724,1300
5706d84b49b87093,https://fr.linkedin.com/jobs/view/commis-glaces-lobby-h-f-at-barri%C3%A8re-4441517872,Commis Glaces Lobby (H/F),,scraped,2026-07-27T13:41:58.902158,
4b7fe67e1eb678f4,https://fr.linkedin.com/jobs/view/charg%C3%A9-d-affaires-cfa-videoprotection-surete-%C3%A9lectronique-h-f-at-nge-btp-4444379350,CHARGÉ D'AFFAIRES - CFA - VIDEOPROTECTION - SURETE ÉLECTRONIQUE H/F,,scraped,2026-07-27T13:42:08.304247,
e919130b75e31b75,https://fr.linkedin.com/jobs/view/plagiste-h-f-at-barri%C3%A8re-4441039851,Plagiste (H/F),,scraped,2026-07-27T13:42:17.125727,
5cd6fbdb71a9df12,https://fr.linkedin.com/jobs/view/alternance-employ%C3%A9-e-commercial-e-h-f-at-isim-4443804777,Alternance Employé(e) Commercial(e) H/F,ISIM,posted,2026-07-27T13:42:32.213194,1302
1757c76445fc0f93,https://fr.linkedin.com/jobs/view/cheffe-de-projet-senior-at-i-n-events-agency-4445337602,Cheffe de projet senior,,scraped,2026-07-27T13:42:34.968186,
63e655473a0de178,https://fr.linkedin.com/jobs/view/garde-d-enfants-babysitting-h-f-at-yoopala-4444348193,"Garde d'enfants, Babysitting (H/F)",,scraped,2026-07-27T13:42:46.200969,
3b350833ab1fb099,https://fr.linkedin.com/jobs/view/alternance-manager-commercial-h-f-at-isim-4443887008,Alternance - Manager Commercial (H/F),ISIM,posted,2026-07-27T13:42:59.988514,147
2bdf825b235a4323,https://fr.linkedin.com/jobs/view/alternance-manager-adjoint-e-h-f-at-isim-4443866286,Alternance Manager Adjoint(e) H/F,ISIM,posted,2026-07-27T13:43:10.941564,1304
abdb5a42947f17b0,https://fr.linkedin.com/jobs/view/alternance-conseiller-e-de-vente-h-f-at-isim-4443874061,Alternance Conseiller(e) de vente  H/F,ISIM,posted,2026-07-27T13:43:23.799195,1306
aff3dcd5ca8c3cb8,https://fr.linkedin.com/jobs/view/apprenti-e-miroitier-%C3%A8re-%238211-h-f-h-f-en-apprentissage-at-cfa-du-b%C3%A2timent-aix-en-provence-4445221329,Apprenti(e) Miroitier(ère) &#8211; H/F (H/F) en Apprentissage,,scraped,2026-07-27T13:43:26.515531,
4e83f409047e3dea,https://fr.linkedin.com/jobs/view/sales-consultant-at-magrey-sons-retail-4445600131,Sales Consultant,Magrey & Sons RETAIL,posted,2026-07-27T13:43:42.810800,1308
2bcb3fadf61234a1,https://fr.linkedin.com/jobs/view/chef-de-mission-expertise-comptable-h-f-at-%C5%8Ddas-conseil-4443016544,Chef de Mission Expertise Comptable (H/F),ŌDAS CONSEIL,posted,2026-07-27T13:43:47.848900,723
16dc24529ec7d46d,https://fr.linkedin.com/jobs/view/ouvrier-paysagiste-cr%C3%A9ation-h-f-at-arrosage-paysage-4442303567,Ouvrier Paysagiste - Création (H/F),,scraped,2026-07-27T13:43:50.606552,
fa09d9b43442f592,https://fr.linkedin.com/jobs/view/alternance-finance-d-entreprise-f-h-at-vinci-energies-4444471118,Alternance Finance d'entreprise F/H,,scraped,2026-07-27T13:43:59.165190,
6ab3bc261b78bdd1,https://fr.linkedin.com/jobs/view/alternance-attach%C3%A9-e-commercial-e-h-f-at-isim-4444894728,Alternance Attaché(e) commercial(e)  H/F,ISIM,posted,2026-07-27T13:44:14.878487,1310
9a42bd8037f1adfa,https://fr.linkedin.com/jobs/view/business-analyst-h-f-at-innova-solutions-4441050079,Business Analyst H/F,Innova Solutions,posted,2026-07-27T13:44:26.862164,1312
364590f7d5de82fe,https://fr.linkedin.com/jobs/view/alternance-conseiller-de-vente-h-f-at-isim-4445146163,Alternance Conseiller de vente  H/F,ISIM,posted,2026-07-27T13:44:33.247244,449
aeb8464066938098,https://fr.linkedin.com/jobs/view/alternance-charg%C3%A9-d%C3%A9veloppement-commercial-h-f-at-isim-4443108399,Alternance - Chargé Développement Commercial H/F,ISIM,posted,2026-07-27T13:44:43.779236,1314
45288a26f0421c5e,https://fr.linkedin.com/jobs/view/aide-%C3%A0-domicile-menton-h-f-at-admr-4443700395,Aide à domicile - Menton (H/F),,scraped,2026-07-27T13:44:46.511236,
44abc3f9238284ec,https://fr.linkedin.com/jobs/view/business-manager-h-f-at-exalt-4445142502,Business Manager (H/F),,scraped,2026-07-27T13:44:54.142222,
ac645ed3cfccfc14,https://fr.linkedin.com/jobs/view/aide-m%C3%A9nager-m%C3%A9nag%C3%A8re-h-f-at-merciplus-4443188645,Aide ménager / ménagère (H/F),,scraped,2026-07-27T13:45:01.734262,
f92db15719075277,https://mc.linkedin.com/jobs/view/senior-digital-pr-account-manager-at-white-light-digital-marketing-4442722979,Senior Digital PR & Account Manager,White Light Digital Marketing,posted,2026-07-27T13:45:16.392861,1316
d3859d4007dddf94,https://fr.linkedin.com/jobs/view/consultant-en-recrutement-ind%C3%A9pendant-h-f-at-ikiway-cabinet-de-recrutement-4444942376,Consultant en recrutement indépendant H/F,,scraped,2026-07-27T13:45:23.073778,
89a06c8abafafc17,https://fr.linkedin.com/jobs/view/responsable-de-secteur-en-formation-at-ecolab-4417396372,Responsable de Secteur - en Formation,Ecolab,posted,2026-07-27T13:45:36.791477,1318
a4bc62d941416ced,https://mc.linkedin.com/jobs/view/francophone-customer-support-representative-%E2%80%93-remote-at-talentpop-app-4442347572,Francophone Customer Support Representative – Remote,TalentPop App,posted,2026-07-27T13:45:41.630732,1022
9c02c11bc8318654,https://fr.linkedin.com/jobs/view/employe-de-reserve-h-f-cdd-35h-at-mango-4443182091,"EMPLOYE DE RESERVE H/F , CDD 35H",,scraped,2026-07-27T13:45:44.309597,
7175dd7491366814,https://fr.linkedin.com/jobs/view/employ%C3%A9-e-polyvalent-e-juicer-cannes-at-joe-the-juice-4439116316,Employé(e) Polyvalent(e) / Juicer - Cannes,,scraped,2026-07-27T13:45:51.342856,
cabff43761f56830,https://fr.linkedin.com/jobs/view/charg%C3%A9-e-de-contr%C3%B4le-qualit%C3%A9-microbiologie-confirm%C3%A9-nice-at-vulcain-belgium-4444893702,Chargé(e) de contrôle qualité microbiologie Confirmé- Nice,,scraped,2026-07-27T13:46:00.037973,
f7ee70ae7a095ce7,https://fr.linkedin.com/jobs/view/accompagnant-educatif-et-social-h-f-at-admr-4443586832,Accompagnant Educatif et Social (H/F),,scraped,2026-07-27T13:46:06.514990,
3272312cff88d59e,https://fr.linkedin.com/jobs/view/assistant-e-commercial-e-et-facturation-douane-h-f-at-asd-group-4443757573,Assistant(e) commercial(e) et facturation douane - H/F,,scraped,2026-07-27T13:46:14.179620,
8427547f25033183,https://fr.linkedin.com/jobs/view/planificateur-travaux-g%C3%A9nie-civil-g%C3%A9nie-%C3%A9lectrique-h-f-at-auxys-4444465427,Planificateur Travaux - Génie Civil & Génie Électrique H/F,,scraped,2026-07-27T13:46:22.435156,
29246febf5ac6bc9,https://fr.linkedin.com/jobs/view/alternance-manager-de-rayon-h-f-at-isim-4445145334,Alternance Manager de Rayon H/F,ISIM,posted,2026-07-27T13:46:35.732256,315
01ef0f5c4682342c,https://mc.linkedin.com/jobs/view/francophone-customer-support-representative-%E2%80%93-remote-at-talentpop-app-4441890411,Francophone Customer Support Representative – Remote,TalentPop App,posted,2026-07-27T13:46:42.926716,1022
31462cd33b0d9640,https://fr.linkedin.com/jobs/view/vendeur-sport-running-f-h-at-magnitude-4444710759,Vendeur Sport Running F/H,,scraped,2026-07-27T13:46:45.747682,
da8a29ddeb0a9958,https://fr.linkedin.com/jobs/view/data-analyst-marketing-at-trainsweateat-4445910600,Data Analyst Marketing,,scraped,2026-07-27T13:46:54.370799,
7d948e95337566f5,https://fr.linkedin.com/jobs/view/alternance-business-developpement-at-smar-team-4445642221,ALTERNANCE BUSINESS DEVELOPPEMENT,,scraped,2026-07-27T13:47:03.457556,
e5f67b10a6bfbf92,https://mc.linkedin.com/jobs/view/agent-de-support-client%C3%A8le-international-h-f-at-talentpop-app-4442348536,Agent de Support Clientèle International (H/F),TalentPop App,posted,2026-07-27T13:47:19.336287,1320
b7a186ae734ef522,https://fr.linkedin.com/jobs/view/aide-soignant-cdi-temps-plein%E2%80%94-h-f-at-univi-4440470968,AIDE SOIGNANT CDI Temps Plein— H/F,,scraped,2026-07-27T13:47:24.027952,
7bc99134d578cda1,https://mc.linkedin.com/jobs/view/agent-de-support-client%C3%A8le-international-h-f-at-talentpop-app-4442336512,Agent de Support Clientèle International (H/F),TalentPop App,posted,2026-07-27T13:47:41.164838,1322
a6c948e5cba1c8f2,https://fr.linkedin.com/jobs/view/travailleur-social-h-f-%E2%80%93-le-cannet-06-at-association-isatis-4445271955,Travailleur social H/F – Le Cannet (06),,scraped,2026-07-27T13:47:43.715490,
054314d31056dc03,https://mc.linkedin.com/jobs/view/francophone-customer-support-representative-%E2%80%93-remote-at-talentpop-app-4442345560,Francophone Customer Support Representative – Remote,TalentPop App,posted,2026-07-27T13:47:55.312613,1022
6c31e0f66d1ffcd9,https://fr.linkedin.com/jobs/view/technicien-de-maintenance-f-h-at-ac-h%C3%B4tel-ambassadeur-antibes-juan-les-pins-4442724288,Technicien de maintenance F/H,AC Hôtel Ambassadeur Antibes-Juan les Pins,posted,2026-07-27T13:48:08.979275,1324
7ff110d5c081628d,https://fr.linkedin.com/jobs/view/beauty-advisor-at-coty-4385242906,Beauty Advisor,,scraped,2026-07-27T13:48:13.776854,
9cd740b6780d535f,https://fr.linkedin.com/jobs/view/responsable-d-%C3%A9quipe-logistique-junior-at-amazon-4443042751,Responsable d'équipe logistique junior,Amazon,posted,2026-07-27T13:48:27.169348,1326
4cfaa83e699f8597,https://fr.linkedin.com/jobs/view/alternance-animateur-trice-de-vente-h-f-at-isim-4443865398,Alternance Animateur (trice) de Vente H/F,ISIM,posted,2026-07-27T13:48:33.836439,717
f56d7b6aa289f349,https://fr.linkedin.com/jobs/view/agent-d-entretien-h-f%0A-h-f-at-pns-interim-4445925041,"Agent d'entretien H/F
(H/F)",PNS INTERIM,posted,2026-07-27T13:48:43.581814,1328
9f88a15921a95c62,https://mc.linkedin.com/jobs/view/surveillant-de-baignade-saison-2026-bnssa-h-f-at-novotel-hotels-4444355246,Surveillant de baignade SAISON 2026/ BNSSA (H/F),,scraped,2026-07-27T13:48:46.352941,
77496147927ad720,https://fr.linkedin.com/jobs/view/op%C3%A9rateur-trice-composite-h-f-groupe-piment-at-aerocontact-4441236262,Opérateur(trice) composite H/F - GROUPE PIMENT,,scraped,2026-07-27T13:48:57.960392,
5aea38bf64276a8b,https://fr.linkedin.com/jobs/view/alternance-animateur-trice-de-vente-h-f-at-isim-4443163228,Alternance Animateur (trice) de Vente H/F,ISIM,scraped,2026-07-27T13:49:08.126286,
031b181060b035e3,https://mc.linkedin.com/jobs/view/remote-french-bilingual-customer-support-representative-at-talentpop-app-4442807138,Remote French Bilingual Customer Support Representative,TalentPop App,posted,2026-07-27T13:49:12.963229,669
4b37988fc4242582,https://fr.linkedin.com/jobs/view/barista-f-h-at-areas-france-4444620005,Barista F/H,,scraped,2026-07-27T13:49:19.573354,
e18119ad1d3cbe29,https://fr.linkedin.com/jobs/view/directeur-d-agence-immobili%C3%A8re-de-prestige-h-f-at-le-recruteur-immobilier%C2%AE-4440408868,Directeur d'Agence Immobilière de Prestige H/F,,scraped,2026-07-27T13:49:30.099453,
8492846f4cc11cd6,https://fr.linkedin.com/jobs/view/manager-commercial-h-f-at-groupe-macsf-4443493958,MANAGER COMMERCIAL H/F,,scraped,2026-07-27T13:49:39.178498,
feeb845efd3512af,https://fr.linkedin.com/jobs/view/aide-%C3%A0-domicile-h-f-drap-at-admr-des-alpes-maritimes-4444872953,Aide à domicile H/F - Drap,ADMR des Alpes-Maritimes,posted,2026-07-27T13:49:59.078857,1330
d7a3fca45a1e468d,https://fr.linkedin.com/jobs/view/chef-de-mission-expertise-comptable-h-f-at-%C5%8Ddas-conseil-4444755199,Chef de mission Expertise Comptable (H/F),ŌDAS CONSEIL,posted,2026-07-27T13:50:04.508439,723
c4797c41075e4568,https://fr.linkedin.com/jobs/view/vendeur-boucherie-h-f-at-grand-frais-4442664467,VENDEUR BOUCHERIE - H/F,,scraped,2026-07-27T13:50:07.217446,
b9f979d9c8fb506d,https://fr.linkedin.com/jobs/view/alternance-manager-rh-h-f-at-isim-4445124463,Alternance - Manager RH H/F,ISIM,posted,2026-07-27T13:50:24.168863,1332
0c31af7d76514b2e,https://mc.linkedin.com/jobs/view/french-english-customer-support-associate-at-talentpop-app-4441888385,French-English Customer Support Associate,TalentPop App,posted,2026-07-27T13:50:29.127733,473
3dd1fa74da524774,https://fr.linkedin.com/jobs/view/acquisition-manager-h-f-at-skema-business-school-4444414469,Acquisition Manager H/F,SKEMA Business School,posted,2026-07-27T13:50:40.165608,1334
cdc077160ac2aa5b,https://fr.linkedin.com/jobs/view/gestionnaire-middle-office-gestion-de-patrimoine-cdi-mougins-at-olifan-group-4439907320,Gestionnaire Middle Office - Gestion de Patrimoine - CDI MOUGINS,,scraped,2026-07-27T13:50:46.866061,
75bf572b2e0770fc,https://fr.linkedin.com/jobs/view/alternance-charge-e-de-programmes-nice-h-f-at-icade-4415690577,ALTERNANCE- CHARGE(E) DE PROGRAMMES NICE H/F,,scraped,2026-07-27T13:50:59.393219,
93463cdc0cb7712c,https://fr.linkedin.com/jobs/view/assistant-e-commercial-f-h-at-apixit-4441587639,Assistant(e) commercial F/H,,scraped,2026-07-27T13:51:06.728395,
2a00ddf12a665bb8,https://fr.linkedin.com/jobs/view/conseiller-de-vente-h-f-nb-at-kiabi-4444339012,_Conseiller de Vente (h/f/nb),KIABI,posted,2026-07-27T13:51:25.190515,1336
7009354cab555885,https://mc.linkedin.com/jobs/view/senior-consultant-e-protection-des-donn%C3%A9es-personnelles-rgpd-f-h-at-goodrecruiter-4443909109,Senior Consultant(e) Protection des Données Personnelles / RGPD (F/H),,scraped,2026-07-27T13:51:27.873633,
ca672717a85a41d7,https://fr.linkedin.com/jobs/view/technicien-electricit%C3%A9-levage-f-h-x-at-bureau-veritas-4445220959,Technicien Electricité Levage (F-H-X),,scraped,2026-07-27T13:51:34.705255,
cb2ccb4f787bbee5,https://fr.linkedin.com/jobs/view/m%C3%A9decin-g%C3%A9n%C3%A9raliste-ou-interniste-h-f-cdi-temps-plein-c%C3%B4te-d-azur-at-talent-sourcing-4444755228,Médecin Généraliste ou Interniste (H/F) - CDI temps plein  - Côte d'Azur,Talent Sourcing,posted,2026-07-27T13:51:52.845716,1338
918dd8149acd1bdc,https://fr.linkedin.com/jobs/view/avocat-en-droit-des-soci%C3%A9t%C3%A9s-h-f-at-masalex-conseil-4442748594,Avocat en droit des sociétés h/f,,scraped,2026-07-27T13:51:57.640048,
05ae92f8212c06e3,https://fr.linkedin.com/jobs/view/animateur-trice-de-camping-at-ecg-4445906714,Animateur(trice) de camping,,scraped,2026-07-27T13:52:06.300323,
02084600c7cc29d8,https://fr.linkedin.com/jobs/view/alternance-animateur-trice-de-vente-h-f-at-isim-4444884888,Alternance Animateur (trice) de Vente H/F,ISIM,posted,2026-07-27T13:52:18.247281,717
7b7d3cd858461f4f,https://mc.linkedin.com/jobs/view/remote-french-bilingual-customer-support-representative-at-talentpop-app-4442817188,Remote French Bilingual Customer Support Representative,TalentPop App,posted,2026-07-27T13:52:23.177636,669
a27b573b49b0cb62,https://fr.linkedin.com/jobs/view/chef-de-partie-h-f-at-accor-4442923707,Chef de partie H/F,Accor,posted,2026-07-27T13:52:35.515357,1340
2e8172e3c29e488a,https://fr.linkedin.com/jobs/view/responsable-marketing-sweet-goods-at-mane-4442622765,Responsable Marketing Sweet Goods,,scraped,2026-07-27T13:52:38.276917,
3eb6c08494df74a1,https://fr.linkedin.com/jobs/view/employ%C3%A9-commercial-produits-frais-libre-service-id%C3%A9al-%C3%A9tudiant-20h-h-f-at-coop%C3%A9rative-u-4445201389,Employé commercial produits frais libre service (idéal étudiant 20h) H/F,Coopérative U,posted,2026-07-27T13:52:52.708096,1342
87b59c5adda53dd9,https://fr.linkedin.com/jobs/view/commis-de-cuisine-plongeur-nice-at-joe-the-juice-4439114380,Commis de cuisine/Plongeur - Nice,,scraped,2026-07-27T13:52:55.438517,
68e11440e3be2645,https://fr.linkedin.com/jobs/view/chef-fe-de-secteur-tp-at-bouygues-travaux-publics-r%C3%A9gions-france-4437600045,Chef(fe) de secteur TP,Bouygues Travaux Publics Régions France,posted,2026-07-27T13:53:13.500999,1344
75bf7fe41b150490,https://fr.linkedin.com/jobs/view/free-lance-closer-b2b-prospection-t%C3%A9l%C3%A9phonique-4444943548,Free-lance Closer B2B / Prospection téléphonique,Pro Sales Authority,posted,2026-07-27T13:53:26.572953,1346
e046eccc7802b387,https://fr.linkedin.com/jobs/view/ing%C3%A9nieur-pmo-confirm%C3%A9-h-f-at-migso-pcubed-4441811128,Ingénieur PMO Confirmé (H/F),MIGSO-PCUBED,posted,2026-07-27T13:53:39.789202,1348
53f17c9bce9cc7cf,https://mc.linkedin.com/jobs/view/r%C3%A9ceptionniste-night-h-f-at-novotel-hotels-4445126722,Réceptionniste night (H/F),,scraped,2026-07-29T11:37:28.108457,
638db699ad8af4bd,https://mc.linkedin.com/jobs/view/responsable-contenus-at-laboratoires-fort%C3%A9-pharma-4443691663,Responsable contenus,,scraped,2026-07-29T11:37:35.405096,
b825827f724f6d0e,https://fr.linkedin.com/jobs/view/conseiller%C2%B7e-immobilier-transaction-at-orpi-4445978949,Conseiller·e immobilier transaction,,scraped,2026-07-29T11:37:42.319547,
357cda43840463a8,https://fr.linkedin.com/jobs/view/coordinateur-administratif-f-h-at-idrac-business-school-4442863477,COORDINATEUR ADMINISTRATIF F/H,IDRAC Business School,posted,2026-07-29T11:38:02.134519,1350
aae7749abb6e30a6,https://fr.linkedin.com/jobs/view/gestionnaire-magasin-h-f-at-a%C3%A9roports-de-la-c%C3%B4te-d-azur-4446120814,Gestionnaire Magasin H/F,,scraped,2026-07-29T11:38:04.901811,
a7844528da471905,https://fr.linkedin.com/jobs/view/assistant-de-gestion-mobilit%C3%A9-et-stationnement-h-f-at-a%C3%A9roports-de-la-c%C3%B4te-d-azur-4446126035,Assistant de Gestion Mobilité et Stationnement H/F,,scraped,2026-07-29T11:38:12.862210,
b07bdb27c6b74a24,https://fr.linkedin.com/jobs/view/r%C3%A9ceptionniste-at-ecg-4445603753,Réceptionniste,,scraped,2026-07-29T11:38:21.762917,
182333d63741636e,https://mc.linkedin.com/jobs/view/accountant-operations-manager-mc-at-athos-partners-4445989260,Accountant / Operations Manager MC,,scraped,2026-07-29T11:38:28.881277,
796c7285db12e924,https://fr.linkedin.com/jobs/view/directeur-adjoint-de-campus-recrutement-admissions-f-h-at-epitech-european-institute-of-technology-4445936790,Directeur adjoint de campus - Recrutement & Admissions F/H,Epitech - L'école de l'excellence informatique,posted,2026-07-29T11:38:45.619113,1352
d8d25a0e402b483e,https://fr.linkedin.com/jobs/view/assistant-e-du-directeur-des-evenements-speciaux-at-barri%C3%A8re-4443243796,ASSISTANT(E) DU DIRECTEUR DES EVENEMENTS SPECIAUX,,scraped,2026-07-29T11:38:48.568613,
4e34031ce3234c3f,https://fr.linkedin.com/jobs/view/chef-de-projet-travaux-h-f-at-charly-la-page-pour-nos-annonces-4444997397,Chef de Projet Travaux H/F,Charly (La page pour nos annonces),posted,2026-07-29T11:39:05.606408,1354
77c14260e50db84d,https://fr.linkedin.com/jobs/view/waiter-waitress-at-nikki-beach-hospitality-group-4445985784,Waiter / Waitress,Nikki Beach Hospitality Group,posted,2026-07-29T11:39:14.333569,1356
8b1afce9d96fb062,https://mc.linkedin.com/jobs/view/commercial-e-%E2%80%93-vente-de-viandes-pour-les-restaurants-du-groupe-at-giraudi-group-4443293047,Commercial (e) – Vente de viandes pour les restaurants du groupe,,scraped,2026-07-29T11:39:17.015586,
7fe859e0b1b14761,https://fr.linkedin.com/jobs/view/n%C3%A9gociateur-en-immobilier-at-mytotem-4445201267,Négociateur en immobilier,,scraped,2026-07-29T11:39:23.642889,
05a539001cf9709b,https://mc.linkedin.com/jobs/view/chauffeur-monaco-at-madameestservie-net-recrutement-de-personnel-de-maison-de-luxe-4445463912,Chauffeur Monaco,,scraped,2026-07-29T11:39:32.612125,
35d1b3525df0105f,https://fr.linkedin.com/jobs/view/coach-%C3%A9ducatif-sans-exp%C3%A9rience-travail-flexible-at-tus-media-4445112180,Coach Éducatif Sans Expérience - Travail Flexible,,scraped,2026-07-29T11:39:44.048269,
65586df1a1427102,https://fr.linkedin.com/jobs/view/host-hostess-at-nikki-beach-hospitality-group-4445998373,Host/Hostess,Nikki Beach Hospitality Group,posted,2026-07-29T11:39:57.901500,1358
717efa2270792c30,https://fr.linkedin.com/jobs/view/alternance-assistant-e-communication-h-f-at-isim-4443887224,Alternance Assistant(e) Communication H/F,ISIM,posted,2026-07-29T11:40:11.905560,1360
4bd1fbb0794a1d20,https://fr.linkedin.com/jobs/view/r%C3%A9ceptionniste-welcomer-f-h-at-grape-hospitality-4442884604,Réceptionniste / Welcomer F/H,,scraped,2026-07-29T11:40:16.562167,
5ac2eade5400461e,https://fr.linkedin.com/jobs/view/spa-praticienne-h-f-cdd-at-le-domaine-du-mas-de-pierre-4446334380,SPA praticienne H/F - CDD,,scraped,2026-07-29T11:40:24.883232,
a8f8289f832dcfd0,https://fr.linkedin.com/jobs/view/secr%C3%A9taire-comptable-h-f-at-eau-d-azur-4443949827,Secrétaire comptable h/f,Eau d'Azur,posted,2026-07-29T11:40:44.294577,1362
a5f1c77a5b36b987,https://it.linkedin.com/jobs/view/grosmarket-cash-carry-addetto-a-vendita-reparto-ortofrutta-at-gruppo-sogegross-4444996858,GrosMarket Cash & Carry - Addetto/a vendita | Reparto Ortofrutta,Gruppo Sogegross,posted,2026-07-29T11:40:59.341840,1364
8499e70af4efa9f6,https://fr.linkedin.com/jobs/view/responsable-de-conduite-d-unit%C3%A9-de-valorisation-%C3%A9nerg%C3%A9tique-f-h-at-veolia-%EF%BF%A8-hungary-4445705206,Responsable de Conduite d'Unité de Valorisation Énergétique F/H,,scraped,2026-07-29T11:41:02.005251,
247d3d5b925c188e,https://fr.linkedin.com/jobs/view/alternance-n%C3%A9gociateur-trice-commercial-e-h-f-at-isim-4443830050,Alternance Négociateur(trice) commercial(e)  H/F,ISIM,posted,2026-07-29T11:41:17.857708,1366
1c01d9da2f7cf4fa,https://fr.linkedin.com/jobs/view/manutentionnaire-de-nuit-extra-h-f-at-the-maybourne-riviera-4446500782,Manutentionnaire de Nuit - EXTRA - H/F,,scraped,2026-07-29T11:41:20.566309,
85a252c3af9e3d1f,https://fr.linkedin.com/jobs/view/responsable-banquets-cdi-h-f-at-the-maybourne-riviera-4446338705,Responsable Banquets - CDI - H/F,,scraped,2026-07-29T11:41:27.247534,
a69aa434e1bab4c5,https://fr.linkedin.com/jobs/view/directeur-adjoint-de-campus-recrutement-admissions-f-h-at-ionis-education-group-4445944265,Directeur adjoint de campus - Recrutement & Admissions F/H,,scraped,2026-07-29T11:41:37.957224,
0786a2f4e5017b90,https://fr.linkedin.com/jobs/view/employ%C3%A9-op%C3%A9rations-logistique-f-h-cdi-temps-plein-at-ikea-4443869814,Employé Opérations logistique F/H - CDI - Temps plein,,scraped,2026-07-29T11:41:46.491762,
b8257eaeff1a2b18,https://mc.linkedin.com/jobs/view/offre-d-emploi-assistant-e-commercial-e-eam-mfo-f-h-at-cmb-monaco-4445161750,OFFRE D'EMPLOI - ASSISTANT(E) COMMERCIAL(E) EAM/MFO F/H,,scraped,2026-07-29T11:41:53.291280,
1e5838f493f15ca6,https://fr.linkedin.com/jobs/view/conseiller-de-vente-35h-nice-cap3000-h-f-at-balibaris-4442838218,Conseiller de vente - 35h Nice Cap3000 - H/F,,scraped,2026-07-29T11:42:00.731039,
9bb24cd6fad32b56,https://mc.linkedin.com/jobs/view/monaco-at-chauffeur-center-4446395600,Monaco,,scraped,2026-07-29T11:42:07.396626,
16d3c96d7f1c2255,https://mc.linkedin.com/jobs/view/giardiniere-at-narmino-jardins-4446194773,Giardiniere,,scraped,2026-07-29T11:42:14.173947,
b962155f8bcc2b0a,https://mc.linkedin.com/jobs/view/comptable-at-dietsmann-4444109189,Comptable,,scraped,2026-07-29T11:42:27.802783,
9e0421ea7298f2ce,https://mc.linkedin.com/jobs/view/business-manager-at-skoto-4443292700,Business Manager,,scraped,2026-07-29T11:42:36.342812,
6ebb8d21526f30d4,https://fr.linkedin.com/jobs/view/charg%C3%A9-de-recrutement-h-f-at-coop%C3%A9rative-u-4444220370,Chargé de recrutement H/F,Coopérative U,posted,2026-07-29T11:42:51.945645,1368
a79420307df90db3,https://mc.linkedin.com/jobs/view/analyste-fusion-acquisition-at-hypra-capital-sam-4443281504,Analyste fusion/acquisition,,scraped,2026-07-29T11:42:56.623745,
49990512e5d704c0,https://mc.linkedin.com/jobs/view/supply-chain-co-founder-head-of-product-100-%25-remote-m-f-d-at-ewor-4444391408,Supply Chain Co-Founder / Head of Product (100 % remote) (m/f/d),,scraped,2026-07-29T11:43:06.060812,
97f316e3e51fd20e,https://fr.linkedin.com/jobs/view/peintre-f-h-at-jw-marriott-cannes-4446193994,Peintre F/H,JW Marriott Cannes,posted,2026-07-29T11:43:23.172959,1370
34a63ed56e1c1f5f,https://fr.linkedin.com/jobs/view/alternance-hr-business-partner-assistant-e-h-f-at-isim-4443815302,Alternance - HR Business Partner Assistant(e) H/F,ISIM,posted,2026-07-29T11:43:33.723206,1372
59a2d035171f6190,https://fr.linkedin.com/jobs/view/alternant-assistant-rh-h-f-at-fayat-batiment-4445738442,Alternant assistant RH H/F,,scraped,2026-07-29T11:43:36.354365,
9482a60c0151731d,https://fr.linkedin.com/jobs/view/factotum-cdi-temps-complet-mecs-la-colle-sur-loup-at-apreh-4445422540,FACTOTUM - CDI TEMPS COMPLET - MECS LA COLLE SUR LOUP,,scraped,2026-07-29T11:43:43.502522,
7c051a2a3aeb1256,https://fr.linkedin.com/jobs/view/aide-soignant-nuit-h-f-at-lna-sant%C3%A9-4445183254,Aide-Soignant nuit H/F,,scraped,2026-07-29T11:43:52.410843,
2e7c4fe1a1666c22,https://fr.linkedin.com/jobs/view/aide-%C3%A0-domicile-h-f-at-home-services-4444847981,AIDE À DOMICILE (H/F),,scraped,2026-07-29T11:44:01.753347,
1bbdcdadab8683ec,https://fr.linkedin.com/jobs/view/aide-%C3%A0-domicile-h-f-antibes-at-admr-des-alpes-maritimes-4444872745,Aide à domicile H/F - Antibes,,scraped,2026-07-29T11:44:09.487863,
f5f89a16f8be7b3f,https://fr.linkedin.com/jobs/view/aide-%C3%A0-domicile-weekend-h-f-nice-at-admr-des-alpes-maritimes-4444876577,Aide à domicile Weekend H/F - Nice,,scraped,2026-07-29T11:44:18.141120,
0d17daadc3c706b8,https://fr.linkedin.com/jobs/view/alternance-charg%C3%A9-e-de-missions-rh-junior-h-f-at-isim-4443871095,Alternance - Chargé(e) de Missions RH Junior H/F,ISIM,posted,2026-07-29T11:44:33.263014,1374
bffc86c9e4ad9fc6,https://fr.linkedin.com/jobs/view/housekeeper-antibes-at-hubliss-4446117993,housekeeper Antibes,,scraped,2026-07-29T11:44:39.918017,
71bc65f95fe614e3,https://fr.linkedin.com/jobs/view/alternance-assistant-e-business-development-h-f-at-isim-4445141347,Alternance - Assistant(e) Business Development H/F,ISIM,posted,2026-07-29T11:44:55.438958,1376
3c4a5e5fd5ff1d49,https://fr.linkedin.com/jobs/view/alternance-assistant-e-ressources-humaines-h-f-at-isim-4443877292,Alternance Assistant(e) Ressources Humaines H/F,ISIM,posted,2026-07-29T11:45:07.085996,1378
f1f82def7a6f38f3,https://fr.linkedin.com/jobs/view/alternance-charg%C3%A9-e-de-client%C3%A8le-h-f-at-isim-4445136380,Alternance Chargé(e) de clientèle H/F,ISIM,posted,2026-07-29T11:45:17.604299,1380
08690cb33acc5720,https://fr.linkedin.com/jobs/view/valeter-at-lloyd-motor-group-4444424687,Valeter,,scraped,2026-07-29T11:45:20.238136,
a47ca184741829aa,https://fr.linkedin.com/jobs/view/manager-at-cassini-distribution-4444923564,Manager,CASSINI DISTRIBUTION,posted,2026-07-29T11:45:34.168878,1382
c8f54a12265f5bf0,https://fr.linkedin.com/jobs/view/aide-%C3%A0-domicile-h-f-saint-martin-du-var-at-admr-des-alpes-maritimes-4444896472,Aide à domicile H/F - Saint-Martin-du-Var,,scraped,2026-07-29T11:45:36.792886,
b7c58b30c72cb658,https://fr.linkedin.com/jobs/view/employ%C3%A9-e-de-m%C3%A9nage-h-f-cdi-antibes-juan-les-pins-at-hubliss-4446137073,Employé (e) de ménage H/F CDI Antibes & Juan les pins,,scraped,2026-07-29T11:45:43.353122,
2e1ce1e6849607c4,https://fr.linkedin.com/jobs/view/responsable-de-portefeuille-comptable-h-f-at-%C5%8Ddas-conseil-4446145596,Responsable de portefeuille comptable (H/F),ŌDAS CONSEIL,posted,2026-07-29T11:45:52.833597,265
3ed9bca9a6134b9e,https://fr.linkedin.com/jobs/view/contrat-etudiant-weekend-et-vacances-scolaires-h-f-at-leclerc-le-poire-sur-vie-4445349850,CONTRAT ETUDIANT (WEEKEND ET VACANCES SCOLAIRES) - H/F,,scraped,2026-07-29T11:45:57.529507,
4fc29f7a6a1e4419,https://fr.linkedin.com/jobs/view/alternance-vendeur-conseil-h-f-at-isim-4443810667,Alternance Vendeur Conseil H/F,ISIM,posted,2026-07-29T11:46:08.442914,323
34aa063f3918ec7d,https://fr.linkedin.com/jobs/view/gestionnaire-de-paie-confirm%C3%A9-et-conseil-social-h-f-at-%C5%8Ddas-conseil-4444754222,Gestionnaire de paie confirmé et conseil social (H/F),ŌDAS CONSEIL,posted,2026-07-29T11:46:17.532919,1384
3b0b4a4fabb3aa92,https://mc.linkedin.com/jobs/view/technicien-cordiste-h-f-at-groupe-na-%F0%9F%8C%90-4443147350,Technicien Cordiste H/F,,scraped,2026-07-29T11:46:20.238949,
d0884e2d1e8f9deb,https://mc.linkedin.com/jobs/view/electricien-de-maintenance-f-h-at-vinci-energies-4443928659,Electricien de maintenance F/H,,scraped,2026-07-29T11:46:28.112015,
9af235ffabce413e,https://fr.linkedin.com/jobs/view/alternance-communication-chef-de-projet-community-manager-h-f-at-olyos-group-4444391741,Alternance Communication Chef de projet / Community Manager H/F,,scraped,2026-07-29T11:46:35.399021,
ce1fe48085eacfed,https://fr.linkedin.com/jobs/view/ambassadeur-expert-beaut%C3%A9-h-f-at-globe-travel-retail-4441597492,Ambassadeur expert beauté - H/F,,scraped,2026-07-29T11:46:44.476979,
0bc1b310179ffa50,https://fr.linkedin.com/jobs/view/employ%C3%A9-polyvalent-f-h-nice-promenade-at-mcdonald-s-pau-4445297928,"Employé Polyvalent (F/H), NICE PROMENADE",,scraped,2026-07-29T11:46:51.664164,
c39e87442a21ca35,https://fr.linkedin.com/jobs/view/fashion-conseiller-e-de-ventes-galeries-lafayette-nice-massena-cdd-35h-h-f-at-claudie-pierlot-4443785634,[Fashion] - Conseiller.e de ventes - Galeries Lafayette Nice Massena - CDD 35h - H/F,,scraped,2026-07-29T11:46:59.415237,
5dc19862e8e2f65e,https://fr.linkedin.com/jobs/view/alternance-vendeur-conseil-h-f-at-isim-4445146250,Alternance Vendeur Conseil H/F,ISIM,scraped,2026-07-29T11:47:09.339644,
22f46caa876fd7c0,https://mc.linkedin.com/jobs/view/finance-manager-f-m-at-nexus-hr-4434477846,Finance Manager F/M,Nexus HR,posted,2026-07-29T11:47:19.393917,1386
9ce1639458139c8a,https://fr.linkedin.com/jobs/view/garde-d-enfants-babysitting-h-f-at-yoopala-4444681711,"Garde d'enfants, Babysitting (H/F)",,scraped,2026-07-29T11:47:22.122809,
0eddb4366fa48404,https://fr.linkedin.com/jobs/view/boulanger-h-f-at-leclerc-le-poire-sur-vie-4445242765,BOULANGER - H/F,,scraped,2026-07-29T11:47:29.230677,
d7d587be7ed044b6,https://fr.linkedin.com/jobs/view/alternance-charg%C3%A9-e-de-client%C3%A8le-h-f-at-isim-4443498737,Alternance Chargé(e) de clientèle H/F,ISIM,posted,2026-07-29T11:47:46.245378,1388
b130c7c9409edfad,https://fr.linkedin.com/jobs/view/vendeur-poisson-h-f-at-leclerc-le-poire-sur-vie-4445239983,VENDEUR POISSON - H/F,,scraped,2026-07-29T11:47:49.276694,
6e8d3b590e214dd3,https://fr.linkedin.com/jobs/view/equipier-commerce-f-h-at-auchan-retail-4441046318,Equipier Commerce F/H,,scraped,2026-07-29T11:47:55.839175,
48cac0df8db75341,https://fr.linkedin.com/jobs/view/accompagnant-educatif-et-social-h-f-cdd-at-apreh-4445194184,Accompagnant Educatif et Social H/F CDD,,scraped,2026-07-29T11:48:03.156982,
44933c8c47dd5c66,https://fr.linkedin.com/jobs/view/ambassadeur-expert-vins-spiritueux-et-chocolats-h-f-at-globe-travel-retail-4441592593,"Ambassadeur expert Vins, spiritueux et chocolats - H/F",,scraped,2026-07-29T11:48:18.460067,
455fad3e38f1becd,https://fr.linkedin.com/jobs/view/retailer-accountant-at-lloyd-motor-group-4444764329,Retailer Accountant,,scraped,2026-07-29T11:48:25.798651,
3aea9ee4a7957014,https://fr.linkedin.com/jobs/view/equipier-commerce-f-h-at-auchan-retail-4441839309,Equipier Commerce F/H,,scraped,2026-07-29T11:48:33.015834,
651f3609752dd992,https://mc.linkedin.com/jobs/view/deputy-risques-contr%C3%B4le-permanent-at-beyond-potentials-4443274815,Deputy Risques & Contrôle Permanent,,scraped,2026-07-29T11:48:40.411234,
43005d00f8913965,https://fr.linkedin.com/jobs/view/aide-%C3%A0-domicile-h-f-haut-paillon-at-admr-des-alpes-maritimes-4444896474,Aide à domicile H/F - Haut-Paillon,,scraped,2026-07-29T11:48:51.236084,
d48dc6b5ed7e4da5,https://fr.linkedin.com/jobs/view/directeur-commercial-directrice-commerciale-at-bras-droit-des-dirigeants-4445331114,DIRECTEUR COMMERCIAL / DIRECTRICE COMMERCIALE,,scraped,2026-07-29T11:48:59.942505,
641d40d7ac28d355,https://fr.linkedin.com/jobs/view/employ%C3%A9-op%C3%A9rations-logistique-f-h-cdd-1-mois-temps-plein-at-ikea-4446029908,Employé Opérations logistique F/H - CDD 1 Mois - Temps plein,,scraped,2026-07-29T11:49:09.066053,
a6aaf2f7b8e8bc12,https://fr.linkedin.com/jobs/view/assistant-e-rh-g%C3%A9n%C3%A9raliste-%E2%80%93-secteur-de-l-aide-%C3%A0-domicile-%E2%80%93-cagnes-sur-mer-nice-at-domicea-4444950495,Assistant(e) RH généraliste – Secteur de l'aide à domicile – Cagnes-sur-Mer / Nice,DOMICEA,posted,2026-07-29T11:49:23.110892,1390
1c14522d56d50b82,https://mc.linkedin.com/jobs/view/assistant-e-banquier-priv%C3%A9-private-banker-assistant-at-beyond-potentials-4441546134,Assistant(e) Banquier Privé / Private Banker Assistant,,scraped,2026-07-29T11:49:27.944533,
02abbd6f74d8d3ae,https://fr.linkedin.com/jobs/view/serveur-h-f-at-campanile-4438260445,Serveur - H/F,Campanile,posted,2026-07-29T11:49:46.910564,1392
33e4392b88074e7b,https://fr.linkedin.com/jobs/view/aide-m%C3%A9nager-%C3%A8-h-f-%E2%80%93-cagnes-sur-mer-at-merciplus-4445185234,AIDE MÉNAGER(È) H/F – CAGNES SUR MER,,scraped,2026-07-29T11:49:49.733009,
a9276061669eac6e,https://mc.linkedin.com/jobs/view/longevity-co-founder-cpo-100-%25-remote-m-f-d-at-ewor-4444608037,Longevity Co-Founder / CPO (100 % remote) (m/f/d),,scraped,2026-07-29T11:49:56.973340,
9102061b0903ecb5,https://fr.linkedin.com/jobs/view/vendeur-se-conseiller-%C3%A8re-de-vente-darjeeling-nice-cap-3000-cdi-35h-h-f-at-chantelle-4445708270,Vendeur(se) / Conseiller(ère) de vente - DARJEELING Nice Cap 3000 CDI- 35h H/F,,scraped,2026-07-29T11:50:03.688866,
e42d8f7383c2ca1b,https://fr.linkedin.com/jobs/view/vendeur-magasin-35-heures-nice-at-new-balance-4446567666,Vendeur Magasin (35 heures) - Nice,New Balance,posted,2026-07-29T11:50:19.523451,1394
0aa4cd8a6cf0569b,https://fr.linkedin.com/jobs/view/sales-business-developer-en-immobilier-neuf-h-f-ind%C3%A9pendant-at-papillon-patrimoine-4446040077,Sales/Business Developer en Immobilier neuf H/F indépendant,,scraped,2026-07-29T11:50:26.210361,
1e3373b20cbaf4fe,https://fr.linkedin.com/jobs/view/alternance-employ%C3%A9-e-commercial-e-h-f-at-isim-4443866072,Alternance Employé(e) Commercial(e) H/F,ISIM,posted,2026-07-29T11:50:43.407162,1396
b611fc33c4612239,https://fr.linkedin.com/jobs/view/coordinateur-trice-des-cuisines-h-f-at-h%C3%B4tel-le-negresco-4444944815,Coordinateur(trice) des cuisines (H/F),Hôtel Le Negresco,posted,2026-07-29T11:50:56.219388,1398
e621d59cd000bd75,https://fr.linkedin.com/jobs/view/alternance-finance-d-entreprise-f-h-at-vinci-4444734143,Alternance Finance d'entreprise F/H,,scraped,2026-07-29T11:50:59.167072,
2de27cfa7b5c1378,https://fr.linkedin.com/jobs/view/equipier-commerce-f-h-cremerie-at-auchan-retail-4442899102,Equipier Commerce F/H CREMERIE,,scraped,2026-07-29T11:51:08.469105,
8a16f382b11b2cdb,https://fr.linkedin.com/jobs/view/responsable-centre-de-service-vehicules-legers-at-michelin-4444998343,RESPONSABLE CENTRE DE SERVICE VEHICULES LEGERS,,scraped,2026-07-29T11:51:15.839977,
9c67eb6216bb9491,https://fr.linkedin.com/jobs/view/stage-community-manager-4-%C3%A0-6-mois-%E2%80%93-nice-at-mouvementcom-4444446688,Stage Community Manager (4 à 6 mois) – Nice,MouvementCom,posted,2026-07-29T11:51:30.940701,1400
a3476b29421c32ee,https://fr.linkedin.com/jobs/view/aide-%C3%A0-domicile-h-f-haut-paillon-at-admr-des-alpes-maritimes-4444887539,Aide à domicile H/F - Haut-Paillon,,scraped,2026-07-29T11:51:33.691884,
0a52ca10f9829480,https://fr.linkedin.com/jobs/view/assistant-de-vie-aux-familles-en-alternance-h-f-at-walter-learning-4445366472,Assistant de vie aux familles en Alternance H/F,,scraped,2026-07-29T11:51:40.247377,
7b6ad67195f220ec,https://mc.linkedin.com/jobs/view/compliance-officer-aml-at-beyond-potentials-4443880929,Compliance officer AML,,scraped,2026-07-29T11:51:47.030587,
ba99a204d17caae7,https://fr.linkedin.com/jobs/view/gestionnaire-de-paie-en-alternance-f-h-at-walter-learning-4445670240,Gestionnaire de Paie en alternance F/H,,scraped,2026-07-29T11:51:59.157117,
36cee0b7d45ecc2a,https://fr.linkedin.com/jobs/view/monteur-cableur-h-f%0A-h-f-at-pns-interim-4445901848,"MONTEUR CABLEUR H/F
(H/F)",PNS INTERIM,posted,2026-07-29T11:52:12.563767,1402
8980ca226e475e37,https://fr.linkedin.com/jobs/view/directeur-de-franchise-directrice-de-franchise-at-avenir-r%C3%A9novations-4444414006,Directeur de franchise/Directrice de franchise,,scraped,2026-07-29T11:52:19.215986,
2178f71ce4e4eeb5,https://fr.linkedin.com/jobs/view/alternance-finance-d-entreprise-f-h-at-vinci-energies-4446111019,Alternance Finance d'entreprise F/H,,scraped,2026-07-29T11:52:27.040373,
559e68036d2e2cd7,https://fr.linkedin.com/jobs/view/business-developer-ind%C3%A9pendant-confirm%C3%A9-f-h-at-euklead-4444219346,Business Developer Indépendant Confirmé F/H,EUKLEAD,posted,2026-07-29T11:52:44.485560,1404
7bedfd95b749dad2,https://fr.linkedin.com/jobs/view/project-management-officer-pmo-h-f-at-inetum-4444428488,Project Management Officer (PMO) - H/F,,scraped,2026-07-29T11:52:49.427373,
09026c13a0c08807,https://fr.linkedin.com/jobs/view/technicien-ne-d-exploitation-f-h-at-edf-4446191415,Technicien(ne) d'exploitation F/H,,scraped,2026-07-29T11:52:56.438557,
fbd1920d82cdd5d8,https://fr.linkedin.com/jobs/view/professeur-de-maths-enseignant-cours-particuliers-at-tus-media-4445103236,Professeur de Maths - Enseignant cours particuliers,,scraped,2026-07-29T11:53:03.153161,
7318e2fdd1cdb92d,https://fr.linkedin.com/jobs/view/second-de-cuisine-restauration-collective-h-f-at-newrest-4444917851,Second de Cuisine Restauration Collective H/F,Newrest,posted,2026-07-29T11:53:22.178699,1406
0cc1f45ab0ff9df2,https://fr.linkedin.com/jobs/view/vendeur-polyvalent-18h-f-h-cdi-temps-partiel-at-naturalia-4445728001,Vendeur polyvalent 18H (F/H) - CDI Temps partiel,,scraped,2026-07-29T11:53:24.989609,
e8438f21d597395d,https://fr.linkedin.com/jobs/view/equipier-%C3%A8re-logistique-at-brico-d%C3%A9p%C3%B4t-4444453583,Equipier(ère) Logistique,BRICO DEPOT,posted,2026-07-29T11:53:44.615882,1408
366e54f9647f12f3,https://fr.linkedin.com/jobs/view/contrat-d-apprentissage-assitant-e-directeur-technique-at-h%C3%B4tel-palais-de-la-m%C3%A9diterran%C3%A9e-4446185909,Contrat d'apprentissage : Assitant(e) Directeur Technique,Hôtel Palais de la Méditerranée,posted,2026-07-29T11:53:57.265222,1410
ce5cdaea16644fd7,https://fr.linkedin.com/jobs/view/p%C3%A2tissier-h-f-at-wink-4446033726,Pâtissier (H/F),,scraped,2026-07-29T11:54:00.099085,
dafb547d8382bfbd,https://mc.linkedin.com/jobs/view/gestionnaire-transport-import-export-at-fed-supply-4445733054,Gestionnaire Transport Import/Export,,scraped,2026-07-29T11:54:10.999816,
d756e497f4d16011,https://fr.linkedin.com/jobs/view/vendeur-polyvalent-h-f-cdd-35h-at-mango-4443172579,"VENDEUR POLYVALENT H/F, CDD 35H",,scraped,2026-07-29T11:54:19.771664,
ac3427acffa35db7,https://fr.linkedin.com/jobs/view/pr%C3%A9paratrice-pr%C3%A9parateur-de-commandes-at-monoprix-4445129778,"Préparatrice, préparateur de commandes",,scraped,2026-07-29T11:54:28.418593,
c21cf474b8868b33,https://fr.linkedin.com/jobs/view/pr%C3%A9paratrice-pr%C3%A9parateur-de-commandes-at-monoprix-4445124777,"Préparatrice, préparateur de commandes",,scraped,2026-07-29T11:54:35.892641,
8da357d0cebb3b77,https://fr.linkedin.com/jobs/view/data-ing%C3%A9nieur-h-f-at-meritis-4443601429,Data ingénieur (H/f),,scraped,2026-07-29T11:54:43.229934,
b493b5b680860efa,https://fr.linkedin.com/jobs/view/analyste-financier-projet-f-h-at-docaposte-4443681890,Analyste Financier projet F/H,,scraped,2026-07-29T11:54:52.970795,
a5a249390ec768df,https://fr.linkedin.com/jobs/view/auxiliaire-de-vie-h-f-sur-antibes-at-groupe-proseniors-4445973345,Auxiliaire de Vie H/F sur Antibes,,scraped,2026-07-29T11:55:00.054149,
d0a0f6fa7dd36b6b,https://fr.linkedin.com/jobs/view/chef-de-rang-cdi-f-h-at-jw-marriott-cannes-4443928097,Chef de rang CDI F/H,JW Marriott Cannes,posted,2026-07-29T11:55:21.230026,1412
20856c560c62be13,https://fr.linkedin.com/jobs/view/conseiller-vendeur-boulangerie-patisserie-h-f-at-coop%C3%A9rative-u-4443942709,Conseiller vendeur boulangerie-patisserie H/F,Coopérative U,posted,2026-07-29T11:55:34.187594,1414
ad8ef239918d5d51,https://fr.linkedin.com/jobs/view/ing%C3%A9nieur-commercial-at-sre-groupe-4446108016,Ingénieur commercial,,scraped,2026-07-29T11:55:37.055434,
e1004102df065829,https://mc.linkedin.com/jobs/view/%2312409-%E5%95%9F%E5%BE%B7monaco-one%E6%89%BE%E4%B8%8A%E9%96%80%E4%BF%9D%E5%A7%86-at-babysitter-hk-%E5%B0%8B%E4%BF%9D%E7%B6%B2-4444988967,#12409 啟德Monaco One找上門保姆,,scraped,2026-07-29T11:55:45.658219,
99c3d2477b622a94,https://fr.linkedin.com/jobs/view/gestionnaire-de-paie-en-alternance-f-h-at-walter-learning-4446515786,Gestionnaire de Paie en alternance F/H,,scraped,2026-07-29T11:55:54.155132,
07a24cfbdd7b5f06,https://fr.linkedin.com/jobs/view/vendeur-assistant-at-chat-malo-paris-4445646132,Vendeur assistant,,scraped,2026-07-29T11:56:02.889916,
bbf6432dded56de6,https://fr.linkedin.com/jobs/view/job-etudiant-temps-partiel-vendeur-h-f-at-feu-vert-france-4446058174,Job Etudiant Temps partiel - Vendeur H/F,,scraped,2026-07-29T11:56:18.238043,
e1631b1474d74461,https://fr.linkedin.com/jobs/view/organisateur-trice-de-mariage-ind%C3%A9pendant-e-at-agence-quatre-etoiles-4376383883,Organisateur(trice) de mariage indépendant(e),Agence Quatre Etoiles,posted,2026-07-29T11:56:31.680424,1416
bb5f9e5000a62066,https://fr.linkedin.com/jobs/view/responsable-boutique-famille-mary-cannes-06-at-famille-mary-french-beekeeper-since-1921-4442308703,Responsable boutique Famille MARY Cannes (06),Famille Mary Apiculteur depuis 1921,posted,2026-07-29T11:56:44.539990,1418
cede8f0bb7196c0e,https://fr.linkedin.com/jobs/view/auxiliaire-de-vie-h-f-sur-cannes-at-groupe-proseniors-4445971674,Auxiliaire de Vie H/F sur Cannes,,scraped,2026-07-29T11:56:47.197950,
ad0918bfacd2a60c,https://fr.linkedin.com/jobs/view/employe-e-polyvalent-e-en-restauration-collective-h-f-at-sodexo-4445196419,EMPLOYE(E) POLYVALENT(E) EN RESTAURATION COLLECTIVE H/F,,scraped,2026-07-29T11:56:58.623161,
1edf1d1da6324146,https://fr.linkedin.com/jobs/view/technicien-de-maintenance-extincteurs-f-h-at-eurofeu-4441047174,Technicien de maintenance extincteurs - F/H,,scraped,2026-07-29T11:57:05.458568,
dbd64925fb3e3d9b,https://fr.linkedin.com/jobs/view/pmo-cdd-h-f-at-urssaf-caisse-nationale-4444446959,PMO (CDD) H/F,Urssaf Caisse nationale,posted,2026-07-29T11:58:01.029375,1420
81a1a21aac6dc291,https://fr.linkedin.com/jobs/view/director-automation-control-software-quality-cybersecurity-carros-grenoble-bangalore-f-h-at-schneider-electric-4446067175,"Director, Automation Control Software Quality & Cybersecurity - Carros, Grenoble, Bangalore - F/H",Schneider Electric,posted,2026-07-29T11:58:13.355274,1422
38a6333afdf4585d,https://fr.linkedin.com/jobs/view/employ%C3%A9-de-rayon-produits-frais-boulangerie-p%C3%A2tisserie-f-h-at-carrefour-4443619111,Employé de rayon produits frais boulangerie - pâtisserie (F/H),Carrefour,posted,2026-07-29T11:58:26.988015,1424
96150e765135a0e1,https://fr.linkedin.com/jobs/view/chef-d%E2%80%99agence-cheffe-d%E2%80%99agence-at-avenir-r%C3%A9novations-4444293995,Chef d’agence/Cheffe d’agence,,scraped,2026-07-29T11:58:29.659166,
18e41629f48c00b7,https://mc.linkedin.com/jobs/view/business-developer-irve-france-at-evzen-4446546894,Business Developer IRVE France,,scraped,2026-07-29T11:58:37.912865,
ff74a7a2061e8eac,https://fr.linkedin.com/jobs/view/chef-d-equipe-atelier-h-f-h-f-at-feu-vert-france-4446046976,Chef d'Equipe Atelier H/F H/F,,scraped,2026-07-29T11:58:45.399281,
45043e0df64a405f,https://fr.linkedin.com/jobs/view/job-temps-partiel-m%C3%A9canicien-automobile-h-f-at-feu-vert-france-4445776898,Job Temps partiel - Mécanicien Automobile H/F,,scraped,2026-07-29T11:58:52.354541,
8344022b1e3ddaa7,https://fr.linkedin.com/jobs/view/responsable-marketing-digital-acquisition-h-f-at-uptoo-4444000982,Responsable Marketing Digital & Acquisition (H/F),,scraped,2026-07-29T11:58:59.309710,
18fabb149338cc1b,https://fr.linkedin.com/jobs/view/qa-engineer-automatisation-des-tests-%E2%80%93-robot-framework-int%C3%A9gration-continue-f-h-at-elsys-design-4443294100,QA Engineer Automatisation des Tests – Robot Framework & Intégration Continue (F/H),ELSYS Design,posted,2026-07-29T11:59:14.478645,1426
51cc63290c41256e,https://fr.linkedin.com/jobs/view/workplace-technical-manager-at-arm-4415977652,Workplace Technical Manager,,scraped,2026-07-29T11:59:17.134056,
592cc6e46acadbe6,https://fr.linkedin.com/jobs/view/employ%C3%A9e-employ%C3%A9-de-caisse-accueil-at-monoprix-4445139700,"Employée, employé de caisse accueil",,scraped,2026-07-29T11:59:23.716712,
489ac6fc5d6986ff,https://fr.linkedin.com/jobs/view/employ%C3%A9e-employ%C3%A9-de-caisse-accueil-at-monoprix-4445128774,"Employée, employé de caisse accueil",,scraped,2026-07-29T11:59:31.098953,
117efde236561c75,https://fr.linkedin.com/jobs/view/commercial-e-terrain-sales-manager-nice-at-flatpay-4442815385,Commercial.e Terrain / Sales Manager - Nice,,scraped,2026-07-29T11:59:38.587795,
7e4eb2912c1b65a9,https://fr.linkedin.com/jobs/view/directeur-d-agence-directrice-d-agence-at-camif-habitat-4441053238,Directeur d'agence/Directrice d'agence,,scraped,2026-07-29T11:59:45.498429,
8b6c2943e50c3dcb,https://fr.linkedin.com/jobs/view/technicien-4d-deratisation-desinctisatiob-at-seni-soci%C3%A9t%C3%A9-d-entretien-et-de-nettoyage-industriel-4444476527,Technicien 4D deratisation  desinctisatiob,,scraped,2026-07-29T11:59:52.356133,
13be30145deed525,https://fr.linkedin.com/jobs/view/vendeur-conseil-h-f-nice-cap-3000-at-grandvision-france-4443612348,Vendeur conseil (H/F) - Nice Cap 3000,,scraped,2026-07-29T11:59:59.646926,
36866b0debddc231,https://fr.linkedin.com/jobs/view/collaborateur-charge-des-ventes-h-f-at-foot-locker-4316240732,Collaborateur Charge Des Ventes H/F,Foot Locker,posted,2026-07-29T12:00:09.313777,227
5a956b4414a2449b,https://fr.linkedin.com/jobs/view/conseiller-immobilier-h-f-at-lamy-4446571170,Conseiller Immobilier H/F,Lamy,posted,2026-07-29T12:00:14.496706,725
9cecfdc2bfc5ba2e,https://fr.linkedin.com/jobs/view/assistant-e-commercial-alternance-at-iselection-sp%C3%A9cialiste-en-immobilier-4413334502,Assistant(e) commercial - ALTERNANCE,,scraped,2026-07-29T12:00:17.224666,
015be14c9177bdc9,https://fr.linkedin.com/jobs/view/charg%C3%A9-d-accueil-f-h-at-forum-r%C3%A9fugi%C3%A9s-4446984640,Chargé d'accueil - F/H,Forum réfugiés,posted,2026-07-31T11:38:34.743360,1428
8bb245a9006452f0,https://mc.linkedin.com/jobs/view/assistant-personnel-junior-en-multi-family-office-h-f-at-masalex-conseil-4447061122,Assistant personnel junior en multi family office h/f,,scraped,2026-07-31T11:38:49.382472,
6d9a8ab8be3ad679,https://fr.linkedin.com/jobs/view/t%C3%A9l%C3%A9travail-professeur-particulier-at-tus-media-4446062690,Télétravail - Professeur Particulier,,scraped,2026-07-31T11:38:55.760617,
375c87d1cc1b1ae5,https://fr.linkedin.com/jobs/view/attache-commercial-h-f-nice-at-colin-restauration-toque-d-azur-c%C3%B4te-ouest-selectal-4444544110,ATTACHE COMMERCIAL (H/F) - NICE,Colin Restauration (Toque d'Azur - Côte Ouest Selectal),posted,2026-07-31T11:39:10.675413,1430
d4895057d7615d92,https://mc.linkedin.com/jobs/view/comptable-f-h-at-nexus-hr-4433857816,Comptable F/H,Nexus HR,posted,2026-07-31T11:39:21.673522,1432
d7d42e899fa41421,https://mc.linkedin.com/jobs/view/data-analyst-at-hiremap-4446951215,Data Analyst,,scraped,2026-07-31T11:39:24.290145,
94da8a213120974a,https://mc.linkedin.com/jobs/view/chef-d-%C3%A9quipe-cordiste-h-f-at-groupe-na-%F0%9F%8C%90-4446909634,Chef d'équipe Cordiste H/F,,scraped,2026-07-31T11:39:31.126918,
f1e40b2f4bc5c9d3,https://mc.linkedin.com/jobs/view/r%C3%A9f%C3%A9renceur-web-seo-geo-at-inforca-4443244399,Référenceur Web SEO/GEO,,scraped,2026-07-31T11:39:38.476106,
f9c2f382b8583c8f,https://mc.linkedin.com/jobs/view/technicien-d-interventions-irve-at-smeg-monaco-4445739153,Technicien d'Interventions IRVE,,scraped,2026-07-31T11:39:49.856004,
f21c1778ac965968,https://mc.linkedin.com/jobs/view/head-of-credit-risk-at-beyond-potentials-4444105745,Head of Credit Risk,,scraped,2026-07-31T11:39:57.840091,
bb42683beb35140c,https://mc.linkedin.com/jobs/view/front-business-manager-intermediaries-100%25-f-m-d-at-julius-baer-4446869781,"Front Business Manager Intermediaries, 100% (f, m, d)",,scraped,2026-07-31T11:40:06.381760,
783f82e54e071023,https://mc.linkedin.com/jobs/view/technology-project-lead-at-sbm-offshore-4446975732,Technology Project Lead,,scraped,2026-07-31T11:40:15.261668,
537b45fc38c17048,https://mc.linkedin.com/jobs/view/ing%C3%A9nieur-en-hydrodynamique-h-f-at-parlym-4444149136,Ingénieur en hydrodynamique - H/F,,scraped,2026-07-31T11:40:24.492522,
5f2046caae90f075,https://mc.linkedin.com/jobs/view/head-of-credit-risk-private-bank-at-novahunt-4446831131,Head of Credit Risk Private Bank,NovaHunt,posted,2026-07-31T11:40:41.868602,1434
b534e24f0a295ae7,https://mc.linkedin.com/jobs/view/chef-de-projet-si-h-f-at-infotel-monaco-sam-4446593742,Chef de projet SI H/F,,scraped,2026-07-31T11:40:44.493062,
c17abc3b9fe7b7d6,https://mc.linkedin.com/jobs/view/event-sales-manager-at-lmdv-hospitality-group-4443282274,Event & Sales Manager,LMDV Hospitality Group,posted,2026-07-31T11:41:01.099893,1436
68f01cebcd93a1b2,https://mc.linkedin.com/jobs/view/offre-d-emploi-charge-e-de-support-ics-f-h-at-cmb-monaco-4445168758,OFFRE D'EMPLOI CHARGE(E) DE SUPPORT ICS F/H,,scraped,2026-07-31T11:41:05.842680,
ebc627487e063c5d,https://mc.linkedin.com/jobs/view/merchandiseur-h-f-fa-26-at-sarawak-france-4444145883,MERCHANDISEUR H/F - FA 26,,scraped,2026-07-31T11:41:13.045853,
714c72992850d964,https://mc.linkedin.com/jobs/view/collaborateur-comptable-senior-at-fimexco-sam-4447281806,Collaborateur comptable senior,,scraped,2026-07-31T11:41:25.020439,
7c4a3537804e1893,https://mc.linkedin.com/jobs/view/electricien-at-fairmont-hotels-resorts-4437560113,Electricien,Fairmont Hotels &amp; Resorts,posted,2026-07-31T11:41:48.943215,1438
ba19693e2d883eb3,https://mc.linkedin.com/jobs/view/charg%C3%A9-d-%C3%A9tudes-techniques-f-h-at-eiffage-%C3%A9nergie-syst%C3%A8mes-4441803470,Chargé d'études techniques F/H,,scraped,2026-07-31T11:41:51.601768,
0d0d9882a5c6b979,https://mc.linkedin.com/jobs/view/technicien-cordiste-h-f-at-groupe-na-%F0%9F%8C%90-4446079323,Technicien Cordiste H/F,,scraped,2026-07-31T11:41:58.171789,
18a13016471df19a,https://fr.linkedin.com/jobs/view/responsable-de-boutique-darjeeling-nice-cap-3000-cdi-35h-h-f-at-chantelle-4445709272,Responsable de Boutique - DARJEELING Nice Cap 3000 CDI- 35h H/F,,scraped,2026-07-31T11:42:05.492908,
424dca273c9302b2,https://fr.linkedin.com/jobs/view/employ%C3%A9-polyvalent-de-restauration-f-h-at-thiriet-4446327928,Employé polyvalent de restauration F/H,MAISON THIRIET,posted,2026-07-31T11:42:21.368339,1440
13a7aed1dbe468e3,https://fr.linkedin.com/jobs/view/employ%C3%A9-polyvalent-de-restauration-f-h-at-thiriet-4446339743,Employé polyvalent de restauration F/H,MAISON THIRIET,scraped,2026-07-31T11:42:25.565116,
03ef1248f6a77f8b,https://fr.linkedin.com/jobs/view/garde-d-enfants-%C3%A0-domicile-h-f-at-family-sphere-4441853204,Garde d'enfants à domicile (H/F),Family Sphere,posted,2026-07-31T11:42:38.251589,1442
ea3f6bf4452e5792,https://fr.linkedin.com/jobs/view/responsable-adjoint-de-magasin-35-heures-nice-at-new-balance-sverige-4443689340,Responsable Adjoint de Magasin (35 heures) - Nice,New Balance Sverige,posted,2026-07-31T11:42:49.536841,1443
ead04c6824ca7640,https://fr.linkedin.com/jobs/view/h%C3%B4te-sse-de-restaurant-gastronomique-at-h%C3%B4tel-le-negresco-4447075129,Hôte(sse) de Restaurant Gastronomique,Hôtel Le Negresco,posted,2026-07-31T11:43:02.021219,1445
294030e004bae8eb,https://fr.linkedin.com/jobs/view/visual-merchandiser-manager-cdi-35h-at-mango-4444365888,"VISUAL MERCHANDISER MANAGER, CDI 35H",,scraped,2026-07-31T11:43:04.655607,
6831163c5d13aed5,https://fr.linkedin.com/jobs/view/apprenti-menuisier-de-d%C3%A9cors-h-f-at-dushow-4446419119,Apprenti menuisier de décors H/F,,scraped,2026-07-31T11:43:11.155109,
12dfc4aef8953d71,https://fr.linkedin.com/jobs/view/auditeur-h-f-at-%C5%8Ddas-conseil-4446942291,Auditeur  (H/F),ŌDAS CONSEIL,posted,2026-07-31T11:43:20.266452,774
f5f1bbfbd2448a1e,https://fr.linkedin.com/jobs/view/cours-d-anglais-donner-des-cours-d-anglais-en-ligne-at-tus-media-4446068546,Cours d'Anglais - Donner des Cours d'Anglais en Ligne,,scraped,2026-07-31T11:43:25.030788,
eef24902d7a9401a,https://fr.linkedin.com/jobs/view/alternance-assistant-e-commercial-e-h-f-at-isim-4445125397,Alternance - Assistant(e) commercial(e) H/F,ISIM,posted,2026-07-31T11:43:40.635430,1447
0666fe46605528eb,https://fr.linkedin.com/jobs/view/pr%C3%A9parateur-livreur-de-commandes-cdi-temps-partiel-h-f-mougins-at-refectory-4445948222,Préparateur-livreur de commandes - CDI temps partiel H/F - Mougins,,scraped,2026-07-31T11:43:43.265079,
95db38d03c78b261,https://fr.linkedin.com/jobs/view/charg%C3%A9-e-de-casting-immobilier-at-ashley-parker-4442361321,Chargé(e) de Casting Immobilier,,scraped,2026-07-31T11:43:54.199679,
4aa147df782edaff,https://fr.linkedin.com/jobs/view/aide-m%C3%A9nager-%C3%A8-h-f-%E2%80%93-antibes-at-merciplus-4445181341,AIDE MÉNAGER(È) H/F – ANTIBES,,scraped,2026-07-31T11:44:02.339776,
2e1a38431977927d,https://fr.linkedin.com/jobs/view/gestionnaire-de-paie-et-conseil-social-h-f-at-%C5%8Ddas-conseil-4446133981,Gestionnaire de Paie et Conseil Social (H/F),ŌDAS CONSEIL,posted,2026-07-31T11:44:14.850896,251
7a3ac254ba7c6579,https://fr.linkedin.com/jobs/view/gestionnaire-de-paie-et-conseil-social-h-f-at-%C5%8Ddas-conseil-4446924621,Gestionnaire de Paie et Conseil Social (H/F),ŌDAS CONSEIL,scraped,2026-07-31T11:44:19.149644,
9218c29a578236f8,https://fr.linkedin.com/jobs/view/educateur-trice-de-jeunes-enfants-at-babilou-4445230680,Educateur/trice de jeunes enfants,,scraped,2026-07-31T11:44:21.705981,
70236aea1b92a921,https://fr.linkedin.com/jobs/view/g%C3%A9rant-e-d-agence-en-cog%C3%A9rance-h-f-at-or-en-cash-4446802160,Gérant(e) d'agence en cogérance H/F,,scraped,2026-07-31T11:44:28.619299,
d1afe272a8c6d029,https://fr.linkedin.com/jobs/view/responsable-d-%C3%A9quipe-assainissement-h%E2%88%95f-at-veolia-4446831155,Responsable d'équipe assainissement (H∕F),,scraped,2026-07-31T11:44:36.099215,
748093df45c309da,https://fr.linkedin.com/jobs/view/conseiller-immobilier-at-palais-immobilier-prestige-4446052872,Conseiller immobilier,,scraped,2026-07-31T11:44:46.986045,
abdcedb83a72df21,https://fr.linkedin.com/jobs/view/responsable-de-secteur-chr-at-maison-pommery-associ%C3%A9s-4444598520,Responsable de Secteur CHR,,scraped,2026-07-31T11:44:53.686699,
d1d9a91f8d2e59f6,https://fr.linkedin.com/jobs/view/stagiaire-sales-marketing-h-f-at-the-maybourne-riviera-4446840057,Stagiaire Sales & Marketing - H/F,,scraped,2026-07-31T11:45:01.867426,
fa11207aa5729c50,https://fr.linkedin.com/jobs/view/charg%C3%A9-d-affaires-btob-f-h-at-neresys-4444108285,Chargé d'affaires BtoB - F/H,,scraped,2026-07-31T11:45:12.565281,
c4d5e0cb46384fa1,https://fr.linkedin.com/jobs/view/directeur-trice-d-agence-f-h-x-at-afixen-engineering-company-4443686482,Directeur/trice d'Agence [F/H/X],,scraped,2026-07-31T11:45:21.480703,
a942355187f96164,https://fr.linkedin.com/jobs/view/ing%C3%A9nieur-e-automatisme-nice-at-vulcain-belgium-4444879818,Ingénieur(e) Automatisme - Nice,,scraped,2026-07-31T11:45:28.439914,
b6adfd3cbb660045,https://fr.linkedin.com/jobs/view/agent-d-entretien-h-f-at-clinitex-groupe-4446547833,Agent d'entretien H/F,,scraped,2026-07-31T11:45:34.565817,
459c0b986ec0fe4d,https://fr.linkedin.com/jobs/view/charg%C3%A9-ressources-humaines-cdd-f-h-at-veolia-recyclage-et-valorisation-des-d%C3%A9chets-4445923711,Chargé Ressources Humaines CDD F/H,Veolia Recyclage et Valorisation des Déchets,posted,2026-07-31T11:45:52.033013,1449
6cf2092fa2c425f5,https://mc.linkedin.com/jobs/view/stagiaire-support-informatique-at-monaco-telecom-4443609101,Stagiaire Support informatique,,scraped,2026-07-31T11:45:58.586207,
b5b50fa9fc93c05d,https://fr.linkedin.com/jobs/view/job-en-ligne-professeur-de-fle-fran%C3%A7ais-langue-%C3%A9trang%C3%A8re-at-tus-media-4446042566,Job en ligne - Professeur de FLE (Français Langue Étrangère),,scraped,2026-07-31T11:46:07.577228,
d4ecf38d72e59cf3,https://fr.linkedin.com/jobs/view/cdi-conseiller-de-vente-nice-cap-3000-h-f-at-y-axis-global-4444104776,CDI - Conseiller De Vente - Nice Cap 3000 - H/F,Y-axis Global,posted,2026-07-31T11:46:22.188630,1451
4381ae1b4f66eb8e,https://fr.linkedin.com/jobs/view/vendeur-magasin-%C3%A9tudiant-7-heures-nice-at-new-balance-4446563981,Vendeur Magasin - Étudiant (7 heures) - Nice,New Balance,posted,2026-07-31T11:46:35.203017,1453
6227ee870e5d4319,https://fr.linkedin.com/jobs/view/commis-de-cuisine-restaurant-la-piscine-cdd-saisonnier-h-f-at-the-maybourne-riviera-4446934765,Commis de Cuisine - Restaurant La Piscine - CDD Saisonnier - H/F,,scraped,2026-07-31T11:46:37.831297,
8d4b8de194e9827e,https://mc.linkedin.com/jobs/view/testeur-qa-junior-at-o2max-4447295530,Testeur QA junior,,scraped,2026-07-31T11:46:46.372373,
bdee7ba83fa7af71,https://fr.linkedin.com/jobs/view/chef-fe-cuisinier-%C3%A8re-pour-donner-des-cours-de-cuisine-at-tus-media-4444597064,Chef(fe) cuisinier(ère) pour donner des cours de cuisine,,scraped,2026-07-31T11:46:53.544246,
618e1c1436855d8c,https://fr.linkedin.com/jobs/view/chef-de-mission-comptable-h-f-at-%C5%8Ddas-conseil-4446946192,Chef de Mission Comptable (H/F),ŌDAS CONSEIL,posted,2026-07-31T11:47:10.571466,1455
e6abe2c9a4d4e6cb,https://fr.linkedin.com/jobs/view/p%C3%A9diatre-h-f-en-compl%C3%A9ment-d-activit%C3%A9-at-talent-sourcing-4446948063,Pédiatre H/F en complément d'activité,Talent Sourcing,posted,2026-07-31T11:47:19.417516,1457
7c68a64a617f35ec,https://fr.linkedin.com/jobs/view/charg%C3%A9-e-d-assurance-de-st%C3%A9rilit%C3%A9-nice-at-vulcain-belgium-4444884849,Chargé(e) d'assurance de stérilité - Nice,,scraped,2026-07-31T11:47:22.109966,
d9502848197b9265,https://fr.linkedin.com/jobs/view/demi-chef-de-rang-restaurant-gastronomique-h-f-at-h%C3%B4tel-le-negresco-4447067188,Demi-Chef de Rang restaurant gastronomique (H/F),Hôtel Le Negresco,posted,2026-07-31T11:47:39.501307,1459
ac09d9fce7c52c76,https://fr.linkedin.com/jobs/view/technicien-ne-d-exploitation-f-h-at-dalkia-4443629298,Technicien(ne) d'exploitation F/H,,scraped,2026-07-31T11:47:44.165082,
6516abf0aaf4336e,https://fr.linkedin.com/jobs/view/chef-de-rang-h-f-table-de-pierre-cdd-at-le-domaine-du-mas-de-pierre-4446320768,Chef de rang H/F - Table de Pierre  - CDD,,scraped,2026-07-31T11:47:50.878280,
a622774824211eab,https://fr.linkedin.com/jobs/view/visual-merchandising-coordinateur-35-heures-nice-at-new-balance-4446586087,Visual Merchandising Coordinateur (35 heures) - Nice,New Balance,posted,2026-07-31T11:48:04.978170,1461
0310c69efded3d2b,https://mc.linkedin.com/jobs/view/sales-associate-at-mvip-consulting-4444680567,Sales Associate,,scraped,2026-07-31T11:48:07.549361,
840521d17ed54450,https://fr.linkedin.com/jobs/view/technicien-maintenance-at-vinci-facilities-industrie-c%C3%B4te-d-azur-4444562465,Technicien maintenance,,scraped,2026-07-31T11:48:14.107935,
4d88618af82bf744,https://fr.linkedin.com/jobs/view/responsable-de-projet-commercial-at-azur-cover-4446326357,Responsable de projet commercial,,scraped,2026-07-31T11:48:21.071518,
3f7abc832a3ad599,https://fr.linkedin.com/jobs/view/educateur-sp%C3%A9cialis%C3%A9-h-f-%E2%80%93-mecs-apreh-%E2%80%93-services-externes-de-grasse-at-apreh-4444146860,Educateur spécialisé (H/F) – MECS APREH – Services externes de Grasse,,scraped,2026-07-31T11:48:27.440892,
d95012c0c9653b20,https://fr.linkedin.com/jobs/view/aide-%C3%A0-domicile-h-f-coaraze-at-admr-des-alpes-maritimes-4444896473,Aide à domicile H/F - Coaraze,,scraped,2026-07-31T11:48:36.849277,
5a7463571cd5373a,https://fr.linkedin.com/jobs/view/d%C3%A9pollueur-d%C3%A9monteur-automobile-h-f-at-groupe-ippolito-4446767769,Dépollueur / Démonteur Automobile H/F,,scraped,2026-07-31T11:48:45.360315,
75d10aee21794bc6,https://fr.linkedin.com/jobs/view/vendeur-h-f-en-magasin-at-leroy-merlin-4445050760,Vendeur (H/F) en magasin,,scraped,2026-07-31T11:48:56.868077,
ce656366a11d48f6,https://fr.linkedin.com/jobs/view/vendeur-30h-cdd-h-f-at-morgan-de-toi-4446385795,Vendeur 30h - CDD  (H/F),Morgan de toi,posted,2026-07-31T11:49:16.975987,1463
af78f815f7292be2,https://mc.linkedin.com/jobs/view/artificial-intelligence-co-founder-cmo-100-%25-remote-m-f-d-at-ewor-4444388887,Artificial Intelligence Co-Founder / CMO (100 % remote) (m/f/d),,scraped,2026-07-31T11:49:19.568456,
c9b5a6237076bdb4,https://fr.linkedin.com/jobs/view/chef-de-mission-expertise-comptable-h-f-at-%C5%8Ddas-conseil-4447262102,Chef de Mission Expertise Comptable (H/F),ŌDAS CONSEIL,posted,2026-07-31T11:49:28.395907,723
2714fe377dafee47,https://fr.linkedin.com/jobs/view/chef-de-projet-technique-h-f-at-amiltone-4447503499,Chef de projet technique (H/F),,scraped,2026-07-31T11:49:31.031927,
89f3dce1e45f717c,https://fr.linkedin.com/jobs/view/commercial-e-chasseur-prospection-terrain-h-f-paca-at-smart-rx-4442701294,Commercial(e) Chasseur - Prospection Terrain (H/F) - PACA,,scraped,2026-07-31T11:49:39.361271,
96f18ea51aa97574,https://fr.linkedin.com/jobs/view/stagiaire-alternant-business-developer-%E2%80%93-circuit-sport-h-f-at-ea-pharma-4447059833,Stagiaire /Alternant Business Developer – Circuit Sport H/F,,scraped,2026-07-31T11:49:49.400483,
ee649b3e7c61e9f5,https://fr.linkedin.com/jobs/view/aide-m%C3%A9nag%C3%A8re-cdi-%C3%A0-temps-plein-ou-%C3%A0-temps-partiel-at-azur-serenite-4442351861,Aide ménagère - CDI à temps plein ou à temps partiel,AZUR SERENITE,posted,2026-07-31T11:50:09.303936,1465
62fd55419a52a9f4,https://mc.linkedin.com/jobs/view/consultant-amoa-infrastructure-it-mco-h-f-at-digway-4445436433,Consultant AMOA Infrastructure IT / MCO (H/F),,scraped,2026-07-31T11:50:11.872234,
0114058d86d7f7aa,https://fr.linkedin.com/jobs/view/directeur-d-agence-arrosage-fontainerie-h-f-at-terideal-4444460553,Directeur d'Agence Arrosage / Fontainerie H/F,,scraped,2026-07-31T11:50:20.272064,
811a9a88d2488604,https://fr.linkedin.com/jobs/view/conseiller-de-vente-nice-cap-3000-h-f-at-diptyque-paris-4447292293,Conseiller de vente - Nice Cap 3000 H/F,,scraped,2026-07-31T11:50:28.484672,
0f307824f0c60ef9,https://fr.linkedin.com/jobs/view/technicien-de-laboratoire-biologie-m%C3%A9dicale-at-eurofins-4446043835,Technicien de Laboratoire - Biologie Médicale,,scraped,2026-07-31T11:50:35.120924,
9534ab7ab862a325,https://fr.linkedin.com/jobs/view/conseiller-immobilier-h-f-at-century-21-france-4446316692,Conseiller immobilier H/F,,scraped,2026-07-31T11:50:42.267821,
8042d46b69b8a0f4,https://fr.linkedin.com/jobs/view/conseiller-immobilier-h-f-at-century-21-france-4446316686,Conseiller immobilier H/F,,scraped,2026-07-31T11:50:48.989316,
2116ec2cf307f6ab,https://fr.linkedin.com/jobs/view/aide-m%C3%A9nager-aide-m%C3%A9nag%C3%A8re-h-f-at-centre-services-4445130996,Aide ménager / aide ménagère (H/F),,scraped,2026-07-31T11:50:55.744309,
9d0241a695a96934,https://fr.linkedin.com/jobs/view/emballeur-at-prestazur-4447015020,Emballeur,,scraped,2026-07-31T11:51:05.071898,
131e873847caadec,https://fr.linkedin.com/jobs/view/acheteur-cat%C3%A9gories-acheteuse-cat%C3%A9gories-at-randstad-france-4446321731,Acheteur catégories/Acheteuse catégories,,scraped,2026-07-31T11:51:12.088442,
fb1e5e79903e01e4,https://fr.linkedin.com/jobs/view/conseiller-de-vente-f-h-cdd-galeries-lafayette-nice-cap-3000-at-maje-4444970266,Conseiller de Vente F/H - CDD - Galeries Lafayette Nice Cap 3000,,scraped,2026-07-31T11:51:18.512690,
2220e891822bb014,https://fr.linkedin.com/jobs/view/gestionnaire-de-paie-confirm%C3%A9-et-conseil-social-h-f-at-%C5%8Ddas-conseil-4447251952,Gestionnaire de paie confirmé et conseil social (H/F),ŌDAS CONSEIL,posted,2026-07-31T11:51:33.700011,1467
17df06ea81f0aea4,https://fr.linkedin.com/jobs/view/freelance-data-scraping-engineer-python-at-mindrift-4444598014,Freelance Data Scraping Engineer (Python),Mindrift,posted,2026-07-31T11:51:43.118467,1469
cb46c213ab363f0d,https://fr.linkedin.com/jobs/view/apprenti-electricien-%238211-assistant-d-rsquo-atelier-de-maintenance-h-f-en-apprentissage-at-cfa-du-b%C3%A2timent-aix-en-provence-4445228058,APPRENTI Electricien &#8211; Assistant d&rsquo;atelier de maintenance (H/F) en Apprentissage,,scraped,2026-07-31T11:51:45.833212,
eb82a0cfd5bb0ffe,https://fr.linkedin.com/jobs/view/ing%C3%A9nieur-backend-h-f-at-septeo-4444335519,Ingénieur Backend H/F,,scraped,2026-07-31T11:51:53.007356,
2f062c4f031ef449,https://fr.linkedin.com/jobs/view/p%C3%A2tissier-h-f-at-wink-4446954326,Pâtissier (H/F),,scraped,2026-07-31T11:51:59.731406,
7a5a691594781767,https://fr.linkedin.com/jobs/view/chef-de-projet-pilote-r%C3%A9versibilit%C3%A9-h-f-at-nexton-4443692961,Chef de projet / Pilote Réversibilité H/F,,scraped,2026-07-31T11:52:06.393083,
b28fd4d39cc1f5f2,https://fr.linkedin.com/jobs/view/technicien-de-laboratoire-biologie-m%C3%A9dicale-at-eurofins-4445711061,Technicien de Laboratoire - Biologie Médicale,,scraped,2026-07-31T11:52:13.547062,
dd0ccd2672784123,https://fr.linkedin.com/jobs/view/livreur-h-f-at-wink-4446464219,Livreur (H/F),,scraped,2026-07-31T11:52:20.645859,
ea3c49544b1a0f68,https://fr.linkedin.com/jobs/view/assistant-talent-manager-%E2%80%93-alternance-at-futures-4444126593,Assistant Talent Manager – Alternance,,scraped,2026-07-31T11:52:27.117588,
7529ef39c594dc74,https://fr.linkedin.com/jobs/view/d%C3%A9veloppeur-nodejs-angular-h-f-at-softeam-4446311151,Développeur NodeJS Angular H/F,,scraped,2026-07-31T11:52:34.293903,
a6619633dc102548,https://fr.linkedin.com/jobs/view/agent-de-s%C3%A9curit%C3%A9-priv%C3%A9e-h-f-cannes-at-groupe-protector-4445000174,Agent de sécurité privée (H/F) - CANNES,GROUPE PROTECTOR,posted,2026-07-31T11:52:47.704057,1471
6b732fb0047ca887,https://fr.linkedin.com/jobs/view/care-expert-france-%F0%9F%87%AB%F0%9F%87%B7-at-alan-4445917710,Care Expert - France 🇫🇷,,scraped,2026-07-31T11:52:50.334694,
d689f5887b139e6a,https://fr.linkedin.com/jobs/view/senior-product-design-manager-amp-collection-lead-h-f-at-french-tex-by-uit-4445331080,Senior Product Design Manager &amp; Collection Lead (H/F),,scraped,2026-07-31T11:52:56.875766,
5f16da7abbff0eca,https://fr.linkedin.com/jobs/view/collaborateur-comptable-confirm%C3%A9-h-f-at-%C5%8Ddas-conseil-4446932421,Collaborateur comptable confirmé (H/F),ŌDAS CONSEIL,posted,2026-07-31T11:53:10.935551,1473
091bda68d374be79,https://fr.linkedin.com/jobs/view/collaborateur-comptable-confirm%C3%A9-e-h-f-at-%C5%8Ddas-conseil-4446937401,Collaborateur comptable confirmé(e) (H/F),ŌDAS CONSEIL,posted,2026-07-31T11:53:19.456472,1475
953dac03940910d7,https://fr.linkedin.com/jobs/view/m%C3%A9canicien-h-f-at-midas-france-4446589492,Mécanicien h/f,MIDAS FRANCE,posted,2026-07-31T11:53:33.717019,1477
cb4a07269fd42900,https://fr.linkedin.com/jobs/view/chef-de-partie-f-h-at-grape-hospitality-4441809950,Chef de partie F/H,,scraped,2026-07-31T11:53:46.356950,
4c332a070ba5f6c3,https://fr.linkedin.com/jobs/view/cdd-vendeur-cycle-06-h-f-at-alltricks-4446450439,CDD - Vendeur cycle (06) - (H/F),,scraped,2026-07-31T11:54:00.776108,
d66d1cf62931a6bb,https://fr.linkedin.com/jobs/view/stage-alternance-chef-de-produit-marketing-h-f-at-olyos-group-4444362460,Stage / Alternance Chef de Produit Marketing H/F,,scraped,2026-07-31T11:54:07.657576,
b6773c016dd3038a,https://fr.linkedin.com/jobs/view/vendeur-euse-en-cdd-25h-at-lovisa-pty-ltd-4446834369,Vendeur(euse) en CDD 25H,,scraped,2026-07-31T11:54:14.964112,
4848150ea7d925c0,https://fr.linkedin.com/jobs/view/assistant-de-vie-aux-familles-en-alternance-h-f-at-walter-learning-4447234928,Assistant de vie aux familles en Alternance H/F,,scraped,2026-07-31T11:54:21.620583,
686f8ebc086e51d8,https://fr.linkedin.com/jobs/view/conseiller-immobilier-h-f-at-lamy-4446897867,Conseiller Immobilier H/F,Lamy,posted,2026-07-31T11:54:32.610703,725
7259763dc31cd25b,https://fr.linkedin.com/jobs/view/technicien-electricit%C3%A9-f-h-x-at-bureau-veritas-4445225902,Technicien Electricité (F-H-X),,scraped,2026-07-31T11:54:35.359255,
0193a90113926672,https://fr.linkedin.com/jobs/view/hydraulicien-h-f%0A-h-f-at-pns-interim-4445384763,"Hydraulicien H/F
(H/F)",PNS INTERIM,posted,2026-07-31T11:54:51.115851,1479
937a75c68a7414e6,https://fr.linkedin.com/jobs/view/acheteur-industriel-h-f-manpower-at-aerocontact-4446570889,Acheteur industriel H/F - MANPOWER,,scraped,2026-07-31T11:54:53.770578,
d8efcba10f5d7caf,https://fr.linkedin.com/jobs/view/cuisinier-snackeur-h-f-at-wink-4446471340,"Cuisinier, snackeur H/F",,scraped,2026-07-31T11:55:02.337736,
198849b67fb0be11,https://fr.linkedin.com/jobs/view/entrepreneur-en-gestion-de-patrimoine-f-h-06-at-axa-en-france-4445958291,Entrepreneur en Gestion de Patrimoine (F/H) - 06,AXA en France,posted,2026-07-31T11:55:20.631493,1481
c70e1ff0b41759f2,https://fr.linkedin.com/jobs/view/comptable-copropri%C3%A9t%C3%A9-f-h-at-foncia-4443697942,Comptable Copropriété F/H,FONCIA,posted,2026-07-31T11:55:33.710755,1483
fb6ab984fdf038a9,https://fr.linkedin.com/jobs/view/chef-de-projet-sirh-at-softeam-4447502568,Chef de projet SIRH,,scraped,2026-07-31T11:55:36.489178,
b7becf4260572f47,https://fr.linkedin.com/jobs/view/d%C3%A9veloppeur-keycloak-at-synanto-4444996469,Développeur Keycloak,,scraped,2026-07-31T11:55:43.180024,
a9c847c7486578c4,https://fr.linkedin.com/jobs/view/visual-merchandiser-manager-h-f-nice-etoile-at-c-a-4437797721,Visual Merchandiser Manager ( H/F) - Nice Etoile,,scraped,2026-07-31T11:55:50.557445,
99a47fb16c4b0721,https://fr.linkedin.com/jobs/view/aide-soignant-e-pool-cdi-%E2%80%94-h-f-at-h%C3%B4pital-priv%C3%A9-les-sources-nice-4446927356,Aide-soignant(e) POOL CDI — H/F,,scraped,2026-07-31T11:55:57.328835,
59cee941f6cd8b60,https://fr.linkedin.com/jobs/view/commis-de-cuisine-h-f-at-sodexo-4444340842,Commis de cuisine H/F,,scraped,2026-07-31T11:56:05.230023,
2b2a40cbaed6f921,https://fr.linkedin.com/jobs/view/steward-h-f-seasonal-contract-riviera-marriott-hotel-la-porte-de-monaco-at-marriott-international-4445187789,Steward - H/F - Seasonal Contract - Riviera Marriott Hotel la Porte de Monaco,Marriott International,posted,2026-07-31T11:56:18.131994,1485
b2919cd34112bccf,https://fr.linkedin.com/jobs/view/auxiliaire-de-vie-dipl%C3%B4m%C3%A9-h-f-nice-at-admr-des-alpes-maritimes-4444896471,Auxiliaire de vie Diplômé H/F - Nice,,scraped,2026-07-31T11:56:22.729782,
8d5b5a6984110a9d,https://fr.linkedin.com/jobs/view/gestionnaire-de-paie-et-adp-h-f-at-pay-job-4381716801,Gestionnaire de Paie et ADP (H/F),,scraped,2026-07-31T11:56:31.237274,
76e5a55912dda29b,https://fr.linkedin.com/jobs/view/chef-de-projet-manager-data-h-f-at-pro-btp-groupe-4444885637,Chef de Projet Manager DATA H/F,,scraped,2026-07-31T11:56:39.821455,
4d85c6722e976ff6,https://fr.linkedin.com/jobs/view/ing%C3%A9nieur-e-assurance-qualit%C3%A9-nice-at-vulcain-engineering-group-4437021887,Ingénieur(e) Assurance Qualité - Nice,Vulcain Engineering Group,posted,2026-07-31T11:56:55.153709,1487
186a5c4f5c0f9c41,https://fr.linkedin.com/jobs/view/stage-renfort-no%C3%ABl-%E2%80%93-conseiller-e-de-vente-parfum-beaut%C3%A9-h-f-cannes-at-chanel-4389550185,Stage Renfort Noël – Conseiller.e de Vente Parfum Beauté H/F - Cannes,CHANEL,posted,2026-07-31T11:57:07.399657,1489
8e09a4cbeb2154a7,https://fr.linkedin.com/jobs/view/chef-fe-de-rang-restaurant-gastronomique-h-f-at-h%C3%B4tel-le-negresco-4447066204,Chef(fe) de Rang restaurant gastronomique (H/F),Hôtel Le Negresco,posted,2026-07-31T11:57:19.344564,1491
bd4ab11b00933029,https://fr.linkedin.com/jobs/view/hardware-performance-analysis-engineer-at-arm-4447233297,Hardware Performance Analysis Engineer,,scraped,2026-07-31T11:57:22.078710,
e58299aea2413cb1,https://fr.linkedin.com/jobs/view/stagiaire-en-d%C3%A9veloppement-commercial-et-marketing-stage-non-r%C3%A9mun%C3%A9r%C3%A9-at-speed-learning-by-bonjour-provence-4446564886,Stagiaire en développement commercial et marketing (stage non rémunéré),,scraped,2026-07-31T11:57:29.156167,
f4af4415f92c6402,https://fr.linkedin.com/jobs/view/job-temps-partiel-m%C3%A9canicien-automobile-h-f-at-feu-vert-france-4446743916,Job Temps partiel - Mécanicien Automobile H/F,,scraped,2026-07-31T11:57:40.728551,
45a3f0f00fcbaa00,https://fr.linkedin.com/jobs/view/employe-e-polyvalent-e-en-restauration-a-emporter-h-f-at-sodexo-4446980686,EMPLOYE(E) POLYVALENT(E) EN RESTAURATION A EMPORTER H/F,,scraped,2026-07-31T11:57:49.587204,
9adf0745071b343f,https://fr.linkedin.com/jobs/view/infirmier-e-en-pratique-avanc%C3%A9e-%C3%A0-temps-complet-%E2%80%94-cdi-h-f-at-univi-4445032133,Infirmier(e) en pratique avancée à temps complet — CDI (H/F),,scraped,2026-07-31T11:57:56.120508,
0370081d788a45a1,https://fr.linkedin.com/jobs/view/technicien-de-maintenance-cfo-f-h-at-vinci-energies-4445272390,Technicien de maintenance CFO F/H,,scraped,2026-07-31T11:58:03.628012,
23a4003bb46fb397,https://fr.linkedin.com/jobs/view/technicien-ne-d-application-at-prodalim-4445910356,Technicien(ne) d'application,Prodalim,posted,2026-07-31T11:58:35.868444,1493
0ea83196976e25ec,https://fr.linkedin.com/jobs/view/chirurgien-dentiste-h-f-at-wink-4443215313,Chirurgien-dentiste H/F,,scraped,2026-07-31T11:58:40.528851,
12686d61ca94a3e6,https://fr.linkedin.com/jobs/view/auxiliaire-de-vie-h-f-sur-le-cannet-at-groupe-proseniors-4445955756,Auxiliaire de Vie H/F sur Le Cannet,,scraped,2026-07-31T11:58:47.013595,
8e473a46f825ee27,https://fr.linkedin.com/jobs/view/employ%C3%A9-polyvalent-de-nuit-h-f-at-campanile-4444997045,Employé  polyvalent de nuit - H/F,Campanile,posted,2026-07-31T11:59:06.545890,1495
c11f9ed936903711,https://fr.linkedin.com/jobs/view/sommelier-at-zuma-restaurants-4437377697,Sommelier,,scraped,2026-07-31T11:59:09.142897,
70e0f3ce1cca5c3f,https://fr.linkedin.com/jobs/view/gestion-de-projet-innovant-communication-%C3%A9v%C3%A9nementiel-%E2%80%93-fanlab-f-h-at-marine-nationale-4374599445,Gestion de projet innovant & Communication / Événementiel – FANLab F/H,,scraped,2026-07-31T11:59:17.289904,
297f41768cef97c2,https://it.linkedin.com/jobs/view/rappresentante-commerciale-sul-territorio-imperia-at-cosine-italy-4432354314,RAPPRESENTANTE COMMERCIALE SUL TERRITORIO | IMPERIA,,scraped,2026-07-31T11:59:24.273908,
c8ede8e9ba95d200,https://fr.linkedin.com/jobs/view/association-manager-at-european-society-of-cardiology-4441480673,Association manager,,scraped,2026-07-31T11:59:30.752693,
b145b9c6e178034d,https://fr.linkedin.com/jobs/view/animateur-hse-at-ortec-group-4419822859,Animateur HSE,,scraped,2026-07-31T11:59:38.164775,
905d00901270458c,https://fr.linkedin.com/jobs/view/barman-h-f-at-belambra-4445647472,Barman H/F,,scraped,2026-07-31T11:59:45.148990,
fda387f1491745fa,https://fr.linkedin.com/jobs/view/infirmier-e-en-pratique-avanc%C3%A9e-%C3%A0-temps-complet-%E2%80%94-cdi-h-f-at-h%C3%B4pital-priv%C3%A9-les-sources-nice-4446940167,Infirmier(e) en pratique avancée à temps complet — CDI (H/F),,scraped,2026-07-31T11:59:52.669519,
b418846d05145208,https://fr.linkedin.com/jobs/view/commis-de-cuisine-h-f-at-cheval-blanc-4437099103,Commis de Cuisine (H/F),Cheval Blanc,posted,2026-07-31T12:00:05.744519,641
501d20ed35c31f9e,https://fr.linkedin.com/jobs/view/technicien-support-de-proximit%C3%A9-h-f-at-tenexa-4445514203,Technicien support de proximité H/F,,scraped,2026-07-31T12:00:08.544764,
91727a8c5bef4661,https://fr.linkedin.com/jobs/view/responsable-de-magasin-calzedonia-h-f-cdi-35h-cagnes-sur-mer-at-oniverse-4445091738,Responsable de Magasin Calzedonia H/F - CDI 35h - Cagnes-sur-Mer,,scraped,2026-07-31T12:00:16.158917,
0e015f7cd6777e3f,https://fr.linkedin.com/jobs/view/employ%C3%A9e-employ%C3%A9-de-caisse-accueil-at-monoprix-4445742076,"Employée, employé de caisse accueil",,scraped,2026-07-31T12:00:23.163725,
d140e0062f231a2f,https://fr.linkedin.com/jobs/view/adjoint-technique-h-f-at-cityz-media-4446571555,Adjoint Technique H/F,,scraped,2026-07-31T12:00:30.538435,
71d0f922002bad30,https://fr.linkedin.com/jobs/view/r%C3%A9ceptionniste-h%C3%B4tellerie-at-h%C3%B4tel-apollinaire-nice-worldhotels-distinctive-4444566532,Réceptionniste hôtellerie,,scraped,2026-07-31T12:00:37.278965,
b6fa520fd554ab12,https://fr.linkedin.com/jobs/view/ing%C3%A9nieur-syst%C3%A8mes-unix-linux-f-h-at-cleeven-4439022001,Ingénieur systèmes Unix/Linux (F/H),,scraped,2026-07-31T12:00:44.174402,
d0490e0c7bff7731,https://fr.linkedin.com/jobs/view/ing%C3%A9nieur-e-en-d%C3%A9veloppement-gal%C3%A9nique-confirm%C3%A9-nice-at-vulcain-engineering-group-4437038211,Ingénieur(e) en développement galénique confirmé - Nice,Vulcain Engineering Group,posted,2026-07-31T12:01:00.319029,1497
7a0744c902d05796,https://fr.linkedin.com/jobs/view/expert-atlassian-h-f-at-matawan-services-4447501496,Expert Atlassian H/F,,scraped,2026-07-31T12:01:03.054970,
3c0e73174f1b615b,https://fr.linkedin.com/jobs/view/charg%C3%A9-d-%C3%A9tudes-ftth-h-f-at-davidson-consulting-4249298171,Chargé d'études FTTH (H/F),,scraped,2026-07-31T12:01:11.068323,
3dd5a1f9935d1c06,https://fr.linkedin.com/jobs/view/vendeur-polyvalent-13-25-f-h-cdi-temps-partiel-at-naturalia-4446760746,Vendeur polyvalent 13.25 (F/H) - CDI Temps partiel,,scraped,2026-07-31T12:01:18.060838,
f13f0901c8d7a8de,https://fr.linkedin.com/jobs/view/tech-lead-php-h-f-at-proelan-sophia-antipolis-4444529737,Tech Lead PHP H/F,,scraped,2026-07-31T12:01:25.274492,
8b4ecff381c88933,https://fr.linkedin.com/jobs/view/chirurgien-dentiste-h-f-saint-laurent-du-var-06-at-wink-4446968592,Chirurgien-dentiste (H/F) - Saint-Laurent-du-Var (06),,scraped,2026-07-31T12:01:33.328033,
4ceda494c540176b,https://fr.linkedin.com/jobs/view/conseiller-e-de-vente-tezenis-cdd-35h-cannes-at-oniverse-4443685811,Conseiller(e) de Vente Tezenis - CDD 35h - Cannes,,scraped,2026-07-31T12:01:39.889465,
f809c66649a9fa24,https://mc.linkedin.com/jobs/view/administrateur-trice-bfc-dvt-rpa-uipath-at-novares-group-4445090699,Administrateur/trice BFC & Dvt  RPA (UiPath),,scraped,2026-08-01T10:10:53.163653,
cc1c8c2e7a1ed9e6,https://mc.linkedin.com/jobs/view/agent-au-sol-chauffeur-at-heli-air-monaco-4447779623,Agent au sol -  Chauffeur,Heli Air Monaco,posted,2026-08-01T10:11:46.640960,1499
eee4eb6e24cc2eab,https://mc.linkedin.com/jobs/view/sales-operations-at-y-co-4447134055,Sales Operations,,scraped,2026-08-01T10:11:49.209481,
ff2b1ee19128f027,https://mc.linkedin.com/jobs/view/charlotte-sin%C3%A9-at-e-idols-agency-4445802165,Charlotte Siné,,scraped,2026-08-01T10:12:01.459943,
8a4651b4ca587f3c,https://mc.linkedin.com/jobs/view/administrateur-projets-comptabilit%C3%A9-at-dietsmann-4444528705,Administrateur Projets Comptabilité,,scraped,2026-08-01T10:12:09.230829,
9a4f46d9ff1e351c,https://mc.linkedin.com/jobs/view/marketing-assistant-intern-at-northrop-johnson-4443228200,Marketing Assistant Intern,Northrop &amp; Johnson,posted,2026-08-01T10:12:28.380015,1501
b2978ce3c281ecd5,https://fr.linkedin.com/jobs/view/employ%C3%A9-e-commercial-e-secteur-caisse-h-f-at-leclerc-le-poire-sur-vie-4446878315,EMPLOYÉ(E) COMMERCIAL(E) SECTEUR CAISSE - H/F,,scraped,2026-08-01T10:12:35.032315,
2877a0b0e56b285f,https://fr.linkedin.com/jobs/view/h%C3%B4te-sse-de-restaurant-%E2%80%93-h%C3%B4tel-5-%C3%A9toiles-%E2%80%93-menton-at-giraudi-group-4443275487,Hôte(sse) de Restaurant – Hôtel 5 Étoiles – Menton,,scraped,2026-08-01T10:12:41.662387,
7a3afc4e4996ca73,https://fr.linkedin.com/jobs/view/ing%C3%A9nieur-e-p%C3%A9dagogique-hybridation-at-universit%C3%A9-c%C3%B4te-d-azur-4445523339,Ingénieur/e pédagogique - Hybridation,Université Côte d’Azur,posted,2026-08-01T10:12:58.103123,1503
79b95fa8f85f90a6,https://fr.linkedin.com/jobs/view/directeur-supply-chain-h-f-at-ea-pharma-4447558184,Directeur Supply Chain H/F,,scraped,2026-08-01T10:13:00.878501,
342ea9c50b71ea29,https://fr.linkedin.com/jobs/view/h%C3%B4te-h%C3%B4tesse-standard-%E2%80%93-bmw-louyet-nice-cdi-%E2%80%93-temps-complet-at-plany-4447056385,Hôte / Hôtesse Standard – BMW Louyet Nice (CDI – Temps complet),,scraped,2026-08-01T10:13:15.448984,
f0323e8d08b89f27,https://fr.linkedin.com/jobs/view/product-strategist-at-searoutes-4446815712,Product Strategist,,scraped,2026-08-01T10:13:25.287455,
b28e890d4c93e2ac,https://fr.linkedin.com/jobs/view/commis-chef-at-nikki-beach-hospitality-group-4445993682,Commis Chef,Nikki Beach Hospitality Group,posted,2026-08-01T10:13:38.672591,1505
81c48be3668e2ca0,https://mc.linkedin.com/jobs/view/conseiller-de-vente-tv-35h-h-f-at-techsell-4443699804,CONSEILLER DE VENTE TV - 35h - H/F,,scraped,2026-08-01T10:13:41.235486,
be9a26a14c2b8e1f,https://mc.linkedin.com/jobs/view/legal-assistant-at-besins-healthcare-4445938309,Legal Assistant,,scraped,2026-08-01T10:13:50.381788,
d4d0b10b1217260d,https://fr.linkedin.com/jobs/view/h%C3%B4te-d-accueil-standardiste-h-f-at-phone-r%C3%A9gie-4444152060,Hôte d'accueil standardiste H/F,,scraped,2026-08-01T10:13:58.451028,
94ca5f842a9cf38c,https://fr.linkedin.com/jobs/view/assistant-rh-f-h-at-galeries-lafayette-4447274849,Assistant RH F/H,,scraped,2026-08-01T10:14:05.715622,
afc85aab0faf25bc,https://fr.linkedin.com/jobs/view/r%C3%A9ceptionniste-h-f-cdd-saisonnier-at-nexhos-energies-4446749965,Réceptionniste (H/F) - CDD SAISONNIER,,scraped,2026-08-01T10:14:16.257094,
9f9016a869b60040,https://fr.linkedin.com/jobs/view/coordinateur-logistique-international-at-andr%C3%A9-chenue-4447276839,Coordinateur logistique international,,scraped,2026-08-01T10:14:23.673622,
7ddae18b23bcb252,https://fr.linkedin.com/jobs/view/commis-barman-h-f-cdd-saison-estivale-%C3%A0-partir-de-septembre-at-le-domaine-du-mas-de-pierre-4446832108,Commis barman H/F - CDD saison estivale à partir de septembre,,scraped,2026-08-01T10:14:33.644642,
0266973ea9db54dc,https://fr.linkedin.com/jobs/view/superviseur-de-magasin-35-heures-nice-at-new-balance-sverige-4445521703,Superviseur de magasin (35 heures) - Nice,,scraped,2026-08-01T10:14:40.348684,
e9450eb5b00e6c1e,https://fr.linkedin.com/jobs/view/directeur-r%C3%A9gional-services-multi-sites-f-h-at-allucio-4446788056,Directeur Régional - services - multi-sites F/H,Allucio,posted,2026-08-01T10:14:53.214650,1507
6e08bcefea0eefff,https://fr.linkedin.com/jobs/view/coordinateur-stock-35-heures-nice-at-new-balance-sverige-4445535625,Coordinateur Stock (35 heures) - Nice,,scraped,2026-08-01T10:14:55.865569,
a3aff54d22282f80,https://fr.linkedin.com/jobs/view/professeur-d-anglais-enseignant-cours-particuliers-at-tus-media-4446069534,Professeur d'anglais - Enseignant cours particuliers,,scraped,2026-08-01T10:15:05.811794,
456204c3e4224e96,https://fr.linkedin.com/jobs/view/responsable-adjoint-de-magasin-35-heures-nice-at-new-balance-4446141079,Responsable Adjoint de Magasin (35 heures) - Nice,New Balance,posted,2026-08-01T10:15:16.209662,1443
4315898db98ca31e,https://fr.linkedin.com/jobs/view/ing%C3%A9nieur-e-m%C3%A9trologue-nice-at-vulcain-belgium-4444881808,Ingénieur(e) métrologue - Nice,,scraped,2026-08-01T10:15:18.958673,
c2aade85c1815023,https://fr.linkedin.com/jobs/view/responsable-junior-en-alternance-f-h-at-darty-4446326489,RESPONSABLE JUNIOR EN ALTERNANCE F/H,Darty,posted,2026-08-01T10:15:31.570231,1509
34dcacb6616994bd,https://fr.linkedin.com/jobs/view/auxiliaire-petite-enfance-at-babilou-4445933993,Auxiliaire petite enfance,,scraped,2026-08-01T10:15:36.158457,
f9d31f45250c65e8,https://fr.linkedin.com/jobs/view/ariane-tousignant-at-canadian-association-of-rallysport-4447244747,Ariane Tousignant,,scraped,2026-08-01T10:15:43.001856,
c933e1192b86b1e3,https://fr.linkedin.com/jobs/view/coordinateur-stock-35-heures-nice-at-new-balance-4446565743,Coordinateur Stock (35 heures) - Nice,New Balance,posted,2026-08-01T10:15:59.105195,1511
314340c665917e07,https://fr.linkedin.com/jobs/view/maitre-nageur-sauveteur-cdd-septembre-at-le-domaine-du-mas-de-pierre-4446812828,Maitre nageur sauveteur - CDD septembre,,scraped,2026-08-01T10:16:05.653890,
f4722d09f99b4062,https://fr.linkedin.com/jobs/view/charg%C3%A9-de-client%C3%A8le-senior-h-f-at-l-usine-nouvelle-4444551359,Chargé de clientèle SENIOR (H/F),L'Usine Nouvelle,posted,2026-08-01T10:16:22.401143,1513
fd383487cd555f44,https://fr.linkedin.com/jobs/view/h%C3%B4te-d-accueil-standardiste-h-f-at-phone-r%C3%A9gie-4444574412,Hôte d'accueil standardiste H/F,,scraped,2026-08-01T10:16:24.995378,
5682507ab8ebcf8e,https://fr.linkedin.com/jobs/view/vendeur-euse-polyvalent-e-cdi-35h-at-mango-4445160513,VENDEUR/EUSE POLYVALENT/E // CDI 35H,,scraped,2026-08-01T10:16:33.877141,
b93f8ceb74b016d1,https://fr.linkedin.com/jobs/view/equipier-e-des-ext%C3%A9rieurs-cdd-saisonnier-h-f-at-the-maybourne-riviera-4446833479,Equipier.e des extérieurs - CDD Saisonnier - H/F,,scraped,2026-08-01T10:16:42.569467,
f603fe70b59ab1b2,https://fr.linkedin.com/jobs/view/responsable-restaurant-%E2%80%93-restaurant-riviera-%E2%80%93-cdd-h-f-at-the-maybourne-riviera-4446352063,Responsable Restaurant – Restaurant Riviera – CDD - H/F,,scraped,2026-08-01T10:16:49.339345,
32beaecdecd5c2b1,https://fr.linkedin.com/jobs/view/agent-commercial-at-l-so-immobilier-c%C3%B4te-d-azur-4445605212,Agent commercial,,scraped,2026-08-01T10:17:01.826336,
9592b41e94cd3d8e,https://fr.linkedin.com/jobs/view/emploi-saisonnier-soutien-scolaire-et-aide-aux-devoirs-pour-la-primaire-at-tus-media-4446040602,Emploi Saisonnier - Soutien Scolaire et Aide aux Devoirs pour la Primaire,,scraped,2026-08-01T10:17:09.022748,
613c91f452c2725c,https://fr.linkedin.com/jobs/view/vendeur-vendeuse-cdi-temps-partiel-28h-h-f-%C3%A0-antibes-at-boulanger-4445329296,Vendeur / Vendeuse CDI -  Temps partiel [28H] (H/F)  à Antibes,,scraped,2026-08-01T10:17:16.936565,
cdab2fde9ea74d17,https://fr.linkedin.com/jobs/view/jardinier-h-f-at-home-services-4446445985,JARDINIER (H/F),,scraped,2026-08-01T10:17:23.510100,
841296ed3689d6b8,https://fr.linkedin.com/jobs/view/femme-valet-de-chambre-cdd-saisonnier-h-f-at-the-maybourne-riviera-4446824727,Femme/Valet de Chambre- CDD Saisonnier - H/F,,scraped,2026-08-01T10:17:35.056676,
093a1933bd484d19,https://fr.linkedin.com/jobs/view/emploi-saisonnier-soutien-scolaire-et-aide-aux-devoirs-pour-la-primaire-at-tus-media-4446039600,Emploi Saisonnier - Soutien Scolaire et Aide aux Devoirs pour la Primaire,,scraped,2026-08-01T10:17:41.757884,
69b993b1903d329b,https://fr.linkedin.com/jobs/view/directeur-general-directrice-generale-at-bras-droit-des-dirigeants-4444570527,DIRECTEUR GENERAL / DIRECTRICE GENERALE,,scraped,2026-08-01T10:17:49.745448,
67a716fc14dea817,https://fr.linkedin.com/jobs/view/t%C3%A9l%C3%A9travail-professeur-de-fle-fran%C3%A7ais-langue-%C3%A9trang%C3%A8re-at-tus-media-4445120097,Télétravail - Professeur de FLE (Français Langue Étrangère),,scraped,2026-08-01T10:17:56.643252,
f404621921d323ce,https://fr.linkedin.com/jobs/view/vendeur-magasin-24-heures-nice-at-new-balance-sverige-4445537586,Vendeur Magasin (24 heures) - Nice,,scraped,2026-08-01T10:18:04.390303,
ea18f25315ab6170,https://fr.linkedin.com/jobs/view/conducteur-de-travaux-de-maintenance-du-patrimoine-h-f-nice-at-grand-delta-habitat-4446768274,Conducteur de travaux de Maintenance du Patrimoine H/F Nice,Grand Delta Habitat,posted,2026-08-01T10:18:22.477042,1515
9ea38f13351d48b9,https://fr.linkedin.com/jobs/view/assistant-comptable-%C3%A9volutif-h-f-at-%C5%8Ddas-conseil-4446136984,Assistant comptable évolutif (H/F),ŌDAS CONSEIL,posted,2026-08-01T10:18:33.714098,1517
f2ba57bb4435a8fd,https://fr.linkedin.com/jobs/view/animateur-f-h-at-association-paje-pasteur-avenir-jeunesse-4446069713,Animateur F/H,,scraped,2026-08-01T10:18:40.366723,
dca4361a3bf02992,https://fr.linkedin.com/jobs/view/alternance-charg%C3%A9-e-de-client%C3%A8le-h-f-at-isim-4445127414,Alternance Chargé(e) de clientèle H/F,ISIM,posted,2026-08-01T10:18:57.113355,1519
e2de795e5a282b27,https://fr.linkedin.com/jobs/view/alternance-cadre-administratif-ve-h-f-at-isim-4445142293,Alternance - Cadre administratif (ve) H/F,ISIM,posted,2026-08-01T10:19:07.426509,285
1c521523d869d18e,https://fr.linkedin.com/jobs/view/chauffeur-pl-h-f-at-groupe-serpe-4446736023,Chauffeur PL H/F,,scraped,2026-08-01T10:19:10.047524,
8eeb71e1565473c6,https://fr.linkedin.com/jobs/view/comptable-copropri%C3%A9t%C3%A9-f-h-at-emeria-technologies-4446805985,Comptable Copropriété F/H,,scraped,2026-08-01T10:19:19.837357,
4ceb0e8ad174add8,https://fr.linkedin.com/jobs/view/job-%C3%A9tudiant-professeur-de-yoga-emploi-saisonnier-at-tus-media-4446078322,Job Étudiant - Professeur de Yoga - Emploi Saisonnier,,scraped,2026-08-01T10:19:28.917550,
795d5a506fab4e52,https://fr.linkedin.com/jobs/view/cdi-responsable-restaurant-at-h%C3%B4tel-palais-de-la-m%C3%A9diterran%C3%A9e-4446197278,CDI : Responsable Restaurant,Hôtel Palais de la Méditerranée,posted,2026-08-01T10:19:49.752987,1521
dcff20178b452078,https://fr.linkedin.com/jobs/view/chef-de-partie-at-nikki-beach-hospitality-group-4445984776,Chef de Partie,Nikki Beach Hospitality Group,posted,2026-08-01T10:19:59.091566,1523
e5591a05c9e75750,https://fr.linkedin.com/jobs/view/commis-e-de-salle-restaurant-gastronomique-h-f-at-h%C3%B4tel-le-negresco-4447071145,Commis(e) de salle restaurant gastronomique (H/F),Hôtel Le Negresco,posted,2026-08-01T10:20:11.802430,1525
ba807242f9235829,https://fr.linkedin.com/jobs/view/assistant-administration-des-ventes-h-f-06-at-foussier-4446973203,Assistant Administration des Ventes H/F (06),FOUSSIER,posted,2026-08-01T10:20:16.588082,1054
7aa364b5b5dd8bb4,https://fr.linkedin.com/jobs/view/job-%C3%A9tudiant-professeur-d-informatique-t%C3%A9l%C3%A9travail-at-tus-media-4446039603,Job Étudiant - Professeur d'informatique - Télétravail,,scraped,2026-08-01T10:20:19.193437,
d0c4b118b5a654cb,https://fr.linkedin.com/jobs/view/assistante-administrative-at-bioman-cleaner-4443287136,assistante administrative,,scraped,2026-08-01T10:20:27.043555,
74240c9d43f59d5f,https://fr.linkedin.com/jobs/view/directeur-directrice-export-at-bras-droit-des-dirigeants-4444566587,DIRECTEUR / DIRECTRICE EXPORT,,scraped,2026-08-01T10:20:33.789183,
dda817b6d84e9891,https://fr.linkedin.com/jobs/view/responsable-de-site-h-f-at-solties-4447294261,Responsable de site H/F,,scraped,2026-08-01T10:20:42.513261,
552f5d7de002490d,https://fr.linkedin.com/jobs/view/aide-%C3%A0-domicile-h-f-at-admr-des-alpes-maritimes-4444876576,Aide à domicile H/F,,scraped,2026-08-01T10:20:49.080602,
6ef93f5d5026dd96,https://fr.linkedin.com/jobs/view/garde-d-enfants-%C3%A0-domicile-bilingue-anglais-h-f-at-family-sphere-4445529260,Garde d'enfants à domicile bilingue anglais (H/F),Family Sphere,posted,2026-08-01T10:21:07.773911,1527
bc9eef2de056e1ef,https://fr.linkedin.com/jobs/view/charg%C3%A9-e-de-formation-et-de-recrutement-en-immobilier-at-engel-v%C3%B6lkers-france-4444146635,Chargé.e de Formation et de Recrutement en Immobilier,,scraped,2026-08-01T10:21:10.418364,
ec21a270a9ee9fd6,https://fr.linkedin.com/jobs/view/agent-d-entretien-h-f%0A-h-f-at-pns-interim-4445912840,"Agent d'entretien H/F
(H/F)",PNS INTERIM,posted,2026-08-01T10:21:23.265396,1529
4c27f5af33b3a864,https://fr.linkedin.com/jobs/view/agent-d-entretien-h-f%0A-h-f-at-pns-interim-4445902869,"Agent d'entretien H/F
(H/F)",PNS INTERIM,scraped,2026-08-01T10:21:27.282769,
81f6c2853684a65b,https://fr.linkedin.com/jobs/view/collaborateur-comptable-h-f-at-%C5%8Ddas-conseil-4446940328,Collaborateur comptable (H/F),ŌDAS CONSEIL,posted,2026-08-01T10:21:32.261253,451
ad1bc9f0ab2d01ed,https://fr.linkedin.com/jobs/view/gestionnaire-de-paie-h-f-at-%C5%8Ddas-conseil-4447265023,Gestionnaire de paie (H/F),ŌDAS CONSEIL,posted,2026-08-01T10:21:37.350375,786
29989b1795b1669b,https://fr.linkedin.com/jobs/view/alternance-vendeur-conseil-h-f-at-isim-4444891676,Alternance Vendeur Conseil H/F,ISIM,posted,2026-08-01T10:21:45.926861,323
a98d8c6edf4c4c95,https://fr.linkedin.com/jobs/view/alternance-adjoint-e-responsable-h-f-at-isim-4444889704,Alternance - Adjoint(e) responsable (H/F),ISIM,posted,2026-08-01T10:21:55.824341,1531
9e92a9603df2e9f9,https://fr.linkedin.com/jobs/view/economiste-de-la-construction-at-vertical-sea-4445133888,Economiste de la construction,,scraped,2026-08-01T10:21:58.493556,
598b9b4ab2cff3a9,https://fr.linkedin.com/jobs/view/directeur-agence-directrice-agence-at-camif-habitat-4445502204,Directeur agence/Directrice agence,,scraped,2026-08-01T10:22:05.284816,
f3cf47d1fe7e1ad3,https://fr.linkedin.com/jobs/view/technicien-de-laboratoire-biologie-m%C3%A9dicale-at-eurofins-biologie-m%C3%A9dicale-4445488524,Technicien de Laboratoire - Biologie Médicale,,scraped,2026-08-01T10:22:14.187290,
8f428977aba4f2ce,https://fr.linkedin.com/jobs/view/gestionnaire-copropri%C3%A9t%C3%A9-h-f-at-ahr-4446874610,Gestionnaire Copropriété H/F,AHR,posted,2026-08-01T10:22:28.623316,1533
e689387853163728,https://fr.linkedin.com/jobs/view/fr-cuisinier-commis-de-cuisine-h-f-x-at-ibis-4444113303,FR - Cuisinier / Commis de cuisine (H/F/X),IBIS,posted,2026-08-01T10:22:42.557089,1535
7a614a089245a547,https://fr.linkedin.com/jobs/view/vendeur-conseiller-pr%C3%AAt-%C3%A0-porter-h-f-at-pxp%E2%84%A2-project-x-paris%E2%84%A2-4444101481,Vendeur/conseiller prêt-à-porter (H/F),,scraped,2026-08-01T10:22:45.168510,
9448d9831fedec14,https://fr.linkedin.com/jobs/view/boucher-h-f-at-grand-frais-4445738568,BOUCHER - H/F,,scraped,2026-08-01T10:22:52.370054,
5ea68df4896872f3,https://fr.linkedin.com/jobs/view/pmo-planning-%E2%80%93-primavera-p6-f-h-at-migso-pcubed-4439236239,PMO Planning – Primavera P6 (F/H),MIGSO-PCUBED,posted,2026-08-01T10:23:11.517220,1537
bda73d5d512239fe,https://fr.linkedin.com/jobs/view/directeur-administratif-et-financier-ind%C3%A9pendant-at-%F0%9F%9F%A2-daf-active-4447520530,DIRECTEUR ADMINISTRATIF ET FINANCIER INDÉPENDANT,🟢 DAF-ACTIVE,posted,2026-08-01T10:23:29.073032,1539
a46385bd7eb9e686,https://fr.linkedin.com/jobs/view/alternant-charg%C3%A9-e-de-client%C3%A8le-h-f-at-ogc-nice-4447281942,Alternant Chargé(e) de clientèle h/f,,scraped,2026-08-01T10:23:31.694892,
85c0ae666f3adabd,https://fr.linkedin.com/jobs/view/employ%C3%A9-commercial-caisse-f-h-id%C3%A9al-%C3%A9tudiant-at-carrefour-4442872369,Employé commercial caisse (F/H) Idéal étudiant,Carrefour,posted,2026-08-01T10:23:48.010206,1541
dc0f44dcfda9add0,https://mc.linkedin.com/jobs/view/artificial-intelligence-co-founder-cmo-100-%25-remote-m-f-d-at-ewor-4447186276,Artificial Intelligence Co-Founder / CMO (100 % remote) (m/f/d),,scraped,2026-08-01T10:23:50.711055,
9ea380c4ea8a6d33,https://fr.linkedin.com/jobs/view/assistant-e-m%C3%A9dical-e-4445332595,Assistant(e) médical(e),MSP NICE CENTRE-EST,posted,2026-08-01T10:24:01.749066,1543
5ce9bef0554e27ea,https://fr.linkedin.com/jobs/view/alternance-animateur-trice-de-vente-h-f-at-isim-4445135382,Alternance Animateur (trice) de Vente H/F,ISIM,posted,2026-08-01T10:24:08.119522,717
a619d50020280859,https://fr.linkedin.com/jobs/view/assistant-4444514920,Assistant,Spectra Avocats,posted,2026-08-01T10:24:19.012709,1545
248b3bda9251edf2,https://fr.linkedin.com/jobs/view/architecte-data-ia-h-f-at-ea-pharma-4447570061,Architecte Data & IA H/F,,scraped,2026-08-01T10:24:21.796274,
18d6ce0836c230b9,https://fr.linkedin.com/jobs/view/vendeur-euse-polyvalent-e-cdd-17h-at-mango-4447152452,VENDEUR/EUSE POLYVALENT/E // CDD 17H,,scraped,2026-08-01T10:24:41.401777,
f5003fe2710acb30,https://fr.linkedin.com/jobs/view/dba-sql-server-h-f-at-innova-solutions-4443264277,DBA SQL Server (H/F),Innova Solutions,posted,2026-08-01T10:24:54.339765,1547
c179e475a60826f9,https://fr.linkedin.com/jobs/view/conseiller-de-vente-30h-cdd-h-f-at-caroll-4446374982,Conseiller de vente 30h - CDD  (H/F),Caroll,posted,2026-08-01T10:25:07.558131,1549
32d87c6f91bd8126,https://fr.linkedin.com/jobs/view/gyn%C3%A9cologue-h-f-at-wink-4446009542,Gynécologue H/F,,scraped,2026-08-01T10:25:10.183715,
874201c3d6071e45,https://fr.linkedin.com/jobs/view/employ%C3%A9-e-de-r%C3%A9serve-cdi-35h-at-mango-4446745794,"EMPLOYÉ/E DE RÉSERVE, CDI 35H",,scraped,2026-08-01T10:25:16.982207,
0f0d3c2f7afa0b02,https://fr.linkedin.com/jobs/view/directeur-%C3%A9tudes-h-f-at-fayat-batiment-4447130541,Directeur études H/F,,scraped,2026-08-01T10:25:23.678364,
6cbd53e067df8681,https://fr.linkedin.com/jobs/view/chef-de-mission-expertise-comptable-h-f-at-%C5%8Ddas-conseil-4446928495,Chef de Mission expertise comptable (H/F),ŌDAS CONSEIL,posted,2026-08-01T10:25:33.317347,723
bc5ed7ee3087da5e,https://fr.linkedin.com/jobs/view/cuisinier-h-f-at-wink-4446459308,Cuisinier (H/F),,scraped,2026-08-01T10:25:35.900791,
f7bfe2709b85b168,https://fr.linkedin.com/jobs/view/charg%C3%A9-de-sinistres-et-d-indemnisation-entreprise-iard-at-respire-conseil-rh-4445628845,chargé de sinistres et d indemnisation entreprise IARD,RESPIRE CONSEIL RH,posted,2026-08-01T10:25:48.754639,1551
19f2fb54f6f7181a,https://fr.linkedin.com/jobs/view/auxiliaire-de-vie-h-f-sur-antibes-at-groupe-proseniors-4447510503,Auxiliaire de Vie H/F sur Antibes,,scraped,2026-08-01T10:25:57.383338,
8e0b4a099780ada0,https://fr.linkedin.com/jobs/view/responsable-performance-commerciale-h-f-at-virbac-4446422703,Responsable Performance Commerciale (H/F),,scraped,2026-08-01T10:26:07.294963,
6cfc1cc53e140311,https://fr.linkedin.com/jobs/view/auxiliaire-v%C3%A9t%C3%A9rinaire-h-f-at-mon-v%C3%A9to-4445035065,Auxiliaire vétérinaire H/F,,scraped,2026-08-01T10:26:14.212015,
89b6e6bf04fdf8ef,https://fr.linkedin.com/jobs/view/g%C3%A9om%C3%A8tre-topographe-f-h-at-fayat-group-4435987164,Géomètre Topographe F/H,,scraped,2026-08-01T10:26:30.311961,
f986ef3d39b758d5,https://fr.linkedin.com/jobs/view/directeur-commercial-ind%C3%A9pendant-at-%F0%9F%94%B4-prospactive-4447509937,DIRECTEUR COMMERCIAL INDÉPENDANT,🔴 PROSPACTIVE,posted,2026-08-01T10:26:48.272144,1553
e9c7c592a6c802ca,https://fr.linkedin.com/jobs/view/conseiller-de-vente-cdd-nice-h-f-nb-at-kiabi-4446067562,_Conseiller de Vente CDD NICE (h/f/nb),KIABI,posted,2026-08-01T10:27:00.769378,1555
b652ab471b109f28,https://fr.linkedin.com/jobs/view/manager-zone-march%C3%A9-supermarch%C3%A9-f-h-at-carrefour-4434872203,Manager zone marché - Supermarché (F/H),Carrefour,posted,2026-08-01T10:27:18.135263,1557
91ffb9c2e6b97d73,https://fr.linkedin.com/jobs/view/ing%C3%A9nieur-qa-h-f-at-proelan-sophia-antipolis-4444540395,Ingénieur QA H/F,,scraped,2026-08-01T10:27:20.852948,
95fd5eba085cf920,https://fr.linkedin.com/jobs/view/aide-soignant-e-pool-de-nuit-cdi-%E2%80%94-h-f-at-h%C3%B4pital-priv%C3%A9-les-sources-nice-4446938184,Aide-soignant(e) POOL de NUIT CDI — H/F,,scraped,2026-08-01T10:27:30.801908,
92bbdad73742dcfd,https://fr.linkedin.com/jobs/view/stage-assistant-e-manager-des-op%C3%A9rations-boutique-mode-sud-juillet-2023-at-chanel-4389545431,"STAGE - Assistant(e) Manager des Opérations, Boutique Mode SUD, Juillet 2023",CHANEL,posted,2026-08-01T10:27:50.447476,1559
373cccc715013551,https://fr.linkedin.com/jobs/view/pmo-it-h-f-at-scalian-4445950477,PMO IT (H/F),,scraped,2026-08-01T10:27:53.064689,
39ac3e1374bd6d18,https://fr.linkedin.com/jobs/view/aide-soignant-h-f-cdd-at-admr-des-alpes-maritimes-4444879552,Aide-soignant H/F - CDD,,scraped,2026-08-01T10:28:01.915171,
f589ca973dfa26cb,https://mc.linkedin.com/jobs/view/ai-safety-specialist-fully-remote-upto-%2484-hr-at-mercor-4447249856,AI Safety Specialist - Fully Remote | Upto $84/hr,Mercor,posted,2026-08-01T10:28:14.442019,1561
6ded7e3416f67267,https://fr.linkedin.com/jobs/view/chef-de-partie-confirm%C3%A9-h-f-at-barri%C3%A8re-4445098596,Chef de partie confirmé H/F,,scraped,2026-08-01T10:28:17.209869,
5ee85b8fea25f060,https://fr.linkedin.com/jobs/view/auxiliaire-de-vie-h-f-week-ends-at-groupe-proseniors-4447530260,Auxiliaire de Vie H/F - Week-ends,,scraped,2026-08-01T10:28:25.026860,
c1cb84a9476340fe,https://fr.linkedin.com/jobs/view/assistant-projet-f-h-randstad-professional-at-aerocontact-4447771948,ASSISTANT PROJET (F/H) - Randstad professional,,scraped,2026-08-01T10:28:35.954904,
272fd7113cb4e5a5,https://fr.linkedin.com/jobs/view/d%C3%A9veloppeur-logiciel-c%2B%2B-f-h-at-experis-4443229822,Développeur logiciel C++ (F/H),Experis,posted,2026-08-01T10:28:51.448060,1563
70abbe1fe314f6bd,https://fr.linkedin.com/jobs/view/auxiliaire-de-vie-h-f-sur-gatti%C3%A8res-at-groupe-proseniors-4447527291,Auxiliaire de Vie H/F sur Gattières,,scraped,2026-08-01T10:28:54.050473,
1cd5f5650d51b649,https://fr.linkedin.com/jobs/view/stage-%E2%80%93-ing%C3%A9nieur-test-logiciel-f-h-at-schneider-electric-4446421838,Stage – Ingénieur Test Logiciel F/H,Schneider Electric,posted,2026-08-01T10:29:16.928380,1565
627206a208780eaf,https://fr.linkedin.com/jobs/view/vendeur-euse-en-cdd-30h-at-lovisa-pty-ltd-4447054734,Vendeur(euse) en CDD 30H,,scraped,2026-08-01T10:29:27.664798,
243d721901e0e261,https://fr.linkedin.com/jobs/view/conseiller-%C3%A8re-vente-omnicanal-h-f-randonnee-at-decathlon-france-4446984603,Conseiller-ère Vente Omnicanal (H/F) RANDONNEE,,scraped,2026-08-01T10:29:36.747085,
10b2f72965641b3c,https://fr.linkedin.com/jobs/view/alternant-automatisme-at-greif-4446325619,Alternant Automatisme,Greif,posted,2026-08-01T10:29:49.890372,1567
251b959edff53317,https://fr.linkedin.com/jobs/view/employ%C3%A9e-employ%C3%A9-de-caisse-accueil-at-monoprix-4447193267,"Employée, employé de caisse accueil",,scraped,2026-08-01T10:29:52.572777,
1cdf5f285cd7a3d0,https://fr.linkedin.com/jobs/view/employ%C3%A9e-employ%C3%A9-de-caisse-accueil-at-monoprix-4447192288,"Employée, employé de caisse accueil",,scraped,2026-08-01T10:29:59.683926,
ce9decae183eeef5,https://mc.linkedin.com/jobs/view/stage-revenue-management-6-mois-at-fairmont-hotels-resorts-4447197139,Stage Revenue Management - 6 mois,Fairmont Hotels &amp; Resorts,posted,2026-08-01T10:30:13.484026,1569
94688bb6c6925e21,https://mc.linkedin.com/jobs/view/juriste-confirm%C3%A9-en-droit-des-affaires-international-h-f-at-tercio-rh-4445503929,Juriste confirmé en droit des affaires international (h/f),,scraped,2026-08-01T10:30:16.023741,
16a74fe45fd4f252,https://fr.linkedin.com/jobs/view/infirmier-h-f-nice-06-at-smart-sant%C3%A9-conseil-4445429195,Infirmier (H/F) - Nice (06),Smart Santé Conseil,posted,2026-08-01T10:31:07.886697,1571
16a4f9210064ff77,https://fr.linkedin.com/jobs/view/vendeur-euse-polyvalent-e-cdd-35h-at-mango-4446737953,"VENDEUR/EUSE POLYVALENT/E, CDD 35H",,scraped,2026-08-01T10:31:10.636000,
634d8fed88b8a1c5,https://fr.linkedin.com/jobs/view/embedded-software-engineer-wifi-at-ic-resources-4446313393,Embedded Software Engineer - WiFi,,scraped,2026-08-01T10:31:21.433070,
6b03857b3ce7b7d3,https://fr.linkedin.com/jobs/view/superviseur-comptoir-f-h-x-nice-a%C3%A9roport-cdi-at-sixt-4402533034,Superviseur comptoir (F/H/X) - Nice Aéroport - CDI,,scraped,2026-08-01T10:31:38.424647,
09c983f1a420bd64,https://fr.linkedin.com/jobs/view/auxiliaire-de-vie-h-f-sur-juan-les-pins-at-groupe-proseniors-4447523406,Auxiliaire de Vie H/F sur Juan les Pins,,scraped,2026-08-01T10:31:47.029601,
1e2696edd42cf10a,https://fr.linkedin.com/jobs/view/auxiliaire-de-vie-h-f-sur-golfe-juan-at-groupe-proseniors-4447511473,Auxiliaire de Vie H/F sur Golfe-Juan,,scraped,2026-08-01T10:31:56.111269,
5efb93fed57499a0,https://fr.linkedin.com/jobs/view/m%C3%A9canicien-automobile-h-f-at-feu-vert-france-4447194826,Mécanicien Automobile H/F,,scraped,2026-08-01T10:32:11.660506,
fd91e0c68568a98b,https://fr.linkedin.com/jobs/view/comptable-capex-at-hotel-du-cap-eden-roc-4445502286,Comptable Capex,Hotel du Cap-Eden-Roc,posted,2026-08-01T10:32:30.390764,1573
0f515459e510b53f,https://fr.linkedin.com/jobs/view/employ%C3%A9e-employ%C3%A9-de-caisse-accueil-at-monoprix-4447190333,"Employée, employé de caisse accueil",,scraped,2026-08-01T10:32:32.941896,
f9ecb55c1e1c72be,https://fr.linkedin.com/jobs/view/employ%C3%A9e-employ%C3%A9-de-caisse-accueil-at-monoprix-4447185379,"Employée, employé de caisse accueil",,scraped,2026-08-01T10:32:40.110354,
acf1e0f16718b94a,https://fr.linkedin.com/jobs/view/employ%C3%A9e-employ%C3%A9-de-caisse-accueil-at-monoprix-4447180513,"Employée, employé de caisse accueil",,scraped,2026-08-01T10:32:47.219451,
c09b07c6cbbdc26d,https://fr.linkedin.com/jobs/view/chef-cheffe-de-projet-ing%C3%A9nierie-nice-at-vulcain-engineering-group-4437023776,Chef/cheffe de projet ingénierie - Nice,Vulcain Engineering Group,posted,2026-08-01T10:33:02.972002,1575
1d5f0b73e65471fe,https://fr.linkedin.com/jobs/view/directeur-d-agence-franchis%C3%A9-e-at-r%C3%A9novert-4446550945,Directeur d'agence franchisé(e),,scraped,2026-08-01T10:33:07.570655,
d989ea13cbb3c202,https://fr.linkedin.com/jobs/view/ambassadeur-commercial-extra-job-week-end-antibes%F0%9F%8E%93-at-edgard-cooper-b-corp-4446789323,Ambassadeur Commercial - extra-job week-end - Antibes🎓,,scraped,2026-08-01T10:33:14.932464,
8bc0a79a43506ee2,https://fr.linkedin.com/jobs/view/cdd-conseiller-commercial-h-f-vence-at-caisse-d-epargne-cote-d-azur-4435984635,CDD - Conseiller Commercial (H/F) - Vence,CAISSE D'EPARGNE COTE D'AZUR,posted,2026-08-01T10:33:32.284808,1577
a362c8826853aae8,https://fr.linkedin.com/jobs/view/expert-comptable-stagiaire-m%C3%A9morialiste-h-f-at-%C5%8Ddas-conseil-4446928493,Expert comptable stagiaire mémorialiste (H/F),ŌDAS CONSEIL,posted,2026-08-01T10:33:41.486381,1579
e306157dfa1221a9,https://fr.linkedin.com/jobs/view/surveillant-e-de-baignade-at-hotel-du-cap-eden-roc-4443618366,Surveillant(e) de baignade,Hotel du Cap-Eden-Roc,posted,2026-08-01T10:33:54.069742,1581
3742b3cac14d49c5,https://fr.linkedin.com/jobs/view/speeders-project-management-officer-at-thales-4447543685,Speeders Project Management Officer,,scraped,2026-08-01T10:33:56.855186,
dca9e95b5eb3f40b,https://fr.linkedin.com/jobs/view/vendeur-polyvalent-18h-f-h-cdi-temps-partiel-at-naturalia-4446764708,Vendeur polyvalent 18h (F/H) - CDI Temps partiel,,scraped,2026-08-01T10:34:04.041225,
971698bbada9bc43,https://fr.linkedin.com/jobs/view/expert-comptable-stagiaire-ou-m%C3%A9morialiste-h-f-at-%C5%8Ddas-conseil-4446934370,Expert comptable stagiaire ou mémorialiste (H/F),ŌDAS CONSEIL,posted,2026-08-01T10:34:17.195409,1583
23f84aec96b66600,https://fr.linkedin.com/jobs/view/agent-immobilier-at-iad-france-4447265495,Agent immobilier,,scraped,2026-08-01T10:34:19.778960,
0803ba8199f03cc2,https://fr.linkedin.com/jobs/view/technicien-en-recherche-de-fuite-h-f-4445331286,Technicien en Recherche de Fuite (H/F),Gsm fuites,posted,2026-08-01T10:34:31.545667,1585
2c5374b58fcf364b,https://fr.linkedin.com/jobs/view/qualiticien-qualit%C3%A9-satisfaction-client-at-mane-4446746478,Qualiticien Qualité Satisfaction Client,,scraped,2026-08-01T10:34:34.297816,
09888d9e2c6b752a,https://fr.linkedin.com/jobs/view/employe-de-restauration-h-f-at-sodexo-4446783083,EMPLOYE DE RESTAURATION H/F,,scraped,2026-08-01T10:34:40.816879,
03ab96e8dfa43b3b,https://fr.linkedin.com/jobs/view/stagiaire-alternant-business-developer-%E2%80%93-circuit-sport-h-f-at-olyos-group-4436839955,Stagiaire /Alternant Business Developer – Circuit Sport H/F,,scraped,2026-08-01T10:34:47.430718,
c4867b62b0b1e981,https://fr.linkedin.com/jobs/view/technicien-support-informatique-f-h-at-free-work-4445801197,Technicien support informatique (F/H),,scraped,2026-08-01T10:34:55.279873,
dda568de9aa005cc,https://fr.linkedin.com/jobs/view/gestionnaire-en-assurance-iard-particuliers-at-frema-assurances-jutheau-husson-groupe-4446757282,Gestionnaire en assurance IARD (particuliers),,scraped,2026-08-01T10:35:04.805296,
56f715b0ba74d30b,https://fr.linkedin.com/jobs/view/stage-ou-alternance-consultant-informatique-et-financement-de-l-innovation-f-h-at-deloitte-4322261079,Stage ou alternance consultant informatique et financement de l'innovation F/H,Deloitte,posted,2026-08-01T10:35:27.243547,1587
e1489c3d5ff3b637,https://fr.linkedin.com/jobs/view/technicien-sav-climatisation-h-f-at-equans-france-4446470424,Technicien SAV Climatisation H/F,,scraped,2026-08-01T10:35:29.995692,
96c0d024065e5e81,https://fr.linkedin.com/jobs/view/ing%C3%A9nieur-devops-exp%C3%A9riment%C3%A9-2%2B-ans-%E2%80%93-h-f-at-proelan-sophia-antipolis-4438580993,Ingénieur DevOps Expérimenté (2+ ans) – H/F,,scraped,2026-08-01T10:35:37.100591,
ff3f391fc11d9cf3,https://fr.linkedin.com/jobs/view/dermatologue-h-f-at-wink-4447428456,Dermatologue H/F,,scraped,2026-08-01T10:35:46.751217,
dd889bbf280be7f5,https://fr.linkedin.com/jobs/view/analyste-parfumeur-h-f-at-manpower-france-4442829821,Analyste parfumeur H/F,Manpower France,posted,2026-08-01T10:36:03.325635,1589
ed7fd5c2fa981b43,https://fr.linkedin.com/jobs/view/cuisinier-e-tournant-en-etablissement-de-sante-h-f-at-sodexo-4447177658,CUISINIER(E) TOURNANT EN ETABLISSEMENT DE SANTE H/F,,scraped,2026-08-01T10:36:06.055057,
a156989c7bad623a,https://fr.linkedin.com/jobs/view/administrateur-bases-de-donn%C3%A9es-h-f-at-cleeven-4438898886,Administrateur bases de données (H/F),,scraped,2026-08-01T10:36:14.939894,
a7a7df984799a8c6,https://fr.linkedin.com/jobs/view/jv-mps-master-production-schedule-supervisor-manager-f-h-at-thales-4402513880,JV-MPS (Master Production Schedule) Supervisor Manager-F/H,,scraped,2026-08-01T10:36:21.851488,
bf2e9cb343ffd2fd,https://fr.linkedin.com/jobs/view/charg%C3%A9-technique-de-production-niveau-1-at-vishay-intertechnology-inc-4372730104,Chargé Technique de Production _ Niveau 1,"Vishay Intertechnology, Inc.",posted,2026-08-01T10:36:34.941140,1591
16d5b30cbf157d58,https://fr.linkedin.com/jobs/view/employ%C3%A9e-employ%C3%A9-de-rayon-textile-at-monoprix-4445142646,"Employée, employé de rayon textile",,scraped,2026-08-01T10:36:37.660168,
cf1f19a36b93a728,https://fr.linkedin.com/jobs/view/adjoint-de-rayon-cr%C3%A8merie-grand-frais-h-f-at-grand-frais-4412835332,Adjoint de rayon crèmerie Grand frais (H/F),,scraped,2026-08-01T10:36:44.934452,
3c36308b0c2fa95f,https://fr.linkedin.com/jobs/view/ophtalmologue-h-f-at-wink-4447442172,Ophtalmologue H/F,,scraped,2026-08-01T10:36:52.385240,
77014de3212183c2,https://fr.linkedin.com/jobs/view/chasseur-de-t%C3%AAtes-freelance-h-f-at-hunteed-4443235490,Chasseur de têtes freelance H/F,,scraped,2026-08-01T10:36:58.824520,
3854c1caf2d67521,https://it.linkedin.com/jobs/view/sales-ambassador-imperia-at-cosine-italy-4446764609,SALES AMBASSADOR | IMPERIA,,scraped,2026-08-01T10:37:05.456778,
b490dece9d223264,https://fr.linkedin.com/jobs/view/vendeur-polyvalent-35h-f-h-cdi-temps-plein-at-naturalia-4446754815,Vendeur polyvalent 35H (F/H) - CDI Temps plein,,scraped,2026-08-01T10:37:14.180363,
b4d7755635352074,https://mc.linkedin.com/jobs/view/electrical-engineer-at-sbm-offshore-4447129787,Electrical Engineer,SBM Offshore,posted,2026-08-01T10:38:06.997548,1593
fb0c035c2433252a,https://fr.linkedin.com/jobs/view/vendeur-polyvalent-35h-f-h-cdi-temps-plein-at-naturalia-4446755788,Vendeur polyvalent 35H (F/H) - CDI Temps plein,,scraped,2026-08-01T10:38:09.631776,
03ffd4f841b161c9,https://fr.linkedin.com/jobs/view/comptable-copropri%C3%A9t%C3%A9s-syndic-f-h-at-altarea-4446569531,Comptable Copropriétés/Syndic - F/H,,scraped,2026-08-01T10:38:16.475202,
b755bc9d21011ccc,https://fr.linkedin.com/jobs/view/nice-cabin-crew-opportunities-dubai-based-relocation-provided-at-emirates-4445591108,"Nice Cabin Crew Opportunities (Dubai Based, Relocation Provided)",Emirates,posted,2026-08-03T13:32:58.827319,1178
cc4a7c63ca777485,https://fr.linkedin.com/jobs/view/job-dating-le-18-aout-2026-ikea-nice-recrute-ses-futurs-talents-rejoins-nous-%21-at-ikea-4447908361,"*JOB DATING LE 18 AOUT 2026* - IKEA Nice recrute ses futurs talents, rejoins nous !",,scraped,2026-08-03T13:33:11.566498,
e96049e691fe0b08,https://fr.linkedin.com/jobs/view/responsable-logistique-at-universit%C3%A9-c%C3%B4te-d-azur-4445554204,Responsable logistique,Université Côte d’Azur,posted,2026-08-03T13:33:27.620064,1595
77c1e9d7742358e7,https://fr.linkedin.com/jobs/view/responsable-op%C3%A9rations-pistes-h-f-at-a%C3%A9roports-de-la-c%C3%B4te-d-azur-4444530737,Responsable Opérations Pistes H/F,,scraped,2026-08-03T13:33:30.268780,
f35abbb0e3b1a2e1,https://mc.linkedin.com/jobs/view/technicien-de-maintenance-cvc-at-cleeven-4447564255,Technicien de Maintenance CVC,,scraped,2026-08-03T13:33:37.609354,
91321e5078d25868,https://mc.linkedin.com/jobs/view/consultant-sql-f-h-at-infotel-monaco-sam-4447525786,Consultant SQL F/H,,scraped,2026-08-03T13:33:44.224361,
4fadd697c78a0b55,https://mc.linkedin.com/jobs/view/administrateur-plateforme-ci-cd-usine-logiciel-at-synergie-technologies-4446206811,Administrateur Plateforme CI/CD - Usine Logiciel,,scraped,2026-08-03T13:33:58.528504,
83c44939198ce7d2,https://mc.linkedin.com/jobs/view/business-developer-irve-france-at-smeg-monaco-4445718795,Business Developer IRVE France,,scraped,2026-08-03T13:34:24.000654,
7ccb3adab3c4acaf,https://mc.linkedin.com/jobs/view/stage-6-mois-agent-de-r%C3%A9servation-at-fairmont-hotels-resorts-4447186382,Stage 6 mois - Agent de réservation,Fairmont Hotels &amp; Resorts,posted,2026-08-03T13:34:37.983062,1597
a1a562abee5577f3,https://mc.linkedin.com/jobs/view/commercial-e-%E2%80%93-vente-de-viandes-de-veau-sur-le-march%C3%A9-italien-at-giraudi-group-4443287146,Commercial (e) – Vente de viandes de veau sur le marché Italien,,scraped,2026-08-03T13:34:40.574028,
18359414d94b6eb2,https://mc.linkedin.com/jobs/view/ai-safety-specialist-fully-remote-upto-%2470-hr-at-mercor-4447242907,AI Safety Specialist - Fully Remote | Upto $70/hr,Mercor,posted,2026-08-03T13:34:53.161195,1599
a8de0ce3906d4dd9,https://mc.linkedin.com/jobs/view/responsable-comptabilit%C3%A9-clients-f-h-at-nexus-hr-4443376926,Responsable Comptabilité Clients F/H,Nexus HR,posted,2026-08-03T13:35:12.522786,1601
54c4b9f73778cfd1,https://mc.linkedin.com/jobs/view/structural-mooring-engineer-offshore-h-f-at-parlym-4446200369,Structural Mooring Engineer - Offshore H/F,,scraped,2026-08-03T13:35:15.072537,
37af4ba80b43964c,https://fr.linkedin.com/jobs/view/alternance-conseiller-e-de-vente-h-f-at-fusalp-4444566619,ALTERNANCE - CONSEILLER(E) DE VENTE H/F,,scraped,2026-08-03T13:35:33.412991,
d1e656930e4a2423,https://fr.linkedin.com/jobs/view/visual-merchandising-coordinateur-35-heures-nice-at-new-balance-sverige-4445535624,Visual Merchandising Coordinateur (35 heures) - Nice,New Balance Sverige,posted,2026-08-03T13:35:47.176555,1461
8492bcb1255a15be,https://fr.linkedin.com/jobs/view/technicien-support-assainissement-moyen-et-haut-pays-h-f-at-eau-d-azur-4446881788,Technicien Support Assainissement Moyen et Haut Pays (h/f),Eau d'Azur,posted,2026-08-03T13:36:03.204264,1603
1494bbfbaa2e4fdc,https://fr.linkedin.com/jobs/view/garde-d-enfant-%C3%A0-domicile-bilingue-anglais-fran%C3%A7ais-h-f-at-family-sphere-4445516985,Garde d'enfant à domicile bilingue anglais/français (H/F),Family Sphere,posted,2026-08-03T13:36:15.008791,1605
6d627f8c70fa4bf2,https://fr.linkedin.com/jobs/view/vendeur-magasin-%C3%A9tudiant-14-heures-nice-at-new-balance-sverige-4445517722,Vendeur Magasin - Étudiant (14 heures) - Nice,,scraped,2026-08-03T13:36:17.714414,
00b5b1cea19ab304,https://fr.linkedin.com/jobs/view/revenue-manager-h-f-at-mmv-4447719145,REVENUE MANAGER H/F,,scraped,2026-08-03T13:36:23.900822,
8287a5ad2fca1f8f,https://it.linkedin.com/jobs/view/english-teacher-part-time-6hr-sanremo-at-kids-us-language-school-4447127634,English Teacher part time 6hr - Sanremo,,scraped,2026-08-03T13:36:32.552561,
d22134ddc6606a05,https://fr.linkedin.com/jobs/view/technicien-de-laboratoire-poste-de-nuit-at-eurofins-biologie-m%C3%A9dicale-4446051443,Technicien de Laboratoire - Poste de nuit,,scraped,2026-08-03T13:36:41.396308,
b755e852e9eea0d9,https://fr.linkedin.com/jobs/view/assistant-e-ing%C3%A9nieur-e-en-biologie-exp%C3%A9rimentale-h-f-at-inserm-4442624991,Assistant(e) ingénieur(e) en biologie expérimentale - H/F,,scraped,2026-08-03T13:36:48.440328,
54b72557a3443f09,https://fr.linkedin.com/jobs/view/responsable-de-portefeuille-comptable-h-f-at-%C5%8Ddas-conseil-4446948053,Responsable de portefeuille comptable H/F,ŌDAS CONSEIL,posted,2026-08-03T13:36:58.010774,265
ed981ed196e62edb,https://fr.linkedin.com/jobs/view/secr%C3%A9taire-m%C3%A9dical-en-alternance-f-h-at-walter-learning-4446467493,Secrétaire Médical en alternance F/H,,scraped,2026-08-03T13:37:00.667118,
1666ad12428dff5c,https://fr.linkedin.com/jobs/view/conseiller-free-antibes-h-f-at-groupe-iliad-4446074431,Conseiller Free - Antibes - H/F,,scraped,2026-08-03T13:37:07.388816,
4b13255eafd77130,https://fr.linkedin.com/jobs/view/linger-e-cdd-saisonnier-h-f-at-the-maybourne-riviera-4446834419,Linger.e - CDD Saisonnier - H/F,,scraped,2026-08-03T13:37:18.642522,
cd7e94d51bfe42c2,https://fr.linkedin.com/jobs/view/chef-d-%C3%A9quipe-elagueur-grimpeur-h-f-at-groupe-serpe-4446739309,Chef d'équipe Elagueur-Grimpeur H/F,,scraped,2026-08-03T13:37:27.496670,
469e3904a649a491,https://fr.linkedin.com/jobs/view/directeur-adjoint-magasin-h-f-nb-boll%C3%A8ne-84-at-kiabi-4447959483,_Directeur Adjoint Magasin (h/f/nb) - Bollène (84),KIABI,posted,2026-08-03T13:37:45.565581,1607
98c7f049710a4c7b,https://fr.linkedin.com/jobs/view/technicien-informatique-itin%C3%A9rant-h-f-at-jdc-sa-4445490491,Technicien informatique itinérant H/F,JDC SA,posted,2026-08-03T13:37:56.362560,1609
1cd32cb4e0bc21b5,https://fr.linkedin.com/jobs/view/m%C3%A9canicien-poids-lourds-d%C3%A9butant-h-f-at-groupe-ippolito-4445425241,Mécanicien Poids Lourds débutant H/F,,scraped,2026-08-03T13:37:59.053161,
87534307364ea483,https://fr.linkedin.com/jobs/view/vendeur-magasin-%C3%A9tudiant-14-heures-nice-at-new-balance-4446584107,Vendeur Magasin - Étudiant (14 heures) - Nice,New Balance,posted,2026-08-03T13:38:14.909052,1611
87498385848fe45c,https://fr.linkedin.com/jobs/view/caissier-caissi%C3%A8re-principal-e-at-barri%C3%A8re-4445020427,Caissier/ Caissière principal(e),,scraped,2026-08-03T13:38:17.587726,
1b4900118112a1c5,https://it.linkedin.com/jobs/view/addetta-o-vendita-settore-intimo-sanremo-at-yamamay-4447711274,Addetta/o Vendita - Settore Intimo - Sanremo,,scraped,2026-08-03T13:38:26.773285,
3bc2d7d675333c7c,https://fr.linkedin.com/jobs/view/stagiaire-en-marketing-et-communication-at-pharmacie-cap3000-4443698798,Stagiaire en marketing et communication,,scraped,2026-08-03T13:38:40.113147,
cdc91250303f1295,https://fr.linkedin.com/jobs/view/agent-de-voyages-f-h-at-carrefour-4437295434,Agent de voyages (F/H),Carrefour,posted,2026-08-03T13:39:01.141104,1613
d86b7923e96b018d,https://mc.linkedin.com/jobs/view/independent-wealth-manager-at-hi-partners-4447505733,Independent Wealth Manager,,scraped,2026-08-03T13:39:03.806181,
101cc48759ab3e59,https://fr.linkedin.com/jobs/view/responsable-du-service-%C2%AB%C2%A0syst%C3%A8mes-d%E2%80%99information%C2%A0%C2%BB-at-universit%C3%A9-c%C3%B4te-d-azur-4447539430,Responsable du Service « Systèmes d’Information »,Université Côte d’Azur,posted,2026-08-03T13:39:20.596950,1615
1404c398f9b38d7e,https://fr.linkedin.com/jobs/view/employ%C3%A9e-libre-service-h-f-at-bricomarch%C3%A9-segr%C3%A9-en-anjou-bleu-4445815897,EMPLOYÉE LIBRE SERVICE (H/F),,scraped,2026-08-03T13:39:25.290111,
42110ec353650ff7,https://mc.linkedin.com/jobs/view/technicien-cordiste-h-f-at-groupe-na-%F0%9F%8C%90-4446058893,Technicien Cordiste H/F,,scraped,2026-08-03T13:39:34.066442,
22f4f3cb7d1e7fec,https://mc.linkedin.com/jobs/view/assistant-assistante-chef-fe-sommelier-%C3%A8re-at-monte-carlo-soci%C3%A9t%C3%A9-des-bains-de-mer-4446777437,Assistant/Assistante Chef(fe) Sommelier(ère),,scraped,2026-08-03T13:39:42.264044,
1dbb30b1cff25b50,https://fr.linkedin.com/jobs/view/charg%C3%A9-de-d%C3%A9veloppement-pilotage-strat%C3%A9gique-h-f-at-cr%C3%A9dit-agricole-provence-c%C3%B4te-d-azur-4443209359,Chargé de Développement Pilotage Stratégique H/F,,scraped,2026-08-03T13:39:53.120260,
75e97a5859383892,https://fr.linkedin.com/jobs/view/chef-d-equipe-systeme-de-securite-incendie-ssi-h-f-at-adi-securite-incendie-4444149987,CHEF D'EQUIPE SYSTEME DE SECURITE INCENDIE (SSI) H/F,,scraped,2026-08-03T13:40:04.857312,
69c9a16dd124a0f6,https://fr.linkedin.com/jobs/view/charg%C3%A9-de-projet-%C3%A9ducateur-h-f-at-la-gazette-des-communes-4445553489,Chargé de projet éducateur H/F,La Gazette des Communes,posted,2026-08-03T13:40:26.072064,1617
db2711474f6c1a2d,https://fr.linkedin.com/jobs/view/comptable-copropri%C3%A9t%C3%A9s-syndic-f-h-at-altarea-solution-financement-4444119092,Comptable Copropriétés/Syndic - F/H,,scraped,2026-08-03T13:40:28.734020,
6957cc1cdf3496ba,https://fr.linkedin.com/jobs/view/charg%C3%A9-e-de-recrutement-et-d-accompagnement-h-f-at-ergos-4444129222,Chargé(e) de recrutement et d'accompagnement H/F,Ergos,posted,2026-08-03T13:41:19.933145,1619
07b76e8db6a670d4,https://fr.linkedin.com/jobs/view/sales-associate-intern-at-frame-4445486396,Sales Associate Intern,FRAME,posted,2026-08-03T13:41:28.897322,1621
6d76ae9875e9e0af,https://fr.linkedin.com/jobs/view/conseiller-%C3%A8re-mutualiste-cannes-h-f-at-la-mutuelle-familiale-4446414023,Conseiller(ère) Mutualiste Cannes H/F,,scraped,2026-08-03T13:41:35.590005,
b0dfb85379bcc223,https://fr.linkedin.com/jobs/view/aide-m%C3%A9nager-%C3%A8re-h-f-sur-golfe-juan-at-groupe-proseniors-4447520368,Aide ménager(ère) H/F sur Golfe-Juan,,scraped,2026-08-03T13:41:42.977323,
d21894fa8d55e974,https://fr.linkedin.com/jobs/view/%C3%A9ducateur-sportif-h-f-at-urbansoccer-4446200491,Éducateur sportif - H/F,,scraped,2026-08-03T13:41:51.964521,
b444581e6f8c9f4d,https://fr.linkedin.com/jobs/view/manager-expertise-comptable-h-f-at-%C5%8Ddas-conseil-4446156025,Manager expertise comptable (H/F),ŌDAS CONSEIL,posted,2026-08-03T13:42:01.588651,177
2576ec5792ab748a,https://fr.linkedin.com/jobs/view/directeur-des-ressources-humaines-ind%C3%A9pendant-at-%F0%9F%9F%A1-groupeactive-4447532374,DIRECTEUR DES RESSOURCES HUMAINES INDÉPENDANT,,scraped,2026-08-03T13:42:06.260683,
b63c4708a0468753,https://fr.linkedin.com/jobs/view/conseiller-de-vente-h-f-18h-at-jacadi-4447073142,Conseiller de vente h/f (18H),Jacadi,posted,2026-08-03T13:42:22.625260,1623
d4e7dfe7073cfe20,https://fr.linkedin.com/jobs/view/assistant-ressources-humaines-en-alternance-f-h-at-walter-learning-4448123280,Assistant Ressources Humaines en alternance F/H,,scraped,2026-08-03T13:42:25.285449,
3084f280b75b4aa8,https://fr.linkedin.com/jobs/view/aide-m%C3%A9nager-%C3%A8re-h-f-sur-biot-at-groupe-proseniors-4447517404,Aide ménager(ère) H/F sur Biot,,scraped,2026-08-03T13:42:31.993867,
aa56ffcb9f4a7fdc,https://fr.linkedin.com/jobs/view/agent-d-accueil-piscine-h-f-at-groupe-protector-4447694246,Agent d'accueil piscine (H/F),GROUPE PROTECTOR,posted,2026-08-03T13:42:47.445783,1625
8ebf39280141f099,https://fr.linkedin.com/jobs/view/assistant-e-commercial-e-et-facturation-douane-at-asd-group-4446595168,Assistant(e) commercial(e) et facturation douane,,scraped,2026-08-03T13:42:50.105104,
0427c6f1ceaf8dd8,https://fr.linkedin.com/jobs/view/magasinier-h-f-at-bymycar-4448191233,MAGASINIER H/F,,scraped,2026-08-03T13:43:03.739423,
3a6f45a26a92ff82,https://fr.linkedin.com/jobs/view/chef-cheffe-de-projet-ing%C3%A9nierie-nice-at-consultys-4420736454,Chef/cheffe de projet ingénierie - Nice,,scraped,2026-08-03T13:43:10.260932,
f60eb51277d41fb1,https://mc.linkedin.com/jobs/view/ing%C3%A9nieur-e-ia-h-f-at-monaco-digital-4448159049,Ingénieur(e) IA H/F,,scraped,2026-08-03T13:43:17.666251,
18ceb3e538f4a307,https://fr.linkedin.com/jobs/view/vendeur-magasin-24-heures-nice-at-new-balance-4446568651,Vendeur Magasin (24 heures) - Nice,New Balance,posted,2026-08-03T13:43:35.394288,1627
38f1887a546045b5,https://fr.linkedin.com/jobs/view/stagiaire-en-marketing-et-communication-at-nice-pam-hotel-pamela%E2%80%99s-4446063273,Stagiaire en marketing et communication,,scraped,2026-08-03T13:43:37.975363,
8f52c661cc14b1b6,https://fr.linkedin.com/jobs/view/technicien-chimiste-sp%C3%A9cialiste-gal%C3%A9nique-formulation-f-h-at-manpower-france-4443699122,Technicien chimiste spécialiste galénique / formulation  (F/H),Manpower France,posted,2026-08-03T13:43:54.866799,1629
0fe546d3f79434e5,https://fr.linkedin.com/jobs/view/p%C3%A9diatre-h-f-at-wink-4445167221,Pédiatre H/F,,scraped,2026-08-03T13:43:57.604521,
707f2b25927b6de0,https://fr.linkedin.com/jobs/view/assistant-de-vie-aux-familles-en-alternance-h-f-at-walter-learning-4448118947,Assistant de vie aux familles en Alternance H/F,,scraped,2026-08-03T13:44:06.297601,
41533e43017c53aa,https://fr.linkedin.com/jobs/view/conseiller-vente-immobilier-h-f-mougins-at-guy-hoquet-argenteuil-4444108083,Conseiller vente immobilier (H/F) Mougins,,scraped,2026-08-03T13:44:13.306596,
26a4782aee8d9807,https://fr.linkedin.com/jobs/view/notaire-assistant-4446575116,Notaire assistant,SARL Maitre Laurence DORNE et Berengère DE CASTELLANE,posted,2026-08-03T13:44:25.457427,1631
0b9bd545f6347bcd,https://fr.linkedin.com/jobs/view/vendeur-sport-running-f-h-at-magnitude-4447080655,Vendeur Sport Running F/H,,scraped,2026-08-03T13:44:30.130599,
eae72bea0d54c928,https://fr.linkedin.com/jobs/view/aide-soignant-e-cdi-m%C3%A9decine-%E2%80%94-h-f-at-univi-4445056971,Aide-soignant(e) CDI médecine — H/F,,scraped,2026-08-03T13:44:39.546777,
0bd30a5b03745164,https://fr.linkedin.com/jobs/view/agent-de-s%C3%A9curit%C3%A9-ads-ssiap-1-at-octogone-s%C3%A9curit%C3%A9-pr%C3%A9vention-4446547956,Agent de sécurité ADS SSIAP 1,,scraped,2026-08-03T13:44:47.860302,
91da72058f7d37e7,https://fr.linkedin.com/jobs/view/responsable-approvisionnement-planning-h-f-at-vishay-intertechnology-inc-4447013175,Responsable Approvisionnement Planning H/F,"Vishay Intertechnology, Inc.",posted,2026-08-03T13:45:07.230146,1633
5f9f78d8d64d8e44,https://fr.linkedin.com/jobs/view/employ%C3%A9-de-rayon-produits-frais-boulangerie-p%C3%A2tisserie-f-h-at-carrefour-4443602500,Employé de rayon produits frais boulangerie - pâtisserie (F/H),Carrefour,posted,2026-08-03T13:45:19.122394,1635
c4f1f569529f7c2c,https://fr.linkedin.com/jobs/view/aide-soignant-e-cdi-usld-%E2%80%94-h-f-at-h%C3%B4pital-priv%C3%A9-les-sources-nice-4446922968,Aide soignant(e) CDI USLD — H/F,,scraped,2026-08-03T13:45:27.731668,
c9354a06a5afddbf,https://fr.linkedin.com/jobs/view/conseiller-de-vente-h-f-at-jeff-de-bruges-4445040084,Conseiller de Vente (H/F),,scraped,2026-08-03T13:45:35.617808,
4847e117c6d39d7a,https://fr.linkedin.com/jobs/view/conseiller-vente-immobilier-h-f-mougins-at-guy-hoquet-l-immobilier-4443255147,Conseiller vente immobilier (H/F) Mougins,,scraped,2026-08-03T13:45:44.914780,
31c6dca5e67e2659,https://fr.linkedin.com/jobs/view/d%C3%A9veloppeur-c%2B%2B-h-f-at-reel-it-groupe-4446827127,Développeur C++ (H/F),,scraped,2026-08-03T13:45:58.176469,
b4bcb82ce704603f,https://fr.linkedin.com/jobs/view/assistant-de-vie-h-f-at-home-services-4448149644,ASSISTANT DE VIE (H/F),,scraped,2026-08-03T13:46:09.577743,
c15ad56d44225e79,https://fr.linkedin.com/jobs/view/architecte-satellite-at-thales-4430981791,Architecte satellite,,scraped,2026-08-03T13:46:19.041291,
bbd9fc36e8bb6ee7,https://fr.linkedin.com/jobs/view/business-developer-m%C3%A9dical-at-ab-medica-sas-4447509617,Business developer médical,ab medica sas,posted,2026-08-03T13:47:00.432181,1637
9a7335cf76c88ee5,https://fr.linkedin.com/jobs/view/assistant-chef-sushiman-at-hotel-du-cap-eden-roc-4445714210,Assistant Chef Sushiman,Hotel du Cap-Eden-Roc,posted,2026-08-03T13:47:12.954767,1639
78a4f176f2963eb4,https://fr.linkedin.com/jobs/view/r%C3%A9dacteur-en-chef-adjoint-f-h-at-france-televisions-svod-4447284727,Rédacteur en chef  adjoint (F-H),FRANCE TELEVISIONS SVOD,posted,2026-08-03T13:47:28.501857,1641
b92bb4c0a773832c,https://fr.linkedin.com/jobs/view/educateur-trice-montessori-6-12-ans-anglophone-h-f-at-azur-montessori-4447821752,Educateur(trice) Montessori 6-12 ans anglophone (H/F),AZUR MONTESSORI,posted,2026-08-03T13:47:37.197331,1643
0966070e49ca564e,https://fr.linkedin.com/jobs/view/gestionnaire-de-comptes-fournisseurs-prokodis-h-f-at-kone-4446581850,Gestionnaire de Comptes Fournisseurs - PROKODIS H/F,,scraped,2026-08-03T13:47:44.214601,
ce3c28ff3b428a39,https://fr.linkedin.com/jobs/view/job-temps-partiel-m%C3%A9canicien-automobile-h-f-at-feu-vert-france-4447669445,Job Temps partiel - Mécanicien Automobile H/F,,scraped,2026-08-03T13:47:57.463229,
4c04bba8e832c6b5,https://fr.linkedin.com/jobs/view/aide-soignant-e-cdi-m%C3%A9decine-%E2%80%94-h-f-at-h%C3%B4pital-priv%C3%A9-les-sources-nice-4446925398,Aide-soignant(e) CDI médecine — H/F,,scraped,2026-08-03T13:48:04.312975,
046752a6b9bcb5de,https://fr.linkedin.com/jobs/view/r%C3%A9dacteur-en-chef-adjoint-f-h-at-france-t%C3%A9l%C3%A9visions-4444143659,Rédacteur en chef adjoint (F-H),,scraped,2026-08-03T13:48:17.826934,
6872eb1fa2d335f2,https://fr.linkedin.com/jobs/view/charg%C3%A9-de-produits-informatique-f-h-air-france-klm-at-aerocontact-4446705723,Chargé de Produits Informatique F/H - Air France KLM,,scraped,2026-08-03T13:48:25.437690,
9726cebf3e8e14af,https://fr.linkedin.com/jobs/view/diagnostiqueur-immobilier-f-h-x-at-bureau-veritas-4445932964,Diagnostiqueur Immobilier (F-H-X),,scraped,2026-08-03T13:48:32.195011,
07d74e8b067ff2df,https://mc.linkedin.com/jobs/view/treasury-credit-management-analyst-at-besins-healthcare-4446352258,Treasury Credit Management Analyst,Besins Healthcare,posted,2026-08-03T13:48:59.792221,1645
4a73ce4e68e5e793,https://fr.linkedin.com/jobs/view/m%C3%A9canicien-automobile-h-f-at-feu-vert-france-4447918343,Mécanicien Automobile H/F,,scraped,2026-08-03T13:49:02.523348,
f86477f8df60b67a,https://fr.linkedin.com/jobs/view/stage-conseiller-de-vente-h-f-mode-mai-2026-nice-cannes-at-chanel-4329498447,STAGE - Conseiller de Vente H/F (Mode) - Mai 2026 (Nice/Cannes),CHANEL,posted,2026-08-03T13:49:19.619247,1647
44e8eb2561f9ca05,https://fr.linkedin.com/jobs/view/head-of-global-estimation-at-nlighten-4445026095,Head of Global Estimation,,scraped,2026-08-03T13:49:24.312730,
f8f3f62ebf8e08be,https://fr.linkedin.com/jobs/view/stage-long-assistant-boutique-cannes-septembre-2026-at-cartier-4417861065,"STAGE LONG - Assistant Boutique - Cannes, Septembre 2026",Cartier,posted,2026-08-03T13:49:43.635415,1649
a68d993fe4324c25,https://fr.linkedin.com/jobs/view/ing%C3%A9nieur-back-end-java-h-f-at-proelan-sophia-antipolis-4444525815,Ingénieur Back End Java H/F,,scraped,2026-08-03T13:49:48.462918,
dce239647bb2f226,https://fr.linkedin.com/jobs/view/runner-h-f-anantara-plaza-nice-cdd-saisonnier-at-minor-hotels-europe-and-americas-4447020138,Runner H/F - Anantara Plaza Nice - CDD Saisonnier,,scraped,2026-08-03T13:50:01.778420,
dfd220e24935673c,https://fr.linkedin.com/jobs/view/stage-de-vente-conventionn%C3%A9-nice-at-dr-martens-plc-4447420897,Stage de Vente Conventionné - Nice,,scraped,2026-08-03T13:50:11.040994,
0c489ae06d2fde1a,https://fr.linkedin.com/jobs/view/devops-syst%C3%A8me-nice-france-h-f-at-astek-4309581006,"DevOps système  - Nice, France  (H/F)",,scraped,2026-08-03T13:50:17.980932,
242df4e0ab8b030c,https://fr.linkedin.com/jobs/view/stage-march%C3%A9-des-particuliers-at-societe-generale-4417245397,Stage Marché des Particuliers,,scraped,2026-08-03T13:50:33.867006,
da79de065ed26d73,https://fr.linkedin.com/jobs/view/stage-march%C3%A9-des-professionnels-at-societe-generale-4417250237,Stage Marché des professionnels,,scraped,2026-08-03T13:50:40.708281,
37ec87f7246f15ee,https://fr.linkedin.com/jobs/view/chef-de-projet-installation-modernisation-ascenseur-h-f-at-kone-4430968363,Chef de Projet Installation / Modernisation Ascenseur H/F,,scraped,2026-08-03T13:50:47.555994,
2addf77aee9b1d90,https://fr.linkedin.com/jobs/view/technicien-de-maintenance-h-f-at-korian-4446345975,Technicien de maintenance H/F,Korian France,posted,2026-08-03T13:51:06.023733,1651
4144bf62de22a943,https://fr.linkedin.com/jobs/view/conseiller-commercial-agence-h-f-at-groupama-m%C3%A9diterran%C3%A9e-4418821926,Conseiller Commercial Agence H/F,,scraped,2026-08-03T13:51:08.723720,
0e6510c367a88809,https://fr.linkedin.com/jobs/view/stage-assistant-e-de-vente-%C3%A9t%C3%A9-2023-at-chanel-4399149603,STAGE - Assistant(e) de vente été 2023,CHANEL,posted,2026-08-03T13:51:25.432658,1653
68cfe863ea17b6bd,https://fr.linkedin.com/jobs/view/conseiller-relation-client-f-h-at-izi-solutions-durables-4445996099,Conseiller Relation Client F/H,,scraped,2026-08-03T13:51:28.127134,
d72e31f66debea84,https://fr.linkedin.com/jobs/view/alternance-secr%C3%A9taire-m%C3%A9dical-m%C3%A9dicale-h-f-at-thales-4446834063,Alternance - Secrétaire médical / médicale - H/F,,scraped,2026-08-03T13:51:36.738496,
b199c53c7a94c629,https://fr.linkedin.com/jobs/view/vendeur-concepteur-en-am%C3%A9nagement-int%C3%A9rieur-f-h-at-mobalpa-4446788498,Vendeur-Concepteur en aménagement intérieur F/H,,scraped,2026-08-03T13:51:44.045986,
e614b010e2e13e04,https://fr.linkedin.com/jobs/view/d%C3%A9veloppeur-java-angular-h-f-at-matawan-services-4447285707,Développeur Java Angular H/F,,scraped,2026-08-03T13:51:50.656170,
44af7dfc50d9fc95,https://fr.linkedin.com/jobs/view/aide-soignant-de-nuit-h-f-at-korian-4446595054,Aide-soignant de nuit H/F,Korian France,posted,2026-08-03T13:52:08.854159,1655
d7055133473cb70e,https://fr.linkedin.com/jobs/view/d%C3%A9monstrateur-m-f-d-tommy-hilfiger-calvin-klein-galeries-lafayette-nice-cap-3000-cdd-35h-at-pvh-corp-4400555139,Démonstrateur (m/f/d*) - Tommy Hilfiger & Calvin Klein - Galeries Lafayette Nice Cap 3000 - CDD 35h,PVH Corp.,posted,2026-08-03T13:52:18.219439,1657
f4ea9bc19d393024,https://fr.linkedin.com/jobs/view/auxiliaire-de-vie-h-f-at-destia-4447019149,Auxiliaire de vie (H/F),,scraped,2026-08-03T13:52:20.898301,
69ff1c9297960d55,https://fr.linkedin.com/jobs/view/technicien-de-mise-en-service-en-ssi-h-f-%E2%80%93-c%C3%B4te-d-azur-at-p%C3%B4le-industrie-r%C3%A9seau-def-4447000879,Technicien de mise en service en SSI (H/F) – Côte d'Azur,,scraped,2026-08-03T13:52:28.673815,
f6604998c5a67669,https://fr.linkedin.com/jobs/view/conseiller-%C3%A8re-de-vente-m-f-d-tommy-hilfiger-nice-stage-2-mois-at-tommy-hilfiger-4419190433,Conseiller.ère de vente (m/f/d*) - Tommy Hilfiger - Nice - Stage 2 mois,Tommy Hilfiger,posted,2026-08-03T13:52:45.592698,1659
b149eeabd4c9550f,https://fr.linkedin.com/jobs/view/auxiliaire-de-vie-h-f-at-destia-4447001940,Auxiliaire de vie (H/F),,scraped,2026-08-03T13:52:48.283568,
7e52aca630c98bd8,https://fr.linkedin.com/jobs/view/charg%C3%A9-e-d-assurance-de-st%C3%A9rilit%C3%A9-nice-at-vulcain-engineering-group-4437030483,Chargé(e) d'assurance de stérilité - Nice,Vulcain Engineering Group,posted,2026-08-03T13:53:03.931827,1661
b09dba4fb4e30aa1,https://fr.linkedin.com/jobs/view/technicien-frigoriste-cdi-r%C3%A9gion-paca-h-f-at-epta-group-4448185936,Technicien Frigoriste CDI région PACA H/F,,scraped,2026-08-03T13:53:06.682822,
137895e079894449,https://fr.linkedin.com/jobs/view/assistant-confirm%C3%A9-expertise-conseil-nice-h-f-at-grant-thornton-france-4446322275,Assistant confirmé - Expertise Conseil - Nice (H/F),,scraped,2026-08-03T13:53:17.583756,
995d001bdbdd30ac,https://fr.linkedin.com/jobs/view/chef-de-mission-expertise-comptable-f-h-at-rydge-conseil-4439345146,Chef de mission Expertise Comptable F/H,RYDGE Conseil,posted,2026-08-03T13:53:30.367011,1663
5f2dac42cfee0245,https://mc.linkedin.com/jobs/view/employ%C3%A9-de-maison-monaco-at-madameestservie-net-recrutement-de-personnel-de-maison-de-luxe-4448993001,Employé de maison Monaco,,scraped,2026-08-05T11:29:56.455741,
53752f2d171bcf07,https://mc.linkedin.com/jobs/view/gestionnaire-paie-et-ressources-humaines-at-bettina-4448504416,Gestionnaire Paie et Ressources Humaines,Bettina,posted,2026-08-05T11:30:25.057998,1665
9b21bb1a34a81d7d,https://mc.linkedin.com/jobs/view/administrateur-d%E2%80%99usine-logiciel-h-f-cdi-monaco-at-inforca-4448558873,Administrateur d’Usine Logiciel H/F - CDI - Monaco,,scraped,2026-08-05T11:30:29.662546,
c9c4dab159d006bf,https://mc.linkedin.com/jobs/view/auditeur-financier-d%C3%A9butant-cdi-monaco-h-f-at-pwc-4445502653,Auditeur financier débutant CDI | Monaco | H/F,PwC,posted,2026-08-05T11:30:48.539723,1667
982357985ac3a2e2,https://it.linkedin.com/jobs/view/programma-campus-ottici-alla-prima-esperienza-sanremo-at-salmoiraghi-vigan%C3%B2-4446782085,PROGRAMMA CAMPUS - ottici alla prima esperienza Sanremo,Salmoiraghi & Viganò,posted,2026-08-05T11:31:02.580144,1669
f7bc8fa5a6bc2fae,https://fr.linkedin.com/jobs/view/guest-relation-h-f-at-barri%C3%A8re-4444147248,Guest relation (H/F),,scraped,2026-08-05T11:31:05.318729,
08ece6e115abe3e3,https://fr.linkedin.com/jobs/view/about-the-research-centre-or-inria-department-at-paca-dev-4449433973,About the research centre or Inria department,,scraped,2026-08-05T11:31:12.788530,
cbcade41d7944a36,https://fr.linkedin.com/jobs/view/responsable-habitat-cdi-nice-f-h-at-1001-vies-habitat-4446734771,Responsable Habitat - CDI - Nice F/H,,scraped,2026-08-05T11:31:22.874771,
fdf7f16dc58d96cf,https://fr.linkedin.com/jobs/view/responsable-exploitation-pistes-a%C3%A9ronautiques-h-f-at-a%C3%A9roports-de-la-c%C3%B4te-d-azur-4448832448,Responsable Exploitation Pistes Aéronautiques H/F,,scraped,2026-08-05T11:31:29.842725,
d6226de75081e728,https://fr.linkedin.com/jobs/view/nice-at-admissia-4447315070,Nice,Admissia,posted,2026-08-05T11:31:43.780635,1671
569e3ae3acf975e9,https://fr.linkedin.com/jobs/view/plagiste-h-f-cdd-saison-estivale-at-le-domaine-du-mas-de-pierre-4446812830,Plagiste H/F - CDD saison estivale,,scraped,2026-08-05T11:31:46.449917,
28c38f4f81ef4360,https://fr.linkedin.com/jobs/view/manutentionnaire-de-nuit-extra-h-f-at-the-maybourne-riviera-4446835387,Manutentionnaire de Nuit - EXTRA - H/F,,scraped,2026-08-05T11:31:53.267249,
133923642f3f9697,https://fr.linkedin.com/jobs/view/responsable-centre-d-appels-et-applications-techniques-h-f-at-a%C3%A9roports-de-la-c%C3%B4te-d-azur-4448834082,Responsable Centre d'Appels et Applications Techniques H/F,,scraped,2026-08-05T11:32:00.189062,
9a274bcad7b5f0e1,https://fr.linkedin.com/jobs/view/conseiller-de-vente-f-h-x-cdi-emporio-armani-nice-at-giorgio-armani-4448835720,CONSEILLER DE VENTE (F/H/X) - CDI - EMPORIO ARMANI / NICE,,scraped,2026-08-05T11:32:07.939098,
568f9533b053d28d,https://fr.linkedin.com/jobs/view/majordome-h-f-cdd-septembre-at-le-domaine-du-mas-de-pierre-4446833087,Majordome (H/F) - CDD Septembre,,scraped,2026-08-05T11:32:14.389374,
66a144adac364323,https://fr.linkedin.com/jobs/view/coach-%C3%A9ducatif-sans-exp%C3%A9rience-travail-flexible-at-tus-media-4444110870,Coach Éducatif Sans Expérience - Travail Flexible,,scraped,2026-08-05T11:32:22.994172,
1356f41344ca5bd3,https://fr.linkedin.com/jobs/view/product-design-at-briveo-4447323192,Product - Design,,scraped,2026-08-05T11:32:34.616793,
4d3c1c4dd2d54992,https://mc.linkedin.com/jobs/view/senior-hydrodynamics-engineer-at-sbm-offshore-4430558368,Senior Hydrodynamics Engineer,,scraped,2026-08-05T11:32:51.367904,
73986d7ce1a36475,https://fr.linkedin.com/jobs/view/assistant-administratif-fichier-h-f-at-bricomarch%C3%A9-segr%C3%A9-en-anjou-bleu-4448932912,ASSISTANT ADMINISTRATIF (FICHIER) (H/F),,scraped,2026-08-05T11:33:08.514712,
9f173c605afdb29e,https://fr.linkedin.com/jobs/view/draughtsperson-at-evac-germany-gmbh-4447356609,Draughtsperson,,scraped,2026-08-05T11:33:15.118778,
505d62b7b093a631,https://fr.linkedin.com/jobs/view/croupier-h-f-at-barri%C3%A8re-4446655653,Croupier H/F,,scraped,2026-08-05T11:33:21.663800,
ae27978550b15af9,https://fr.linkedin.com/jobs/view/infographiste-h-f-cannes-at-ciffr%C3%A9o-bona-4448571657,Infographiste H/F Cannes,,scraped,2026-08-05T11:33:30.946434,
c4155ccd501f11d5,https://fr.linkedin.com/jobs/view/revenue-manager-at-mmv-4447300695,Revenue Manager,,scraped,2026-08-05T11:33:38.092988,
83a7792b40b20359,https://fr.linkedin.com/jobs/view/vendeur-polyvalent-h-f-at-bio-c-%E2%80%8B-bon-4446969131,Vendeur polyvalent (H/F),Bio c' Bon & So.bio,posted,2026-08-05T11:33:53.040032,1673
be321087bea74319,https://fr.linkedin.com/jobs/view/garde-d-enfants-%C3%A0-domicile-bilingue-anglais-h-f-at-family-sphere-4445526285,Garde d'enfants à domicile bilingue anglais (H/F),Family Sphere,posted,2026-08-05T11:34:05.473454,1675
0372652b86755957,https://fr.linkedin.com/jobs/view/assistant-commercial-at-deplanche-immobilier-4447575352,Assistant commercial,DEPLANCHE IMMOBILIER,posted,2026-08-05T11:34:15.415956,1062
c2a07c670937e135,https://fr.linkedin.com/jobs/view/commercial-terrain-b2b-h-f-itin%C3%A9rant-06-at-plus-que-pro-4445039273,Commercial Terrain B2B (H/F) -  Itinérant 06,,scraped,2026-08-05T11:34:18.105080,
091c2e0cd267c2b1,https://fr.linkedin.com/jobs/view/commis-de-cuisine-restaurant-gastronomique-h-f-at-h%C3%B4tel-le-negresco-4448384835,Commis de cuisine restaurant gastronomique (H/F),Hôtel Le Negresco,posted,2026-08-05T11:34:41.223365,1677
1fecc9f092d2051b,https://fr.linkedin.com/jobs/view/employ%C3%A9-libre-service-f-h-at-areas-france-4448236916,Employé libre-service F/H,,scraped,2026-08-05T11:34:43.843445,
81a340758b939eb9,https://fr.linkedin.com/jobs/view/charge-de-relations-entreprises-f-h-at-r%C3%A9seau-comp%C3%A9tences-et-d%C3%A9veloppement-4445519441,CHARGE DE RELATIONS ENTREPRISES F/H,,scraped,2026-08-05T11:34:53.911107,
d24e36b9864ad20f,https://fr.linkedin.com/jobs/view/employ%C3%A9-de-production-laboratoire-alimentaire-f-h-at-areas-france-4448242828,Employé de production laboratoire alimentaire F/H,,scraped,2026-08-05T11:35:03.221885,
1a2c2c697e9ad8e3,https://mc.linkedin.com/jobs/view/juriste-s%C3%A9nior-en-droit-des-affaires-h-f-at-masalex-conseil-4448850765,Juriste sénior en droit des affaires h/f,,scraped,2026-08-05T11:35:11.325514,
19f9644906ac0874,https://fr.linkedin.com/jobs/view/garde-d-enfants-babysitting-h-f-at-yoopala-4446099066,"Garde d'enfants, Babysitting (H/F)",,scraped,2026-08-05T11:35:17.639446,
86c51096b8c72dca,https://fr.linkedin.com/jobs/view/business-manager-it-ing%C3%A9nieur-d-affaires-h-f-at-new-slot-recrutement-4446766722,Business Manager IT / Ingénieur d'Affaires - H/F,New-slot Recrutement,posted,2026-08-05T11:35:32.689371,1679
59c1faff45e0ef3d,https://fr.linkedin.com/jobs/view/garde-d-enfants-babysitting-h-f-at-yoopala-4447661480,"Garde d'enfants, Babysitting (H/F)",,scraped,2026-08-05T11:35:35.296593,
8a8e34fb0fe505c3,https://fr.linkedin.com/jobs/view/directeur-supply-chain-h-f-at-olyos-group-4447142608,Directeur Supply Chain H/F,,scraped,2026-08-05T11:35:42.248658,
8289692be987f9c8,https://fr.linkedin.com/jobs/view/serveur-serveuse-polyvalent-e-bar-h-f-at-alloliban-cagnes-sur-mer-4448677859,Serveur/Serveuse Polyvalent(e) Bar (H/F),,scraped,2026-08-05T11:35:55.648123,
cd3a5dfffcaf1970,https://fr.linkedin.com/jobs/view/responsable-marketing-ingr%C3%A9dients-junior-at-mane-4448511699,Responsable Marketing Ingrédients Junior,,scraped,2026-08-05T11:36:02.146003,
f842242496ae03be,https://fr.linkedin.com/jobs/view/p%C3%A9pini%C3%A8re-gestionnaire-locatif-f-h-at-emeria-technologies-4448951599,Pépinière Gestionnaire Locatif F/H,,scraped,2026-08-05T11:36:09.128003,
1f376e33a707ba73,https://fr.linkedin.com/jobs/view/directeur-directrice-des-ressources-humaines-drh-at-bras-droit-des-dirigeants-4446870679,DIRECTEUR / DIRECTRICE DES RESSOURCES HUMAINES (DRH),,scraped,2026-08-05T11:36:18.145461,
3c45cec186c5fc69,https://fr.linkedin.com/jobs/view/agent-de-desinfection-at-univers-sante-4447880558,Agent de desinfection,,scraped,2026-08-05T11:36:24.852107,
1d7a71090e117c9c,https://fr.linkedin.com/jobs/view/ing%C3%A9nieur-software-syst%C3%A8me-embarqu%C3%A9-at-step-up-4447053121,Ingénieur Software / Système Embarqué,,scraped,2026-08-05T11:36:38.549550,
4452e36ae521af31,https://fr.linkedin.com/jobs/view/mod%C3%A8le-intermarch%C3%A9-manager-de-rayon-h-f-at-bricomarch%C3%A9-segr%C3%A9-en-anjou-bleu-4448937721,MODÈLE INTERMARCHÉ - MANAGER DE RAYON (H/F),,scraped,2026-08-05T11:36:47.767639,
f1591c9b3bd37da8,https://fr.linkedin.com/jobs/view/r%C3%A9gulateur-secteur-d-activit%C3%A9-h-f-at-chronopost-4448511407,Régulateur Secteur d'Activité (H/F),,scraped,2026-08-05T11:36:54.456490,
f673eac14e6d7cd1,https://fr.linkedin.com/jobs/view/technicien-contr%C3%B4le-qualit%C3%A9-at-romessence-parfum-4448813765,Technicien contrôle qualité,,scraped,2026-08-05T11:37:01.350069,
059478b356dad797,https://fr.linkedin.com/jobs/view/op%C3%A9rateur-de-production-h-f-at-elis-pest-control-limoges-4449034132,Opérateur de production H/F,,scraped,2026-08-05T11:37:08.363458,
c245fb8662a07159,https://fr.linkedin.com/jobs/view/%F0%9F%94%B5-blue-physio-recrute-un-e-physioth%C3%A9rapeute-80%E2%80%93100%25-at-physioswiss-4449100358,🔵 Blue Physio recrute un(e) Physiothérapeute (80–100%),,scraped,2026-08-05T11:37:17.352260,
7f1023696aa8cd65,https://fr.linkedin.com/jobs/view/plongeur-h-f-at-campanile-4443938143,Plongeur - H/F,Campanile,posted,2026-08-05T11:37:38.540120,1681
f0383ed4336aaf05,https://fr.linkedin.com/jobs/view/r%C3%A9ceptionniste-h%C3%B4tellerie-at-resideal-4445851783,Réceptionniste hôtellerie,RESIDEAL,posted,2026-08-05T11:37:46.959464,1683
f8c8eba69b6f6f53,https://fr.linkedin.com/jobs/view/electrom%C3%A9cancien-technicien-f-h-at-veolia-4446829220,Electromécancien/technicien F/H,,scraped,2026-08-05T11:37:49.613362,
a6cbcc611f1b2907,https://fr.linkedin.com/jobs/view/responsable-systemes-automatises-h-f-at-herv%C3%A9-thermique-4448948411,RESPONSABLE SYSTEMES AUTOMATISES (H/F),,scraped,2026-08-05T11:37:56.805377,
2acc377bdb6067fb,https://fr.linkedin.com/jobs/view/barmaid-barman-%E2%80%93-flair-bartender-h-f-at-alloliban-cagnes-sur-mer-4448690026,Barmaid / Barman – Flair Bartender (H/F),,scraped,2026-08-05T11:38:03.976043,
a46c406440c9304a,https://fr.linkedin.com/jobs/view/intermarch%C3%A9-recrute-ses-futurs-apprentis-bouchers-h-f-at-bricomarch%C3%A9-segr%C3%A9-en-anjou-bleu-4448948698,INTERMARCHÉ RECRUTE SES FUTURS APPRENTIS BOUCHERS H/F,,scraped,2026-08-05T11:38:12.263566,
1a7163e0e2f39507,https://fr.linkedin.com/jobs/view/emancipation-ou-ali%C3%A9nation-sexuelle-%3F-la-r%C3%A9volution-des-m%C5%93urs-en-d%C3%A9bat-at-sens-public-4449086748,Emancipation ou aliénation sexuelle ? La révolution des mœurs en débat,,scraped,2026-08-05T11:38:20.677713,
08fc997486a0ce68,https://fr.linkedin.com/jobs/view/ing%C3%A9nieur-e-support-mati%C3%A8res-r%C3%A9gion-ni%C3%A7oise-at-consultys-4448376804,Ingénieur(e) Support Matières - Région Niçoise,,scraped,2026-08-05T11:38:29.508178,
ea3e60815dc11b2b,https://fr.linkedin.com/jobs/view/aide-m%C3%A9nager-%C3%A8re-f-h-at-onela-etre-bien-chez-soi-4447980465,Aide-Ménager(ère) F/H,,scraped,2026-08-05T11:38:37.196858,
7c39b09021c028dc,https://fr.linkedin.com/jobs/view/supply-chain-manager-independant-at-%F0%9F%94%B5-prod-active-4447510873,SUPPLY CHAIN MANAGER INDEPENDANT,,scraped,2026-08-05T11:38:46.590822,
473d73ff44d6d8fd,https://fr.linkedin.com/jobs/view/h%C3%B4te-de-caisse-h-f-at-grand-frais-4448955121,HÔTE DE CAISSE - H/F,,scraped,2026-08-05T11:38:54.902322,
9cb88d6a9763b373,https://fr.linkedin.com/jobs/view/assistant-commercial-sedentaire-h-f-at-pomona-4447056841,ASSISTANT COMMERCIAL SEDENTAIRE- H/F,POMONA,posted,2026-08-05T11:39:13.042206,1685
5160a033ec730286,https://fr.linkedin.com/jobs/view/employ%C3%A9-e-de-restauration-at-compass-group-france-4448153597,Employé(e) de Restauration,Compass Group France,posted,2026-08-05T11:39:25.483408,1687
e8d4296c5a4cf74a,https://fr.linkedin.com/jobs/view/conseiller-%C3%A8re-de-vente-en-maquillage-soin-at-p%C3%A9n%C3%A9lope-groupe-4448919211,Conseiller(ère) de vente en maquillage / soin,,scraped,2026-08-05T11:39:28.131891,
3232eb5f149c1568,https://fr.linkedin.com/jobs/view/employ%C3%A9-e-de-restauration-at-compass-group-france-4448155559,Employé(e) de Restauration,Compass Group France,scraped,2026-08-05T11:39:39.411261,
da22bf73d5b556c7,https://fr.linkedin.com/jobs/view/contr%C3%B4leur-de-gestion-f-h-randstad-professional-at-aerocontact-4442979906,CONTRÔLEUR DE GESTION (F/H) - Randstad professional,AEROCONTACT.COM,posted,2026-08-05T11:39:51.174040,1689
d2f8271c9c150d11,https://fr.linkedin.com/jobs/view/technicien-logistique-et-laboratoire-at-shake-your-events-4448839677,Technicien logistique et laboratoire,SHAKE YOUR EVENTS,posted,2026-08-05T11:40:09.178339,1691
efc44115773446e2,https://fr.linkedin.com/jobs/view/diagnostiqueur-euse-immobilier-h-f-at-dekra-france-4448213892,Diagnostiqueur/euse immobilier H/F,,scraped,2026-08-05T11:40:11.872106,
18907b57fdcc3631,https://fr.linkedin.com/jobs/view/conseiller-bancaire-en-ligne-h-f-at-bnp-paribas-4448154860,Conseiller Bancaire en ligne - H/F,BNP Paribas,posted,2026-08-05T11:40:32.057635,1693
f980fa992d7eed2c,https://fr.linkedin.com/jobs/view/aide-soignant-e-cdi-usld-%E2%80%94-h-f-at-univi-4445034060,Aide soignant(e) CDI USLD — H/F,,scraped,2026-08-05T11:40:34.762011,
e3e9d7d198ad4aaf,https://fr.linkedin.com/jobs/view/cdd-5-mois-vendeur-en-animalerie-h-f-at-animalis-4448502033,CDD 5 mois - Vendeur en animalerie H/F,,scraped,2026-08-05T11:40:42.630408,
de24e0998146954d,https://fr.linkedin.com/jobs/view/cdd-technicien-ne-de-maintenance-cvc-sites-difus-f-h-at-dalkia-4443635127,CDD - Technicien(ne) de Maintenance CVC - Sites Difus F/H,,scraped,2026-08-05T11:40:51.455121,
8c34045607c51768,https://fr.linkedin.com/jobs/view/assistant-administratif-urbaniste-h-f-cdd-at-septeo-4448277466,Assistant Administratif Urbaniste H/F - CDD,,scraped,2026-08-05T11:40:58.206203,
e7f7b569902f6369,https://fr.linkedin.com/jobs/view/vendeur-sport-running-f-h-at-magnitude-4447079617,Vendeur Sport Running F/H,,scraped,2026-08-05T11:41:04.881264,
f15ad90be05cbb62,https://fr.linkedin.com/jobs/view/vendeurs-f-h-cdi-25-8h-nice-lingosti%C3%A8re-at-h-m-4449461503,Vendeurs (f/h) - CDI 25/8h - Nice Lingostière,H&M,posted,2026-08-05T11:41:20.890156,1695
430e90db60b755b5,https://fr.linkedin.com/jobs/view/secr%C3%A9taire-m%C3%A9dical-e-en-cdd-h-f-at-zen-academy-4447385587,Secrétaire médical(e) en CDD H/F,,scraped,2026-08-05T11:41:23.486529,
f31173acc4542af1,https://fr.linkedin.com/jobs/view/graphiste-senior-et-ux-at-france-d-or-4447389258,Graphiste Senior et UX,,scraped,2026-08-05T11:41:38.444670,
6881c2f38802f6c4,https://fr.linkedin.com/jobs/view/conseiller-de-vente-p%C3%B4le-h%C3%B4telier-barri%C3%A8re-cannes-saint-barth-at-barri%C3%A8re-4446220421,Conseiller de Vente Pôle hôtelier Barrière Cannes / Saint Barth,,scraped,2026-08-05T11:41:44.926841,
8bdc9436712f84ca,https://it.linkedin.com/jobs/view/sales-assistant-upim-sanremo-at-ovs-s-p-a-4447373766,Sales Assistant UPIM (Sanremo),,scraped,2026-08-05T11:41:53.992340,
986541505966e096,https://fr.linkedin.com/jobs/view/responsable-de-projets-industriels-confirm%C3%A9-h-f-at-mane-4448293280,Responsable de projets industriels confirmé H/F,,scraped,2026-08-05T11:42:04.746579,
76067e542cf6d965,https://fr.linkedin.com/jobs/view/recrutement-d-un-e-professeur-e-de-piano-classique-jazz-limours-91-at-ffea-f%C3%A9d%C3%A9ration-fran%C3%A7aise-de-l-education-et-de-l-enseignement-artistique-4447314433,"Recrutement d'un(e) Professeur(e) de Piano classique & jazz (LIMOURS, 91)",FFEA - Fédération Française de l'Education et de l'Enseignement Artistique,posted,2026-08-05T11:42:18.019174,1697
32684cb79dd42ccb,https://fr.linkedin.com/jobs/view/care-expert-france-%F0%9F%87%AB%F0%9F%87%B7-at-alan-4448160635,Care Expert - France 🇫🇷,,scraped,2026-08-05T11:42:20.611047,
e905948b58692edd,https://fr.linkedin.com/jobs/view/collaborateur-comptable-confirm%C3%A9-h-f-at-%C5%8Ddas-conseil-4449093135,Collaborateur comptable confirmé H/F,ŌDAS CONSEIL,posted,2026-08-05T11:42:39.278590,1699
9afd993a6bc92e5d,https://fr.linkedin.com/jobs/view/product-marketing-director-at-nxp-semiconductors-4431609847,Product Marketing Director,NXP Semiconductors,posted,2026-08-05T11:42:57.769099,1701
d3676dde1513c27a,https://it.linkedin.com/jobs/view/retail-specialist-imperia-at-cosine-italy-4447988895,Retail Specialist | Imperia,,scraped,2026-08-05T11:43:02.404530,
4947995047940630,https://fr.linkedin.com/jobs/view/villa-familiale-5-chambres-piscine-vue-mer-at-acacia-conciergerie-4447691118,"Villa familiale 5 chambres, piscine & vue mer",,scraped,2026-08-05T11:43:11.049540,
f8a3589add3d3fe8,https://fr.linkedin.com/jobs/view/v%C3%A9t%C3%A9rinaire-g%C3%A9n%C3%A9raliste-h-f-at-mon-v%C3%A9to-4448935448,Vétérinaire généraliste H/F,,scraped,2026-08-05T11:43:19.371632,
8e753c0c3dd4faa2,https://fr.linkedin.com/jobs/view/cdd-juin-ao%C3%BBt-conseiller-de-vente-h-f-cannes-at-herm%C3%A8s-4422819815,CDD (juin-août) Conseiller de Vente H/F - Cannes,Hermès,posted,2026-08-05T11:43:50.700590,1703
a73d5c31643ac3ee,https://fr.linkedin.com/jobs/view/conseiller-%C3%A8re-vente-omnicanal-h-f-at-decathlon-france-4446418070,Conseiller-ère Vente Omnicanal (H/F),,scraped,2026-08-05T11:44:01.379543,
6d31a92320ebbd4d,https://fr.linkedin.com/jobs/view/doctorant-phd-thesis-cifre-architectures-de-fusion-multimodale-spatio-temporelle-pour-la-perception-automobile-robuste-appliqu%C3%A9e-aux-cas-d%E2%80%99usage-ncap-et-adas-de-niveau-l2-l2%2B-l2%2B%2B-h-f-at-ampere-software-technology-4447146809,"Doctorant PhD Thesis CIFRE ""Architectures de fusion multimodale spatio-temporelle pour la perception automobile robuste appliquée aux cas d’usage NCAP et ADAS de niveau L2/L2+/L2++"" (H/F)",Ampere Software Technology,posted,2026-08-05T11:44:21.163868,1705
bd3363d6b66bee74,https://fr.linkedin.com/jobs/view/conseiller-de-vente-h-f-nice-at-pandora-4445050191,Conseiller de Vente H/F - Nice,,scraped,2026-08-05T11:44:27.825119,
d193ec41287f2166,https://fr.linkedin.com/jobs/view/senior-engineering-manager-hands-on-at-alan-4444582055,Senior Engineering Manager (Hands-on),,scraped,2026-08-05T11:44:35.066449,
3b62de135a11e021,https://fr.linkedin.com/jobs/view/linger-ling%C3%A8re-polyvalent-e-h-f-at-four-seasons-4440003969,Linger / lingère polyvalent(e) (H/F),Four Seasons,posted,2026-08-05T11:44:51.399143,1707
28f56b9388488e95,https://fr.linkedin.com/jobs/view/pr%C3%A9paratrice-pr%C3%A9parateur-de-commandes-at-monoprix-4447993319,"Préparatrice, préparateur de commandes",,scraped,2026-08-05T11:44:54.122458,
e4ffc8633e42df9a,https://fr.linkedin.com/jobs/view/ing%C3%A9nieur-devops-f-h-at-atos-4379345482,Ingénieur DevOps (F/H),,scraped,2026-08-05T11:45:01.127612,
557156d2da9cb6f8,https://fr.linkedin.com/jobs/view/equipier-de-commerce-et-caisses-f-h-at-auchan-retail-4445050467,Equipier de commerce et caisses F/H,,scraped,2026-08-05T11:45:08.461592,
c9d223c50d5a22e3,https://fr.linkedin.com/jobs/view/conseiller-%C3%A8re-vente-omnicanal-h-f-temps-partiel-at-decathlon-france-4447990661,Conseiller-ère Vente Omnicanal (H/F) - Temps partiel,,scraped,2026-08-05T11:45:15.602354,
dc31300dc17ebc47,https://fr.linkedin.com/jobs/view/store-manager-at-four-corners-fashion-luxury-consumer-markets-4447381313,Store Manager,,scraped,2026-08-05T11:45:24.923094,
57423f607d727e27,https://fr.linkedin.com/jobs/view/conseiller-e-de-vente-cdi-15h-nice-etoile-at-rituals-france-b-corp%E2%84%A2-4440025414,Conseiller(e) de vente - CDI 15h - Nice Etoile,,scraped,2026-08-05T11:45:32.107737,
5bf04c5ee0885b38,https://fr.linkedin.com/jobs/view/senior-software-engineer-fullstack-reactjs-net-at-constencia-4448859627,Senior Software Engineer [FullStack - ReactJS .Net],Constencia,posted,2026-08-05T11:45:46.791016,1709
89f16de62dc45c4a,https://fr.linkedin.com/jobs/view/ing%C3%A9nieur-devops-f-h-at-atos-4379346441,Ingénieur DevOps F/H,,scraped,2026-08-05T11:45:49.562917,
283ca348d640c303,https://fr.linkedin.com/jobs/view/commercial-terrain-%E2%80%93-chasseur-h-f-at-uptoo-4439459142,Commercial Terrain – Chasseur (H/F),,scraped,2026-08-05T11:45:57.008762,
7db50612caf0e5c0,https://fr.linkedin.com/jobs/view/chef-fe-de-rang-at-radisson-hotel-group-4446815441,Chef.fe de Rang,Radisson Hotel Group,posted,2026-08-05T11:46:16.190777,1711
173033c329d70597,https://fr.linkedin.com/jobs/view/charg%C3%A9-e-d-affaires-ind%C3%A9pendant-f-h-at-illico-travaux-4441046555,Chargé(e) d'affaires indépendant F/H,,scraped,2026-08-05T11:46:18.843648,
48d17ce47a9c2f3f,https://fr.linkedin.com/jobs/view/cdi-technicien-de-laboratoire-nuit-ih-d%C3%A9livrance-nice-pasteur-f-h-at-efs-4448302858,CDI Technicien de laboratoire nuit IH Délivrance Nice Pasteur F/H,,scraped,2026-08-05T11:46:25.920029,
85c69eb755cf2e8f,https://fr.linkedin.com/jobs/view/charg%C3%A9-d-affaires-f-h-at-camif-habitat-4431248301,Chargé d'affaires F/H,,scraped,2026-08-05T11:46:32.967190,
48a59fb0db5f7a04,https://fr.linkedin.com/jobs/view/stage-ventes-ev%C3%A8nements-at-the-unbound-collection-by-hyatt-4447569530,Stage : Ventes & Evènements,The Unbound Collection by Hyatt,posted,2026-08-05T11:46:45.797248,1713
73cc5a97adb642b5,https://fr.linkedin.com/jobs/view/manager-qa-supplier-at-vishay-intertechnology-inc-4439349121,Manager QA Supplier,"Vishay Intertechnology, Inc.",posted,2026-08-05T11:46:54.974027,1715
959bd008248e5d28,https://fr.linkedin.com/jobs/view/charg%C3%A9-e-d-assurance-de-st%C3%A9rilit%C3%A9-nice-at-consultys-4446620587,Chargé(e) d'assurance de stérilité - Nice,,scraped,2026-08-05T11:46:57.603304,
debdd63a330d60b0,https://fr.linkedin.com/jobs/view/vendeur-fruits-et-l%C3%A9gumes-mar%C3%A9e-grand-frais-h-f-at-grand-frais-4446649471,Vendeur fruits et légumes/marée Grand frais (H/F),,scraped,2026-08-05T11:47:06.974352,
e66e80255dd98c59,https://fr.linkedin.com/jobs/view/coordinateur-synth%C3%A8se-architecturale-bim-exe-f-h-at-b-hive-engineering-4439798453,Coordinateur Synthèse Architecturale / BIM EXE F/H,,scraped,2026-08-05T11:47:14.363126,
2ced63f5d8007ac2,https://fr.linkedin.com/jobs/view/chef-de-lots-responsable-march%C3%A9-sp%C3%A9cialis%C3%A9-htiv-nice-breil-f-h-at-b-hive-engineering-4439784902,Chef de lots/Responsable Marché spécialisé HTIV - Nice/Breil F/H,,scraped,2026-08-05T11:47:20.805486,
de591bfdc21b18da,https://fr.linkedin.com/jobs/view/formateur-trice-m%C3%A9dico-social-et-sant%C3%A9-at-acad%C3%A9mie-avec-4448870553,Formateur/trice - Médico-social et Santé,Académie Avec,posted,2026-08-05T11:47:37.248741,1717
9415d39e7ea0ab3e,https://fr.linkedin.com/jobs/view/directeur-d-agence-franchis%C3%A9-h-f-at-illico-travaux-4441053246,Directeur d'agence franchisé (H/F),,scraped,2026-08-05T11:47:39.866980,
1dbb68d18a1cf484,https://mc.linkedin.com/jobs/view/it-solutions-quality-team-lead-at-sbm-offshore-4448229665,IT Solutions Quality Team Lead,,scraped,2026-08-05T11:47:46.913201,
b1e89d2c4784c55b,https://fr.linkedin.com/jobs/view/employ%C3%A9e-employ%C3%A9-de-rayon-%C3%A0-service-boulangerie-at-monoprix-4448228623,"Employée, employé de rayon à service boulangerie",,scraped,2026-08-05T11:47:53.946470,
6dae39d1f0469ef6,https://fr.linkedin.com/jobs/view/administrateur-supervision-linux-f-h-at-experis-4445087786,Administrateur supervision Linux (F/H),Experis,posted,2026-08-05T11:48:07.397418,1719
5a4ee3d146f3ed27,https://fr.linkedin.com/jobs/view/alternant-ing%C3%A9nieur-des-ventes-commercial-service-h-f-x-at-kone-4431130689,Alternant Ingénieur des Ventes - Commercial Service (H/F/X),,scraped,2026-08-05T11:48:10.135866,
4fd5871871fbae0d,https://fr.linkedin.com/jobs/view/ing%C3%A9nieur-ou-ing%C3%A9nieure-qa-%E2%80%93-testeur-ou-testeuse-en-automatisation-python-ou-java-at-alithya-4431120592,Ingénieur ou ingénieure QA – testeur ou testeuse en automatisation (Python ou Java),Alithya,posted,2026-08-05T11:48:26.198895,1721
f10e14e57f1b2747,https://fr.linkedin.com/jobs/view/%23levelup-ing%C3%A9nieur-devops-h-f-at-alten-4448285107,#LevelUp - Ingénieur Devops (H/F),ALTEN,posted,2026-08-05T11:48:40.896313,1723
f721c244cbc8cf5b,https://fr.linkedin.com/jobs/view/ing%C3%A9nieur-qa-h-f-at-klanik-4448201973,Ingénieur QA (H/F),,scraped,2026-08-05T11:48:43.677730,
56b58f8e2db13f6c,https://fr.linkedin.com/jobs/view/responsable-r-d-formulation-produits-biologiques-h-f-at-virbac-4448261870,Responsable R&D Formulation Produits Biologiques (H/F),,scraped,2026-08-05T11:48:51.262483,
c2c5f0e301ed9392,https://mc.linkedin.com/jobs/view/house-manager-at-dubai-jobs-in-paper-4450638991,House Manager,,scraped,2026-08-07T04:39:14.228269,
e786a54ebedb68e0,https://mc.linkedin.com/jobs/view/devops-h-f-at-digway-4448463171,DevOps (H/F),,scraped,2026-08-07T04:39:21.404988,
f062810beeac5ed8,https://mc.linkedin.com/jobs/view/tapissier-at-atelier-funfrock-4448487836,Tapissier,,scraped,2026-08-07T04:39:32.773097,
6f984d96a8f10312,https://mc.linkedin.com/jobs/view/employ%C3%A9-de-maison-monaco-at-madameestservie-net-recrutement-de-personnel-de-maison-de-luxe-4449778862,Employé de maison Monaco,,scraped,2026-08-07T04:39:43.775421,
179e463aab916c2c,https://mc.linkedin.com/jobs/view/backend-developer-at-aktg-abercrombie-kent-travel-group-4449924173,Backend Developer,,scraped,2026-08-07T04:39:51.184876,
79272df8405f45c8,https://mc.linkedin.com/jobs/view/process-engineer-at-sbm-offshore-4450001450,Process Engineer,,scraped,2026-08-07T04:40:03.517815,
58937b1d61274835,https://mc.linkedin.com/jobs/view/assistante-e-achats-approvisionnements-logistique-at-laboratoire-serp-sam-4448029775,Assistante(e) Achats/Approvisionnements/Logistique,,scraped,2026-08-07T04:40:10.718894,
5e838cbef7444a6d,https://mc.linkedin.com/jobs/view/technicien-cordiste-h-f-at-groupe-na-%F0%9F%8C%90-4447987282,Technicien Cordiste H/F,,scraped,2026-08-07T04:40:18.172732,
d244d8c2bc0894cb,https://mc.linkedin.com/jobs/view/google-cloud-platform-architect-remote-work-at-bairesdev-4447999053,Google Cloud Platform Architect - Remote Work,BairesDev,posted,2026-08-07T04:40:33.131974,1725
0f02c037b8bc7f33,https://mc.linkedin.com/jobs/view/ing%C3%A9nieur-r%C3%A9seau-junior-h-f-at-infotel-monaco-sam-4446232080,Ingénieur Réseau Junior H/F,,scraped,2026-08-07T04:40:37.738977,
9fda26fb25a11258,https://mc.linkedin.com/jobs/view/technicien-support-h-f-at-monaco-digital-4450258187,Technicien Support H/F,,scraped,2026-08-07T04:40:46.223202,
5fa4f68a7d3a784b,https://mc.linkedin.com/jobs/view/google-cloud-platform-architect-remote-work-at-bairesdev-4447986721,Google Cloud Platform Architect - Remote Work,BairesDev,posted,2026-08-07T04:40:59.776503,1725
7250a297588fe6bd,https://mc.linkedin.com/jobs/view/ing%C3%A9nieur-int%C3%A9gration-devops-%E2%80%93-ci-cd-at-skoto-4445538005,Ingénieur Intégration & DevOps – CI/CD,,scraped,2026-08-07T04:41:04.432764,
5a951bfc5bf71135,https://mc.linkedin.com/jobs/view/senior-quantitative-researcher-mfe-at-maven-securities-4447980076,Senior Quantitative Researcher: MFE,,scraped,2026-08-07T04:41:10.469233,
d999c7c14d8a6f32,https://mc.linkedin.com/jobs/view/yacht-designer-large-yachts-group-at-espen-%C3%B8ino-international-4448086525,YACHT DESIGNER - LARGE YACHTS GROUP,Espen Øino International,posted,2026-08-07T04:41:27.975042,1727
fa36f6613191601b,https://mc.linkedin.com/jobs/view/head-of-treasury-direct-investments-family-office-at-maven-partners-offshore-4449468683,"Head of Treasury & Direct Investments, Family Office",,scraped,2026-08-07T04:41:32.574236,
7e7ef9876b93e212,https://mc.linkedin.com/jobs/view/chef-de-projet-fonctionnel-h-f-at-digway-4448449991,Chef de Projet Fonctionnel (H/F),,scraped,2026-08-07T04:41:40.116846,
09fbdb071e645d7b,https://mc.linkedin.com/jobs/view/conducteur-de-travaux-exp%C3%A9riment%C3%A9-h-f-at-colas-france-4441580894,Conducteur de Travaux expérimenté (H/F),Colas France,posted,2026-08-07T04:41:57.009312,1729
d339b8024c26660d,https://mc.linkedin.com/jobs/view/projeteur-cvc-plomberie-h-f-monaco-at-intuition-4449633512,Projeteur CVC PLOMBERIE H/F - Monaco,INTUITION,posted,2026-08-07T04:42:07.701340,1731
fd8e87eb0345b642,https://mc.linkedin.com/jobs/view/onboard-media-specialist-at-the-ritz-carlton-yacht-collection-4448242657,Onboard Media Specialist,The Ritz-Carlton Yacht Collection,posted,2026-08-07T04:42:16.336468,1733
f1d019b1b5f76316,https://mc.linkedin.com/jobs/view/marketing-intern-at-y-co-4446789771,Marketing Intern,,scraped,2026-08-07T04:42:22.865726,
20ebcb7d720af43c,https://mc.linkedin.com/jobs/view/marketing-internship-4-6-months-at-latina-s-a-m-monaco-4450229154,Marketing Internship 4-6 months,Latina S.A.M - Monaco,posted,2026-08-07T04:42:39.127138,1735
41b90fe7ebab4949,https://mc.linkedin.com/jobs/view/business-performance-monitoring-bi-specialist-at-aktg-abercrombie-kent-travel-group-4449918249,Business Performance Monitoring & BI Specialist,,scraped,2026-08-07T04:42:43.672025,
bd4ee5cb51792372,https://mc.linkedin.com/jobs/view/group-fp-a-manager-at-aktg-abercrombie-kent-travel-group-4449931133,Group FP&A Manager,,scraped,2026-08-07T04:42:50.059439,
bbaa4dd96b180638,https://mc.linkedin.com/jobs/view/testeur-logiciel-h-f-at-monaco-digital-4450243429,Testeur Logiciel  H/F,,scraped,2026-08-07T04:43:00.545925,
d91ffacc746a5049,https://mc.linkedin.com/jobs/view/courtier-en-yacht-at-mysea-yachts-611794749,Courtier en yacht,MYSEA Yachts,posted,2026-08-09T04:04:33.304326,1737
3193ee41cc3b5365,https://mc.linkedin.com/jobs/view/accounts-coordinator-at-fundamental-hospitality-4450315868,Accounts Coordinator,,scraped,2026-08-09T04:04:35.939219,
46f874413a0a82a4,https://mc.linkedin.com/jobs/view/store-administration-specialist-at-brunello-cucinelli-4449359841,Store Administration Specialist,Brunello Cucinelli,posted,2026-08-09T04:04:50.868441,1739
4f2a2e8e9fa3b0b3,https://mc.linkedin.com/jobs/view/f-b-manager-h-f-at-nexus-hr-4443503262,F&B Manager H/F,Nexus HR,posted,2026-08-09T04:05:02.660261,1741
142a3872f11e3dc1,https://mc.linkedin.com/jobs/view/executive-business-analyst-at-sbm-offshore-n-v-4451307098,Executive Business Analyst,SBM Offshore N.V.,posted,2026-08-09T04:05:19.207164,1743
27b6081aa74abd35,https://mc.linkedin.com/jobs/view/senior-private-aviation-charter-broker-at-godwit-travel-4451328011,Senior Private Aviation Charter Broker,Godwit Travel,posted,2026-08-09T04:05:26.516239,1745
70058a29974275be,https://mc.linkedin.com/jobs/view/chef-d-%C3%A9quipe-cordiste-h-f-at-groupe-na-%F0%9F%8C%90-4447989293,Chef d'équipe Cordiste H/F,,scraped,2026-08-09T04:05:31.100310,
5c9f7688803c9daa,https://mc.linkedin.com/jobs/view/ing%C3%A9nieur-r%C3%A9seau-confirm%C3%A9-h-f-at-infotel-monaco-sam-4446210600,Ingénieur Réseau Confirmé H/F,,scraped,2026-08-09T04:05:41.778933,
72332eb81dde5254,https://mc.linkedin.com/jobs/view/senior-private-banker-u-hnw-at-delta-executive-search-4449000270,"Senior Private Banker, U/HNW",,scraped,2026-08-09T04:06:04.002289,
9dfdbbdb035e5875,https://mc.linkedin.com/jobs/view/operations-quality-engineer-at-sbm-offshore-n-v-4451307094,Operations Quality Engineer,SBM Offshore N.V.,posted,2026-08-09T04:06:25.343076,1747
9ba0f07350be2cc8,https://mc.linkedin.com/jobs/view/executive-business-analyst-at-sbm-offshore-4450369688,Executive Business Analyst,,scraped,2026-08-09T04:06:29.955236,
bb3a786c88ccbba0,https://mc.linkedin.com/jobs/view/data-architecture-lead-at-sbm-offshore-4440753387,Data Architecture Lead,,scraped,2026-08-09T04:06:38.923323,
4f3e887723066330,https://mc.linkedin.com/jobs/view/senior-manager-treasury-fp-a-risk-management-at-aktg-abercrombie-kent-travel-group-4449391253,"Senior Manager, Treasury FP&A & Risk Management",,scraped,2026-08-09T04:06:45.666401,
d23c6bfe5728c779,https://mc.linkedin.com/jobs/view/nanny-at-famille-prive-4451836054,Nanny,FAMILLE PRIVE,posted,2026-08-11T04:05:47.994335,1749
26c455a820b78d10,https://mc.linkedin.com/jobs/view/purchasing-coordinator-at-camper-nicholsons-4451549505,Purchasing Coordinator,,scraped,2026-08-11T04:05:52.891828,
302370b9d07879de,https://mc.linkedin.com/jobs/view/nounou-garde-d-enfant-at-famille-prive-4451586965,Nounou - garde d'enfant,FAMILLE PRIVE,posted,2026-08-11T04:06:08.021332,1751
31ff8b4c0d72ece7,https://mc.linkedin.com/jobs/view/electricien-de-maintenance-f-h-at-vinci-energies-4449654209,Electricien de maintenance F/H,,scraped,2026-08-11T04:06:20.633443,
adc4095115d83696,https://mc.linkedin.com/jobs/view/assistant-store-manager-monaco-at-zimmermann-4449783088,Assistant Store Manager - Monaco,,scraped,2026-08-11T04:06:27.927836,
8a0fe3981d17d62d,https://mc.linkedin.com/jobs/view/accountant-at-crystal-cruises-4421141977,Accountant,,scraped,2026-08-11T04:06:34.285739,
13c1c5fe601382ce,https://mc.linkedin.com/jobs/view/chief-product-officer-at-crystal-cruises-4411526640,Chief Product Officer,,scraped,2026-08-11T04:06:52.794611,
f4abaef8b05932e3,https://mc.linkedin.com/jobs/view/consultant-senior-consultante-senior-at-kpmg-gld-et-associ%C3%A9s-monaco-4451133145,Consultant senior/Consultante senior,KPMG GLD et Associés Monaco,posted,2026-08-11T04:07:09.849389,1753
e5652639c9a37f39,https://mc.linkedin.com/jobs/view/ing%C3%A9nieur-syst%C3%A8mes-r%C3%A9seaux-h-f-at-mv-digital-4450306409,Ingénieur Systèmes & Réseaux (H/F),,scraped,2026-08-11T04:07:12.615649,
b6e728c7b0dde795,https://mc.linkedin.com/jobs/view/senior-offshore-construction-manager-h-f-at-parlym-4450049746,Senior Offshore Construction Manager - H/F,,scraped,2026-08-11T04:07:23.199106,
b1bfa9f3f027cb6e,https://mc.linkedin.com/jobs/view/structural-mooring-engineer-at-airswift-4448864626,Structural Mooring Engineer,Airswift,posted,2026-08-11T04:07:37.962205,1755
ae8b486a833f8e90,https://mc.linkedin.com/jobs/view/chef-de-cuisine-h-f-at-la-m%C3%B4me-groupe-4448067495,Chef de Cuisine (H/F),,scraped,2026-08-11T04:07:40.523512,
bdfabf6345b443cb,https://mc.linkedin.com/jobs/view/seasonal-client-advisor-h-f-monaco-1-at-dolce-gabbana-4356630570,Seasonal Client Advisor H/F - Monaco 1,,scraped,2026-08-11T04:07:48.388058,
37393980961e0282,https://mc.linkedin.com/jobs/view/stage-risques-op%C3%A9rationnels-et-contr%C3%B4le-permanent-h-f-at-societe-generale-private-banking-sgpb-4449814154,STAGE - Risques Opérationnels et Contrôle Permanent (H/F),,scraped,2026-08-11T04:07:54.933614,
9da5d216b960f95f,https://mc.linkedin.com/jobs/view/stage-risques-op%C3%A9rationnels-et-contr%C3%B4le-permanent-h-f-at-societe-generale-4451437672,STAGE - Risques Opérationnels et Contrôle Permanent (H/F),,scraped,2026-08-11T04:08:01.583337,
14d72a677d42681e,https://mc.linkedin.com/jobs/view/massage-therapist-at-hoolon-wellness-monaco-4349633720,Massage Therapist,,scraped,2026-08-11T04:08:10.864220,
557a3caa569d340d,https://mc.linkedin.com/jobs/view/senior-corporate-accountant-at-camper-nicholsons-4448857715,Senior Corporate Accountant,,scraped,2026-08-11T04:08:33.247474,
2d432ca86870394c,https://mc.linkedin.com/jobs/view/pr%C3%A9parateur-trice-en-pharmacie-at-pharmacie-bughin-4453143554,Préparateur/trice en Pharmacie,Pharmacie BUGHIN,posted,2026-08-13T04:29:40.381125,1757
0e5c1fadc6314d85,https://mc.linkedin.com/jobs/view/caissier-stockiste-monaco-at-cartier-4451913590,Caissier-Stockiste - Monaco,Cartier,posted,2026-08-13T04:29:55.567890,1759
81a6bc42fcdb157b,https://mc.linkedin.com/jobs/view/caissier-stockiste-nice-at-cartier-4451917592,Caissier-Stockiste - Nice,Cartier,posted,2026-08-13T04:30:09.141266,1761
dcf819688254a193,https://mc.linkedin.com/jobs/view/senior-payroll-accountant-at-camper-nicholsons-4451560002,Senior Payroll Accountant,,scraped,2026-08-13T04:30:11.728265,
fb1ff2d845f49ab5,https://mc.linkedin.com/jobs/view/acheteur-projet-offshore-h-f-at-parlym-4450451184,Acheteur Projet Offshore - H/F,,scraped,2026-08-13T04:30:19.499765,
4e8a6a5e8e7d2d3f,https://mc.linkedin.com/jobs/view/competition-office-coordinator-h-f-at-world-athletics-4453133002,Competition Office Coordinator (H/F),,scraped,2026-08-13T04:30:30.262834,
b3cf38b2376d09f1,https://mc.linkedin.com/jobs/view/offre-d-emploi-head-of-credit-risk-f-h-at-cmb-monaco-4451674756,OFFRE D'EMPLOI HEAD OF CREDIT RISK F/H,,scraped,2026-08-13T04:30:41.600203,
cd18b0d01516b04a,https://mc.linkedin.com/jobs/view/fp-a-manager-luxury-group-monaco-h-f-at-talents-finance-4451954181,FP&A Manager - Luxury Group - Monaco (H/F),,scraped,2026-08-13T04:30:51.578876,
5c2df0485ca15d17,https://mc.linkedin.com/jobs/view/responsable-boutique-at-as-monaco-4449386469,Responsable boutique,,scraped,2026-08-13T04:30:59.509261,
d301487a2e41f110,https://mc.linkedin.com/jobs/view/comptable-senior-family-office-at-beyond-potentials-4450341852,Comptable senior - Family office,,scraped,2026-08-13T04:31:09.180319,
341f05200fab0035,https://mc.linkedin.com/jobs/view/compliance-paral%C3%A9gal-s%C3%A9nior-coordinateur-h-f-at-tercio-rh-4439220008,Compliance Paralégal Sénior/coordinateur (H/F),,scraped,2026-08-13T04:31:20.765085,
ecedf594ebb26de9,https://mc.linkedin.com/jobs/view/ing%C3%A9nieur-r%C3%A9seau-cisco-at-inforca-4450144346,Ingénieur réseau Cisco,,scraped,2026-08-13T04:32:36.804867,
3fedfea884b263ae,https://mc.linkedin.com/jobs/view/apprenti-e-gestion-technique-centralis%C3%A9e-at-monaco-telecom-4448089545,Apprenti(e) gestion technique centralisée,,scraped,2026-08-13T04:32:47.059206,
e1679eaf296d24ba,https://mc.linkedin.com/jobs/view/senior-frontend-developer-react-remote-work-at-bairesdev-4451924699,Senior Frontend Developer (React) - Remote Work,BairesDev,posted,2026-08-13T04:32:58.875763,89
4602a3acc987636b,https://mc.linkedin.com/jobs/view/freelance-at-firstsource-4452387226,Freelance,,scraped,2026-08-13T04:33:01.497334,
307e422fc68395e3,https://mc.linkedin.com/jobs/view/avocat-experiment%C3%A9-droit-social-at-cms-monaco-4448770945,Avocat experimenté - Droit social,,scraped,2026-08-13T04:33:08.082864,
5e57975940e8e467,https://mc.linkedin.com/jobs/view/stagiaire-qhse-at-monaco-telecom-4448086643,Stagiaire QHSE,,scraped,2026-08-13T04:33:15.876946,
8dca5772cd2d3e3e,https://mc.linkedin.com/jobs/view/chef-de-partie-p%C3%A2tisserie-h-f-at-la-m%C3%B4me-groupe-4450151812,Chef de Partie Pâtisserie (H/F),,scraped,2026-08-13T04:33:24.207119,
bf8198cd80a435b3,https://mc.linkedin.com/jobs/view/stagiaire-social-media-content-creator-at-ekinsport-4452437036,Stagiaire Social Media & Content Creator,,scraped,2026-08-13T04:33:34.569284,
9d9f605eb50bce9c,https://mc.linkedin.com/jobs/view/juriste-junior-en-droit-des-affaires-%E2%80%93-anglais-courant-at-giraudi-group-4453349421,Juriste Junior en Droit des Affaires – Anglais courant,,scraped,2026-08-13T04:33:43.674543,
cf8391d5e024c426,https://mc.linkedin.com/jobs/view/technical-manager-at-sbm-offshore-4451692437,Technical Manager,,scraped,2026-08-13T04:33:50.547189,
d1ba1894e2f93c09,https://mc.linkedin.com/jobs/view/global-naval-lead-at-sbm-offshore-4360932767,Global Naval Lead,,scraped,2026-08-13T04:33:57.914894,
9313ed4729dacc6d,https://mc.linkedin.com/jobs/view/cash-manager-at-sbm-offshore-4256395652,Cash Manager,,scraped,2026-08-13T04:34:07.258602,
c2296d40167072b4,https://mc.linkedin.com/jobs/view/devops-engineer-ai-model-evaluator-at-mercor-4450563010,DevOps Engineer - AI Model Evaluator,Mercor,posted,2026-08-13T04:34:23.328140,191
d3b91e9873de7657,https://mc.linkedin.com/jobs/view/senior-marine-hose-flexible-pipe-engineer-offshore-m-w-at-parlym-4449374101,Senior Marine Hose Flexible Pipe Engineer - Offshore - M/W,,scraped,2026-08-13T04:34:25.915879,
00c59c4a1c3b1e22,https://mc.linkedin.com/jobs/view/stage-6-mois-agent-de-r%C3%A9servation-at-hospitaliti-4451136233,Stage 6 mois - Agent de réservation,,scraped,2026-08-13T04:34:32.280698,
82ae92b94523e448,https://mc.linkedin.com/jobs/view/stage-agent-de-r%C3%A9servation-6-mois-at-hospitaliti-4451134232,Stage Agent de réservation - 6 mois,,scraped,2026-08-13T04:34:39.111559,
3147a12837980145,https://mc.linkedin.com/jobs/view/stage-guest-relation-6-mois-%C3%A0-partir-d-octobre-2026-at-hospitaliti-4451122479,Stage Guest Relation - 6 mois à partir d'octobre 2026,,scraped,2026-08-13T04:34:45.572277,
16b9880424c7f8bb,https://mc.linkedin.com/jobs/view/private-jets-sales-consultant-42-000-%E2%82%AC-par-an-%2B-10-%25-de-commission-russian-speaking-at-air-charter-service-4452373751,"Private Jets Sales Consultant - 42,000 € par an + 10 % de commission (Russian Speaking)",,scraped,2026-08-13T04:34:51.892330,
df2826fc3a736998,https://mc.linkedin.com/jobs/view/stage-risques-op%C3%A9rationnels-et-contr%C3%B4le-permanent-h-f-at-societe-generale-4451441691,STAGE - Risques Opérationnels et Contrôle Permanent (H/F),,scraped,2026-08-13T04:34:58.685549,
fadd979efec66e62,https://mc.linkedin.com/jobs/view/stage-risques-op%C3%A9rationnels-et-contr%C3%B4le-permanent-h-f-at-societe-generale-private-banking-sgpb-4449819121,STAGE - Risques Opérationnels et Contrôle Permanent (H/F),,scraped,2026-08-13T04:35:05.757095,
5fc362a2eb64d40e,https://mc.linkedin.com/jobs/view/gestionnaire-de-paie-confirm%C3%A9-e-at-expertsign-4454081112,Gestionnaire de Paie confirmé(e),EXPERTSIGN,posted,2026-08-15T03:23:19.154964,1763
f00cc9cb6f051b1e,https://mc.linkedin.com/jobs/view/credit-officer-m-f-at-moncrief-private-bank-4453686430,Credit Officer (M/F),,scraped,2026-08-15T03:23:29.734217,
bd3730139ba7a65d,https://mc.linkedin.com/jobs/view/supply-chain-co-founder-cpo-100-%25-remote-m-f-d-at-ewor-4453717152,Supply Chain Co-Founder / CPO (100 % remote) (m/f/d),,scraped,2026-08-15T03:23:38.391273,
5aff609234b5ed85,https://mc.linkedin.com/jobs/view/r%C3%A9ceptionniste-spa-at-golden-services-4454038753,Réceptionniste Spa,Golden Services,posted,2026-08-15T03:23:56.445566,1765
4ce8fc1e47ba1308,https://mc.linkedin.com/jobs/view/charg%C3%A9-d-%C3%A9tudes-cvc-pb-at-exergy-monaco-4453079319,Chargé d'études CVC-PB,EXERGY MONACO,posted,2026-08-15T03:24:06.222005,1767
4754ddcbb3190c1a,https://mc.linkedin.com/jobs/view/junior-accountant-at-novahunt-4454397637,Junior Accountant,NovaHunt,posted,2026-08-15T03:24:16.507103,1769
25fb1e1bdaaac15d,https://mc.linkedin.com/jobs/view/ing%C3%A9nieur-syst%C3%A8me-linux-devops-at-skoto-4454391764,Ingénieur système Linux Devops,,scraped,2026-08-15T03:24:25.140717,
498876ed3767a476,https://mc.linkedin.com/jobs/view/assistant-e-ex%C3%A9cutif-ve-priv%C3%A9-e-%E2%80%93-monaco-at-mvip-consulting-4451060474,ASSISTANT(E) EXÉCUTIF(VE) PRIVÉ(E) – MONACO,,scraped,2026-08-15T03:24:31.504422,
344bba9c749bbad6,https://mc.linkedin.com/jobs/view/bilingual-customer-support-specialist-french-english-100%25-remote-at-talentpop-app-4453274099,Bilingual Customer Support Specialist (French/English) - 100% Remote,TalentPop App,posted,2026-08-15T03:24:40.589062,231
49db4709bd9d3d31,https://mc.linkedin.com/jobs/view/chef-de-projet-si-finance-at-infotel-monaco-sam-4453671878,Chef de projet SI Finance,,scraped,2026-08-15T03:24:45.174535,
b664a1eeb86130ef,https://mc.linkedin.com/jobs/view/french-bilingual-customer-service-specialist-at-talentpop-app-4453282082,French Bilingual Customer Service Specialist,TalentPop App,posted,2026-08-15T03:24:59.497210,894
a204e32605f25ea5,https://mc.linkedin.com/jobs/view/ing%C3%A9nieur-syst%C3%A8mes-linux-devops-at-infotel-monaco-sam-4454513996,Ingénieur Systèmes Linux DevOps,Infotel Monaco SAM,posted,2026-08-15T03:25:48.522982,1771
b741e8d9a32b0e55,https://mc.linkedin.com/jobs/view/international-digital-marketing-manager-at-3dconnexion-4451221263,International Digital Marketing Manager,,scraped,2026-08-15T03:25:51.185098,
e5d6f1a606bc7620,https://mc.linkedin.com/jobs/view/stagiaire-assistant-direction-housekeeping-%C3%A0-partir-d-octobre-2026-at-hospitaliti-4453247166,Stagiaire - Assistant Direction Housekeeping à partir d'octobre 2026,,scraped,2026-08-15T03:25:58.778610,
842be138a3c96b69,https://mc.linkedin.com/jobs/view/english-language-expert-at-sme-careers-4454099647,English Language Expert,SME Careers,posted,2026-08-15T03:26:11.677453,1773
57f2aa8519f5c98b,https://mc.linkedin.com/jobs/view/stage-coordinatrice-coordinateur-banquet-at-fairmont-hotels-resorts-4452913349,Stage Coordinatrice/Coordinateur Banquet,Fairmont Hotels &amp; Resorts,posted,2026-08-15T03:26:20.647073,1775
ad0782a1e64dadaa,https://mc.linkedin.com/jobs/view/assistant-assistante-at-laboratoires-fort%C3%A9-pharma-4449510603,Assistant/Assistante,,scraped,2026-08-15T03:26:23.230409,
80bb0eef13aec9df,https://mc.linkedin.com/jobs/view/collaborateur-collaboratrice-comptable-junior-at-andbank-monaco-4453145116,Collaborateur / Collaboratrice Comptable Junior,,scraped,2026-08-15T03:26:32.270565,
a65a3c94f517fdd8,https://mc.linkedin.com/jobs/view/stage-assistant-e-de-gestion-at-monte-carlo-business-center-centres-d-affaires-en-principaut%C3%A9-de-monaco-4453686480,STAGE ASSISTANT(E) DE GESTION,,scraped,2026-08-15T03:26:42.435513,
96bf1ae363501b7e,https://mc.linkedin.com/jobs/view/collaborateur-collaboratrice-compliance-at-andbank-monaco-4454032167,Collaborateur / Collaboratrice Compliance,,scraped,2026-08-15T03:26:50.531044,
43746e779af02f7a,https://mc.linkedin.com/jobs/view/stage-6-mois-commercial-equipementier-sportif-septembre-2026-at-ekinsport-4450698978,STAGE 6 MOIS COMMERCIAL EQUIPEMENTIER SPORTIF |  SEPTEMBRE 2026,,scraped,2026-08-15T03:27:02.093764,
cf26856d68bacd94,https://mc.linkedin.com/jobs/view/manager-of-sales-at-thearsenale-4453105644,Manager of Sales,,scraped,2026-08-15T03:27:09.599360,
daf13ca9af760d0b,https://mc.linkedin.com/jobs/view/collaborateurs-trices-comptables-confirm%C3%A9s-es-at-expertsign-4454052373,Collaborateurs(trices) comptables confirmés(es),EXPERTSIGN,posted,2026-08-15T03:27:26.132812,1777
8e733d933c9a8ea0,https://mc.linkedin.com/jobs/view/it-strategy-innovation-manager-at-sbm-offshore-4403667329,IT Strategy & Innovation Manager,,scraped,2026-08-15T03:27:30.680439,
7df05494bc44f130,https://mc.linkedin.com/jobs/view/operations-quality-engineer-at-sbm-offshore-4426043720,Operations Quality Engineer,,scraped,2026-08-15T03:27:40.042647,
da3af8fe5fe8f818,https://mc.linkedin.com/jobs/view/rotating-equipment-engineer-at-sbm-offshore-4453599027,Rotating Equipment Engineer,,scraped,2026-08-15T03:27:47.334934,
8c0ae8c7f36bfbc6,https://mc.linkedin.com/jobs/view/be-proactive-apply%21-installation-project-manager-opportunities-in-monaco-local-contract-at-sbm-offshore-4001553263,Be proactive & Apply! Installation Project Manager opportunities in Monaco (local contract),,scraped,2026-08-15T03:27:54.654950,
147a97cbd95991a5,https://mc.linkedin.com/jobs/view/electrical-engineer-at-sbm-offshore-4453702007,Electrical Engineer,,scraped,2026-08-15T03:28:01.885285,
5f6a6a4ac9c68b6d,https://mc.linkedin.com/jobs/view/project-execution-excellence-manager-at-sbm-offshore-4426044822,Project Execution Excellence Manager,,scraped,2026-08-15T03:28:09.073667,
9b68dae7967a9e75,https://mc.linkedin.com/jobs/view/senior-data-scientist-at-sbm-offshore-4406555162,Senior Data Scientist,,scraped,2026-08-15T03:28:16.328153,
4b1f9c5b330af027,https://mc.linkedin.com/jobs/view/private-jets-sales-consultant-42-000-%E2%82%AC-par-an-%2B-10-%25-de-commission-russian-speaking-at-air-charter-service-4452356823,"Private Jets Sales Consultant - 42,000 € par an + 10 % de commission (Russian Speaking)",,scraped,2026-08-15T03:28:23.603066,
eb6fbb96443335e6,https://mc.linkedin.com/jobs/view/employ%C3%A9-de-maison-monaco-at-madameestservie-net-recrutement-de-personnel-de-maison-de-luxe-4454207295,Employé de maison Monaco,,scraped,2026-08-17T03:32:06.179302,
cfed1860b1850db4,https://mc.linkedin.com/jobs/view/resp-amministrativa-contabile-monaco-at-knet-human-resources-4449872203,RESP. AMMINISTRATIVA CONTABILE MONACO,,scraped,2026-08-17T03:32:19.511082,
80fb1a467bdba295,https://mc.linkedin.com/jobs/view/collaborateur-back-office-moyens-de-paiement-senior-h-f-at-arc-monte-carlo-4452928438,Collaborateur Back-Office Moyens de Paiement Senior (H/F),,scraped,2026-08-17T03:32:35.956732,
33fb399a39afd21f,https://mc.linkedin.com/jobs/view/auxiliaire-sp%C3%A9cialis%C3%A9-v%C3%A9t%C3%A9rinaire-confirm%C3%A9-e-at-clinique-v%C3%A9t%C3%A9rinaire-monaco-fontvieille-4453697100,Auxiliaire Spécialisé Vétérinaire confirmé(e),,scraped,2026-08-17T03:32:56.566001,
3b7d273df6ef5cf4,https://mc.linkedin.com/jobs/view/mechanical-equipment-engineer-m-w-at-parlym-4452343768,Mechanical Equipment Engineer - M/W,,scraped,2026-08-17T03:33:15.247130,
95663f8033767b23,https://mc.linkedin.com/jobs/view/alternance-employ%C3%A9-de-maintenance-h-f-at-ocp-r%C3%A9partition-4436313413,Alternance - Employé de Maintenance (H/F),,scraped,2026-08-17T03:33:25.673200,
62c6111a4f7c98a3,https://mc.linkedin.com/jobs/view/ing%C3%A9nieur-structure-b%C3%A2timent-%E2%80%93-conception-exe-h-f-at-syngenia-4426290960,Ingénieur Structure Bâtiment – Conception & EXE (H/F),,scraped,2026-08-17T03:33:33.864378,
388c0671e2672419,https://mc.linkedin.com/jobs/view/broker-at-amazon-natural-spring-waters-limited-4451226740,Broker,,scraped,2026-08-17T03:33:49.259722,
2fcaca5c136ef4ab,https://mc.linkedin.com/jobs/view/avocat-contentieux-droit-des-affaires-h-f-at-tercio-rh-4451221562,Avocat contentieux droit des affaires (h/f),,scraped,2026-08-17T03:34:28.356289,
1b4d1b709551e0d1,https://mc.linkedin.com/jobs/view/juriste-conseil-s%C3%A9nior-h-f-at-masalex-conseil-4454557244,Juriste conseil sénior h/f,,scraped,2026-08-17T03:34:37.879809,
084313d46556519c,https://mc.linkedin.com/jobs/view/comptable-h-f-at-arc-monte-carlo-4452928426,COMPTABLE (H/F),,scraped,2026-08-17T03:34:44.233532,
b6494f8205eb0c77,https://mc.linkedin.com/jobs/view/stage-rse-6-mois-%C3%A0-partir-de-septembre-2026-at-fairmont-hotels-resorts-4453255330,Stage RSE - 6 mois à partir de septembre 2026,Fairmont Hotels &amp; Resorts,posted,2026-08-17T03:35:10.876008,1779
397536afc132e0bd,https://mc.linkedin.com/jobs/view/stage-rse-6-mois-%C3%A0-partir-de-septembre-2026-at-hospitaliti-4453258104,Stage RSE - 6 mois à partir de septembre 2026,,scraped,2026-08-17T03:35:17.459733,
c775c842d92ecd56,https://mc.linkedin.com/jobs/view/night-audit-at-monte-carlo-soci%C3%A9t%C3%A9-des-bains-de-mer-4454248433,Night Audit,,scraped,2026-08-19T03:28:11.958400,
3514ebf226737eca,https://mc.linkedin.com/jobs/view/charter-management-support-at-y-co-4454290256,Charter Management Support,,scraped,2026-08-19T03:28:26.896338,
09e6afd25dd94851,https://mc.linkedin.com/jobs/view/employ%C3%A9-de-maison-monaco-at-madameestservie-net-recrutement-de-personnel-de-maison-de-luxe-4454788320,Employé de maison Monaco,,scraped,2026-08-19T03:28:33.194678,
649a66a530617b98,https://mc.linkedin.com/jobs/view/junior-office-assistant-at-unite-4455288124,Junior Office Assistant,,scraped,2026-08-19T03:28:45.505151,
a5a74eb438750429,https://mc.linkedin.com/jobs/view/premium-advisory-specialist-at-ubs-4454777410,Premium Advisory Specialist,UBS,posted,2026-08-19T03:29:03.776893,1781
7a23d16b71358342,https://mc.linkedin.com/jobs/view/cdd-12-mois-sp%C3%A9cialiste-contr%C3%B4le-permanent-at-beyond-potentials-4454704522,CDD 12 mois -  Spécialiste Contrôle Permanent,,scraped,2026-08-19T03:29:10.460875,
580721b6abe4f2f3,https://mc.linkedin.com/jobs/view/coordinateur-%C3%A9v%C3%A8nementiel-at-monte-carlo-soci%C3%A9t%C3%A9-des-bains-de-mer-4454254400,Coordinateur évènementiel,,scraped,2026-08-19T03:29:23.619869,
fe3fd0c48096d3fe,https://mc.linkedin.com/jobs/view/responsable-lab-ft-p-c-4455715256,Responsable LAB/FT-P-C,Landmark Management SAM,posted,2026-08-19T03:29:35.056577,1783
7da759fdc9d0e394,https://mc.linkedin.com/jobs/view/lead-technique-linux-devops-h-f-cdi-monaco-at-inforca-4454415710,Lead Technique Linux / DevOps H/F - CDI - Monaco,,scraped,2026-08-19T03:29:43.758091,
0991ba9e10e83faf,https://mc.linkedin.com/jobs/view/executive-assistant-head-of-executive-office-at-norman-alex-4454711472,Executive Assistant / Head of Executive Office,,scraped,2026-08-19T03:29:54.063226,
b369e28e2e6ea705,https://mc.linkedin.com/jobs/view/customer-success-specialist-at-dhl-ecommerce-4453270017,Customer Success Specialist,DHL eCommerce,posted,2026-08-19T03:30:15.426968,1785
986ba4a8f669de1c,https://mc.linkedin.com/jobs/view/ingenieur-bi-analytics-et-data-science-h-f-cdi-monaco-at-inforca-4454251325,"INGENIEUR BI, Analytics et Data Science H/F - CDI - Monaco",,scraped,2026-08-19T03:30:20.129660,
632cd5d4c099bdbc,https://mc.linkedin.com/jobs/view/stage-coordinatrice-coordinateur-banquet-at-novotel-inle-lake-myat-min-4453681367,Stage Coordinatrice/Coordinateur Banquet,Novotel Inle Lake Myat Min,posted,2026-08-19T03:30:30.553754,1775
df38c84a0ece95be,https://mc.linkedin.com/jobs/view/h%C3%B4te-h%C3%B4tesse-d-accueil-at-la-m%C3%B4me-groupe-4452287172,Hôte / Hôtesse d'accueil,,scraped,2026-08-19T03:30:45.188692,
98718abf705fbc4e,https://mc.linkedin.com/jobs/view/change-management-business-partner-at-sbm-offshore-4415077430,Change Management Business Partner,,scraped,2026-08-19T03:30:58.171464,
2bc9b6b749abf833,https://mc.linkedin.com/jobs/view/artificial-intelligence-co-founder-head-of-product-100-%25-remote-m-f-d-at-ewor-4453712165,Artificial Intelligence Co-Founder / Head of Product (100 % remote) (m/f/d),,scraped,2026-08-19T03:31:05.705481,
0e93b438c9fb4549,https://mc.linkedin.com/jobs/view/global-rotating-equipment-lead-at-sbm-offshore-4453599027,Global Rotating Equipment Lead,,scraped,2026-08-19T03:31:14.504538,
d48098bb5b98c433,https://mc.linkedin.com/jobs/view/global-electrical-lead-at-sbm-offshore-4453702007,Global Electrical Lead,,scraped,2026-08-19T03:31:24.023517,
e4db60c88e597294,https://mc.linkedin.com/jobs/view/head-of-event-operations-h-f-at-world-athletics-4453109968,Head of Event Operations (H/F),,scraped,2026-08-19T03:31:37.630403,
295753807978e0d6,https://mc.linkedin.com/jobs/view/chef-de-partie-cuisine-h-f-at-la-m%C3%B4me-groupe-4452277266,Chef de Partie Cuisine (H/F),,scraped,2026-08-19T03:31:45.410077,
515c9fa8c23892d3,https://mc.linkedin.com/jobs/view/attorney-and-lawyer-at-sme-careers-4454307529,Attorney and Lawyer,SME Careers,posted,2026-08-19T03:32:00.397717,1787
e28404a3fdfe61d3,https://mc.linkedin.com/jobs/view/r%C3%A9dacteur-principal-r%C3%A9dactrice-principale-at-gouvernement-monaco-4454503303,Rédacteur principal/Rédactrice principale,,scraped,2026-08-21T03:34:06.485322,
7a214dbefe892690,https://mc.linkedin.com/jobs/view/cx-operations-manager-tooling-at-remote-4454323734,"CX Operations Manager, Tooling",Remote,posted,2026-08-21T03:34:24.132947,1789
a14d379af8fed0b9,https://mc.linkedin.com/jobs/view/recruiter-research-consultant-at-white-castle-partners-4456706448,Recruiter - Research Consultant,,scraped,2026-08-21T03:34:26.801460,
33911eceb2da692b,https://mc.linkedin.com/jobs/view/investment-advisor-senior-at-beyond-potentials-4454709471,Investment advisor Senior,,scraped,2026-08-21T03:34:33.465158,
404efaa5141b5280,https://mc.linkedin.com/jobs/view/boucheron-cdi-sales-associate-f-h-x-at-boucheron-4455420390,BOUCHERON - CDI - Sales Associate F/H/X,Boucheron,posted,2026-08-21T03:34:54.509743,1791
72a2009a34c9ba6b,https://mc.linkedin.com/jobs/view/juriste-en-contentieux-des-affaires-h-f-at-masalex-conseil-4456176939,Juriste en contentieux des affaires h/f,,scraped,2026-08-21T03:34:57.100989,
5529d956601e4e0c,https://mc.linkedin.com/jobs/view/juriste-conseil-en-droit-des-affaires-h-f-at-masalex-conseil-4456185839,Juriste conseil en droit des affaires h/f,,scraped,2026-08-21T03:35:07.438378,
70c26dfb187cbe70,https://mc.linkedin.com/jobs/view/coordinatrice-rh-et-formation-at-fairmont-monte-carlo-4456484223,Coordinatrice RH et FORMATION,,scraped,2026-08-21T03:35:17.608652,
af45d1ca724a0691,https://mc.linkedin.com/jobs/view/marketing-manager-at-lmdv-hospitality-group-4456726496,Marketing Manager,LMDV Hospitality Group,posted,2026-08-21T03:35:35.615080,1793
a5d149036fd35b32,https://mc.linkedin.com/jobs/view/agent-immobilier-4456498602,Agent immobilier,Monaco Property Management,posted,2026-08-21T03:35:43.779994,1795
464d3ec402507a1d,https://mc.linkedin.com/jobs/view/junior-yacht-sales-advisor-at-camper-nicholsons-4443955313,Junior Yacht Sales Advisor,,scraped,2026-08-21T03:35:46.459705,
be9c2a6a886bf59f,https://mc.linkedin.com/jobs/view/analyste-grc-pki-h-f-%E2%80%93-monaco-%E2%80%93-cdi-at-inforca-4456498369,ANALYSTE GRC / PKI - H/F – Monaco – CDI,,scraped,2026-08-21T03:35:59.159665,
399f397a89464f45,https://mc.linkedin.com/jobs/view/international-digital-marketing-manager-at-3dconnexion-4453425304,International Digital Marketing Manager,,scraped,2026-08-21T03:36:06.910596,
1f7f6dc58a91bd5f,https://mc.linkedin.com/jobs/view/chef-fe-de-brigade-h-f-at-novotel-monte-carlo-4456196047,Chef(fe) de Brigade H/F,,scraped,2026-08-21T03:36:14.791439,
4b64ef41d6e4716d,https://mc.linkedin.com/jobs/view/analyste-pki-h-f-%E2%80%93-monaco-%E2%80%93-cdi-at-inforca-4455624205,Analyste PKI - H/F – Monaco – CDI,,scraped,2026-08-21T03:36:21.300124,
68c6c85c51b5b0d2,https://mc.linkedin.com/jobs/view/commis-de-cuisine-h-f-at-giraudi-group-4455771814,Commis de Cuisine H/F,,scraped,2026-08-21T03:36:28.947997,
74988144ae2a2739,https://mc.linkedin.com/jobs/view/apprenti-e-d%C3%A9veloppeur-se-qa-at-monaco-telecom-4453884814,Apprenti(e) développeur(se) QA,,scraped,2026-08-21T03:36:37.682598,
b9ea7e70a076c509,https://mc.linkedin.com/jobs/view/commis-de-cuisine-h-f-%E2%80%93-beefbar-monaco-at-beefbar-global-4455783666,Commis de Cuisine (H/F) – Beefbar Monaco,,scraped,2026-08-21T03:36:49.161144,
8680cd10381cbc97,https://mc.linkedin.com/jobs/view/it-strategy-innovation-manager-at-airswift-4456493915,IT Strategy & Innovation Manager,Airswift,posted,2026-08-21T03:37:06.242948,1797
610307278514992e,https://mc.linkedin.com/jobs/view/stagiaire-charg%C3%A9-e-de-missions-rse-hse-at-monaco-telecom-4453895329,Stagiaire Chargé(e) de missions RSE & HSE,,scraped,2026-08-21T03:37:08.809867,
323e0e75343f3cfc,https://mc.linkedin.com/jobs/view/junior-hr-assistant-at-novahunt-4454398893,Junior HR Assistant,NovaHunt,posted,2026-08-21T03:37:23.671865,1799
cb3c75197c78204d,https://mc.linkedin.com/jobs/view/coordinatrice-coordinateur-rh-et-formation-at-fairmont-hotels-resorts-4443867394,Coordinatrice/Coordinateur RH et Formation,Fairmont Hotels &amp; Resorts,posted,2026-08-21T03:37:40.642074,1801
01a5232d26269f17,https://mc.linkedin.com/jobs/view/stage-assistant-e-directeur-h%C3%A9bergement-%C3%A0-partir-d-octobre-2026-at-fairmont-hotels-resorts-4455675906,Stage Assistant (e) Directeur Hébergement à partir d'octobre 2026,Fairmont Hotels &amp; Resorts,posted,2026-08-21T03:38:00.004069,1803
96686fb971c8362d,https://mc.linkedin.com/jobs/view/creative-intern-%C2%B7-art-direction-graphic-design-motion-at-ucfm-4455729099,"Creative Intern · Art Direction, Graphic Design & Motion",UCFM,posted,2026-08-21T03:38:10.223806,1805
f88e736d24f39b95,https://mc.linkedin.com/jobs/view/analyste-pki-h-f-at-infotel-monaco-sam-4456752043,Analyste PKI (H/F),,scraped,2026-08-21T03:38:12.869367,
a81deb2d2334aee0,https://mc.linkedin.com/jobs/view/product-owner-ia-h-f-cdd-ou-free-lance-monaco-at-inforca-4455612999,Product Owner IA H/F - CDD ou free lance - Monaco,,scraped,2026-08-21T03:38:25.929993,
